ISO-10303-21;
HEADER;
FILE_DESCRIPTION(('FreeCAD Model'),'2;1');
FILE_NAME('Battery-Holder-9v.step','2024-11-20T12:21:29',
  ('Luc Hondareyte'),(''),
  'Open CASCADE STEP processor 7.8','FreeCAD','Unknown');
FILE_SCHEMA(('AUTOMOTIVE_DESIGN { 1 0 10303 214 1 1 1 1 }'));
ENDSEC;
DATA;
#1 = APPLICATION_PROTOCOL_DEFINITION('international standard',
  'automotive_design',2000,#2);
#2 = APPLICATION_CONTEXT(
  'core data for automotive mechanical design processes');
#3 = SHAPE_DEFINITION_REPRESENTATION(#4,#10);
#4 = PRODUCT_DEFINITION_SHAPE('','',#5);
#5 = PRODUCT_DEFINITION('design','',#6,#9);
#6 = PRODUCT_DEFINITION_FORMATION('','',#7);
#7 = PRODUCT('_v_battery_holder','_v_battery_holder','',(#8));
#8 = PRODUCT_CONTEXT('',#2,'mechanical');
#9 = PRODUCT_DEFINITION_CONTEXT('part definition',#2,'design');
#10 = SHAPE_REPRESENTATION('',(#11,#15,#19,#23,#27,#31,#35),#39);
#11 = AXIS2_PLACEMENT_3D('',#12,#13,#14);
#12 = CARTESIAN_POINT('',(0.,0.,0.));
#13 = DIRECTION('',(0.,0.,1.));
#14 = DIRECTION('',(1.,0.,-0.));
#15 = AXIS2_PLACEMENT_3D('',#16,#17,#18);
#16 = CARTESIAN_POINT('',(0.,0.,0.));
#17 = DIRECTION('',(0.,0.,1.));
#18 = DIRECTION('',(1.,0.,0.));
#19 = AXIS2_PLACEMENT_3D('',#20,#21,#22);
#20 = CARTESIAN_POINT('',(25.,0.,0.));
#21 = DIRECTION('',(0.,0.,1.));
#22 = DIRECTION('',(1.,0.,0.));
#23 = AXIS2_PLACEMENT_3D('',#24,#25,#26);
#24 = CARTESIAN_POINT('',(25.,13.,0.));
#25 = DIRECTION('',(0.,0.,1.));
#26 = DIRECTION('',(1.,0.,0.));
#27 = AXIS2_PLACEMENT_3D('',#28,#29,#30);
#28 = CARTESIAN_POINT('',(-1.5,0.,-16.));
#29 = DIRECTION('',(0.,0.,1.));
#30 = DIRECTION('',(1.,0.,0.));
#31 = AXIS2_PLACEMENT_3D('',#32,#33,#34);
#32 = CARTESIAN_POINT('',(22.,0.,0.));
#33 = DIRECTION('',(0.,0.,1.));
#34 = DIRECTION('',(1.,0.,0.));
#35 = AXIS2_PLACEMENT_3D('',#36,#37,#38);
#36 = CARTESIAN_POINT('',(22.,13.,0.));
#37 = DIRECTION('',(0.,0.,1.));
#38 = DIRECTION('',(1.,0.,0.));
#39 = ( GEOMETRIC_REPRESENTATION_CONTEXT(3) 
GLOBAL_UNCERTAINTY_ASSIGNED_CONTEXT((#43)) GLOBAL_UNIT_ASSIGNED_CONTEXT(
(#40,#41,#42)) REPRESENTATION_CONTEXT('Context #1',
  '3D Context with UNIT and UNCERTAINTY') );
#40 = ( LENGTH_UNIT() NAMED_UNIT(*) SI_UNIT(.MILLI.,.METRE.) );
#41 = ( NAMED_UNIT(*) PLANE_ANGLE_UNIT() SI_UNIT($,.RADIAN.) );
#42 = ( NAMED_UNIT(*) SI_UNIT($,.STERADIAN.) SOLID_ANGLE_UNIT() );
#43 = UNCERTAINTY_MEASURE_WITH_UNIT(LENGTH_MEASURE(2.E-05),#40,
  'distance_accuracy_value','confusion accuracy');
#44 = PRODUCT_RELATED_PRODUCT_CATEGORY('part',$,(#7));
#45 = SHAPE_DEFINITION_REPRESENTATION(#46,#52);
#46 = PRODUCT_DEFINITION_SHAPE('','',#47);
#47 = PRODUCT_DEFINITION('design','',#48,#51);
#48 = PRODUCT_DEFINITION_FORMATION('','',#49);
#49 = PRODUCT('butee','butee','',(#50));
#50 = PRODUCT_CONTEXT('',#2,'mechanical');
#51 = PRODUCT_DEFINITION_CONTEXT('part definition',#2,'design');
#52 = ADVANCED_BREP_SHAPE_REPRESENTATION('',(#11,#53),#2547);
#53 = MANIFOLD_SOLID_BREP('',#54);
#54 = CLOSED_SHELL('',(#55,#95,#126,#157,#188,#294,#325,#349,#373,#404,
    #428,#452,#476,#658,#699,#741,#764,#776,#843,#868,#888,#931,#957,
    #982,#1002,#1045,#1071,#1331,#1353,#1370,#1387,#1409,#1426,#1443,
    #1467,#1491,#1515,#1539,#1570,#1594,#1618,#1642,#1673,#1697,#1721,
    #1745,#1776,#1800,#1824,#1841,#1866,#1891,#1916,#1935,#1954,#1980,
    #2006,#2026,#2046,#2066,#2091,#2134,#2159,#2169,#2195,#2220,#2240,
    #2265,#2275,#2285,#2308,#2335,#2360,#2380,#2405,#2432,#2457,#2477,
    #2502,#2525));
#55 = ADVANCED_FACE('',(#56),#90,.T.);
#56 = FACE_BOUND('',#57,.T.);
#57 = EDGE_LOOP('',(#58,#68,#76,#84));
#58 = ORIENTED_EDGE('',*,*,#59,.F.);
#59 = EDGE_CURVE('',#60,#62,#64,.T.);
#60 = VERTEX_POINT('',#61);
#61 = CARTESIAN_POINT('',(24.,15.25,-15.));
#62 = VERTEX_POINT('',#63);
#63 = CARTESIAN_POINT('',(1.,15.25,0.));
#64 = LINE('',#65,#66);
#65 = CARTESIAN_POINT('',(24.,15.25,-15.));
#66 = VECTOR('',#67,1.);
#67 = DIRECTION('',(-0.837610596839,-1.2E-16,0.546267780547));
#68 = ORIENTED_EDGE('',*,*,#69,.T.);
#69 = EDGE_CURVE('',#60,#70,#72,.T.);
#70 = VERTEX_POINT('',#71);
#71 = CARTESIAN_POINT('',(24.,13.65,-15.));
#72 = LINE('',#73,#74);
#73 = CARTESIAN_POINT('',(24.,15.25,-15.));
#74 = VECTOR('',#75,1.);
#75 = DIRECTION('',(0.,-1.,2.2E-16));
#76 = ORIENTED_EDGE('',*,*,#77,.F.);
#77 = EDGE_CURVE('',#78,#70,#80,.T.);
#78 = VERTEX_POINT('',#79);
#79 = CARTESIAN_POINT('',(1.,13.65,1.E-15));
#80 = LINE('',#81,#82);
#81 = CARTESIAN_POINT('',(20.971717506631,13.65,-13.02503315649));
#82 = VECTOR('',#83,1.);
#83 = DIRECTION('',(0.837610596839,0.,-0.546267780547));
#84 = ORIENTED_EDGE('',*,*,#85,.F.);
#85 = EDGE_CURVE('',#62,#78,#86,.T.);
#86 = LINE('',#87,#88);
#87 = CARTESIAN_POINT('',(1.,15.25,-3.78E-15));
#88 = VECTOR('',#89,1.);
#89 = DIRECTION('',(0.,-1.,2.2E-16));
#90 = PLANE('',#91);
#91 = AXIS2_PLACEMENT_3D('',#92,#93,#94);
#92 = CARTESIAN_POINT('',(24.,15.25,-15.));
#93 = DIRECTION('',(-0.546267780547,-1.9E-16,-0.837610596839));
#94 = DIRECTION('',(-0.837610596839,1.2E-16,0.546267780547));
#95 = ADVANCED_FACE('',(#96),#121,.F.);
#96 = FACE_BOUND('',#97,.F.);
#97 = EDGE_LOOP('',(#98,#106,#114,#120));
#98 = ORIENTED_EDGE('',*,*,#99,.T.);
#99 = EDGE_CURVE('',#78,#100,#102,.T.);
#100 = VERTEX_POINT('',#101);
#101 = CARTESIAN_POINT('',(25.15,13.65,3.E-15));
#102 = LINE('',#103,#104);
#103 = CARTESIAN_POINT('',(20.5,13.65,0.));
#104 = VECTOR('',#105,1.);
#105 = DIRECTION('',(1.,-1.2E-16,0.));
#106 = ORIENTED_EDGE('',*,*,#107,.T.);
#107 = EDGE_CURVE('',#100,#108,#110,.T.);
#108 = VERTEX_POINT('',#109);
#109 = CARTESIAN_POINT('',(25.15,13.65,-15.));
#110 = LINE('',#111,#112);
#111 = CARTESIAN_POINT('',(25.15,13.65,-4.1E-16));
#112 = VECTOR('',#113,1.);
#113 = DIRECTION('',(0.,0.,-1.));
#114 = ORIENTED_EDGE('',*,*,#115,.F.);
#115 = EDGE_CURVE('',#70,#108,#116,.T.);
#116 = LINE('',#117,#118);
#117 = CARTESIAN_POINT('',(26.075,13.65,-15.));
#118 = VECTOR('',#119,1.);
#119 = DIRECTION('',(1.,0.,0.));
#120 = ORIENTED_EDGE('',*,*,#77,.F.);
#121 = PLANE('',#122);
#122 = AXIS2_PLACEMENT_3D('',#123,#124,#125);
#123 = CARTESIAN_POINT('',(25.15,13.65,-4.1E-16));
#124 = DIRECTION('',(0.,1.,0.));
#125 = DIRECTION('',(-1.,0.,0.));
#126 = ADVANCED_FACE('',(#127),#152,.F.);
#127 = FACE_BOUND('',#128,.F.);
#128 = EDGE_LOOP('',(#129,#137,#145,#151));
#129 = ORIENTED_EDGE('',*,*,#130,.F.);
#130 = EDGE_CURVE('',#131,#100,#133,.T.);
#131 = VERTEX_POINT('',#132);
#132 = CARTESIAN_POINT('',(25.15,8.999999999984,2.E-15));
#133 = LINE('',#134,#135);
#134 = CARTESIAN_POINT('',(25.15,-13.65,-3.44E-15));
#135 = VECTOR('',#136,1.);
#136 = DIRECTION('',(0.,1.,2.2E-16));
#137 = ORIENTED_EDGE('',*,*,#138,.F.);
#138 = EDGE_CURVE('',#139,#131,#141,.T.);
#139 = VERTEX_POINT('',#140);
#140 = CARTESIAN_POINT('',(25.15,8.999999999984,-15.));
#141 = LINE('',#142,#143);
#142 = CARTESIAN_POINT('',(25.15,8.999999999984,-7.5));
#143 = VECTOR('',#144,1.);
#144 = DIRECTION('',(0.,0.,1.));
#145 = ORIENTED_EDGE('',*,*,#146,.F.);
#146 = EDGE_CURVE('',#108,#139,#147,.T.);
#147 = LINE('',#148,#149);
#148 = CARTESIAN_POINT('',(25.15,0.8,-15.));
#149 = VECTOR('',#150,1.);
#150 = DIRECTION('',(0.,-1.,2.2E-16));
#151 = ORIENTED_EDGE('',*,*,#107,.F.);
#152 = PLANE('',#153);
#153 = AXIS2_PLACEMENT_3D('',#154,#155,#156);
#154 = CARTESIAN_POINT('',(25.15,-13.65,-4.1E-16));
#155 = DIRECTION('',(1.,0.,0.));
#156 = DIRECTION('',(0.,1.,0.));
#157 = ADVANCED_FACE('',(#158),#183,.F.);
#158 = FACE_BOUND('',#159,.F.);
#159 = EDGE_LOOP('',(#160,#168,#169,#177));
#160 = ORIENTED_EDGE('',*,*,#161,.F.);
#161 = EDGE_CURVE('',#139,#162,#164,.T.);
#162 = VERTEX_POINT('',#163);
#163 = CARTESIAN_POINT('',(25.5,8.999999999984,-15.));
#164 = LINE('',#165,#166);
#165 = CARTESIAN_POINT('',(20.500000000016,8.999999999984,-15.));
#166 = VECTOR('',#167,1.);
#167 = DIRECTION('',(1.,0.,0.));
#168 = ORIENTED_EDGE('',*,*,#138,.T.);
#169 = ORIENTED_EDGE('',*,*,#170,.F.);
#170 = EDGE_CURVE('',#171,#131,#173,.T.);
#171 = VERTEX_POINT('',#172);
#172 = CARTESIAN_POINT('',(25.5,8.999999999984,0.));
#173 = LINE('',#174,#175);
#174 = CARTESIAN_POINT('',(10.750000000008,8.999999999984,-1.97E-15));
#175 = VECTOR('',#176,1.);
#176 = DIRECTION('',(-1.,-0.,-2.E-17));
#177 = ORIENTED_EDGE('',*,*,#178,.F.);
#178 = EDGE_CURVE('',#162,#171,#179,.T.);
#179 = LINE('',#180,#181);
#180 = CARTESIAN_POINT('',(25.5,8.999999999984,-15.));
#181 = VECTOR('',#182,1.);
#182 = DIRECTION('',(0.,0.,1.));
#183 = PLANE('',#184);
#184 = AXIS2_PLACEMENT_3D('',#185,#186,#187);
#185 = CARTESIAN_POINT('',(20.500000000016,8.999999999984,-15.));
#186 = DIRECTION('',(0.,1.,0.));
#187 = DIRECTION('',(1.,0.,0.));
#188 = ADVANCED_FACE('',(#189),#289,.T.);
#189 = FACE_BOUND('',#190,.T.);
#190 = EDGE_LOOP('',(#191,#199,#207,#215,#223,#231,#239,#247,#255,#263,
    #271,#279,#285,#286,#287,#288));
#191 = ORIENTED_EDGE('',*,*,#192,.F.);
#192 = EDGE_CURVE('',#193,#60,#195,.T.);
#193 = VERTEX_POINT('',#194);
#194 = CARTESIAN_POINT('',(27.,15.25,-15.));
#195 = LINE('',#196,#197);
#196 = CARTESIAN_POINT('',(27.,15.25,-15.));
#197 = VECTOR('',#198,1.);
#198 = DIRECTION('',(-1.,0.,0.));
#199 = ORIENTED_EDGE('',*,*,#200,.T.);
#200 = EDGE_CURVE('',#193,#201,#203,.T.);
#201 = VERTEX_POINT('',#202);
#202 = CARTESIAN_POINT('',(27.,-15.25,-15.));
#203 = LINE('',#204,#205);
#204 = CARTESIAN_POINT('',(27.,15.25,-15.));
#205 = VECTOR('',#206,1.);
#206 = DIRECTION('',(0.,-1.,2.2E-16));
#207 = ORIENTED_EDGE('',*,*,#208,.T.);
#208 = EDGE_CURVE('',#201,#209,#211,.T.);
#209 = VERTEX_POINT('',#210);
#210 = CARTESIAN_POINT('',(24.,-15.25,-15.));
#211 = LINE('',#212,#213);
#212 = CARTESIAN_POINT('',(27.,-15.25,-15.));
#213 = VECTOR('',#214,1.);
#214 = DIRECTION('',(-1.,0.,0.));
#215 = ORIENTED_EDGE('',*,*,#216,.F.);
#216 = EDGE_CURVE('',#217,#209,#219,.T.);
#217 = VERTEX_POINT('',#218);
#218 = CARTESIAN_POINT('',(24.,-13.65,-15.));
#219 = LINE('',#220,#221);
#220 = CARTESIAN_POINT('',(24.,15.25,-15.));
#221 = VECTOR('',#222,1.);
#222 = DIRECTION('',(0.,-1.,2.2E-16));
#223 = ORIENTED_EDGE('',*,*,#224,.F.);
#224 = EDGE_CURVE('',#225,#217,#227,.T.);
#225 = VERTEX_POINT('',#226);
#226 = CARTESIAN_POINT('',(25.15,-13.65,-15.));
#227 = LINE('',#228,#229);
#228 = CARTESIAN_POINT('',(13.5,-13.65,-15.));
#229 = VECTOR('',#230,1.);
#230 = DIRECTION('',(-1.,0.,0.));
#231 = ORIENTED_EDGE('',*,*,#232,.F.);
#232 = EDGE_CURVE('',#233,#225,#235,.T.);
#233 = VERTEX_POINT('',#234);
#234 = CARTESIAN_POINT('',(25.15,-9.,-15.));
#235 = LINE('',#236,#237);
#236 = CARTESIAN_POINT('',(25.15,0.8,-15.));
#237 = VECTOR('',#238,1.);
#238 = DIRECTION('',(0.,-1.,2.2E-16));
#239 = ORIENTED_EDGE('',*,*,#240,.F.);
#240 = EDGE_CURVE('',#241,#233,#243,.T.);
#241 = VERTEX_POINT('',#242);
#242 = CARTESIAN_POINT('',(25.5,-9.,-15.));
#243 = LINE('',#244,#245);
#244 = CARTESIAN_POINT('',(25.5,-9.,-15.));
#245 = VECTOR('',#246,1.);
#246 = DIRECTION('',(-1.,0.,0.));
#247 = ORIENTED_EDGE('',*,*,#248,.F.);
#248 = EDGE_CURVE('',#249,#241,#251,.T.);
#249 = VERTEX_POINT('',#250);
#250 = CARTESIAN_POINT('',(25.5,-4.,-15.));
#251 = LINE('',#252,#253);
#252 = CARTESIAN_POINT('',(25.5,-4.,-15.));
#253 = VECTOR('',#254,1.);
#254 = DIRECTION('',(0.,-1.,-2.2E-16));
#255 = ORIENTED_EDGE('',*,*,#256,.F.);
#256 = EDGE_CURVE('',#257,#249,#259,.T.);
#257 = VERTEX_POINT('',#258);
#258 = CARTESIAN_POINT('',(25.15,-4.,-15.));
#259 = LINE('',#260,#261);
#260 = CARTESIAN_POINT('',(20.5,-4.,-15.));
#261 = VECTOR('',#262,1.);
#262 = DIRECTION('',(1.,0.,0.));
#263 = ORIENTED_EDGE('',*,*,#264,.F.);
#264 = EDGE_CURVE('',#265,#257,#267,.T.);
#265 = VERTEX_POINT('',#266);
#266 = CARTESIAN_POINT('',(25.15,4.,-15.));
#267 = LINE('',#268,#269);
#268 = CARTESIAN_POINT('',(25.15,0.8,-15.));
#269 = VECTOR('',#270,1.);
#270 = DIRECTION('',(0.,-1.,2.2E-16));
#271 = ORIENTED_EDGE('',*,*,#272,.F.);
#272 = EDGE_CURVE('',#273,#265,#275,.T.);
#273 = VERTEX_POINT('',#274);
#274 = CARTESIAN_POINT('',(25.5,4.,-15.));
#275 = LINE('',#276,#277);
#276 = CARTESIAN_POINT('',(25.5,4.,-15.));
#277 = VECTOR('',#278,1.);
#278 = DIRECTION('',(-1.,0.,0.));
#279 = ORIENTED_EDGE('',*,*,#280,.F.);
#280 = EDGE_CURVE('',#162,#273,#281,.T.);
#281 = LINE('',#282,#283);
#282 = CARTESIAN_POINT('',(25.5,8.999999999984,-15.));
#283 = VECTOR('',#284,1.);
#284 = DIRECTION('',(0.,-1.,-2.2E-16));
#285 = ORIENTED_EDGE('',*,*,#161,.F.);
#286 = ORIENTED_EDGE('',*,*,#146,.F.);
#287 = ORIENTED_EDGE('',*,*,#115,.F.);
#288 = ORIENTED_EDGE('',*,*,#69,.F.);
#289 = PLANE('',#290);
#290 = AXIS2_PLACEMENT_3D('',#291,#292,#293);
#291 = CARTESIAN_POINT('',(27.,15.25,-15.));
#292 = DIRECTION('',(0.,-2.2E-16,-1.));
#293 = DIRECTION('',(-1.,0.,0.));
#294 = ADVANCED_FACE('',(#295),#320,.F.);
#295 = FACE_BOUND('',#296,.F.);
#296 = EDGE_LOOP('',(#297,#298,#306,#314));
#297 = ORIENTED_EDGE('',*,*,#272,.F.);
#298 = ORIENTED_EDGE('',*,*,#299,.T.);
#299 = EDGE_CURVE('',#273,#300,#302,.T.);
#300 = VERTEX_POINT('',#301);
#301 = CARTESIAN_POINT('',(25.5,4.,0.));
#302 = LINE('',#303,#304);
#303 = CARTESIAN_POINT('',(25.5,4.,-15.));
#304 = VECTOR('',#305,1.);
#305 = DIRECTION('',(0.,0.,1.));
#306 = ORIENTED_EDGE('',*,*,#307,.F.);
#307 = EDGE_CURVE('',#308,#300,#310,.T.);
#308 = VERTEX_POINT('',#309);
#309 = CARTESIAN_POINT('',(25.15,4.,0.));
#310 = LINE('',#311,#312);
#311 = CARTESIAN_POINT('',(13.25,4.,-1.08E-15));
#312 = VECTOR('',#313,1.);
#313 = DIRECTION('',(1.,0.,2.E-17));
#314 = ORIENTED_EDGE('',*,*,#315,.T.);
#315 = EDGE_CURVE('',#308,#265,#316,.T.);
#316 = LINE('',#317,#318);
#317 = CARTESIAN_POINT('',(25.15,4.,-7.5));
#318 = VECTOR('',#319,1.);
#319 = DIRECTION('',(0.,0.,-1.));
#320 = PLANE('',#321);
#321 = AXIS2_PLACEMENT_3D('',#322,#323,#324);
#322 = CARTESIAN_POINT('',(25.5,4.,-15.));
#323 = DIRECTION('',(0.,-1.,0.));
#324 = DIRECTION('',(-1.,0.,0.));
#325 = ADVANCED_FACE('',(#326),#344,.F.);
#326 = FACE_BOUND('',#327,.F.);
#327 = EDGE_LOOP('',(#328,#336,#342,#343));
#328 = ORIENTED_EDGE('',*,*,#329,.F.);
#329 = EDGE_CURVE('',#330,#308,#332,.T.);
#330 = VERTEX_POINT('',#331);
#331 = CARTESIAN_POINT('',(25.15,-4.,-1.E-15));
#332 = LINE('',#333,#334);
#333 = CARTESIAN_POINT('',(25.15,-13.65,-3.44E-15));
#334 = VECTOR('',#335,1.);
#335 = DIRECTION('',(0.,1.,2.2E-16));
#336 = ORIENTED_EDGE('',*,*,#337,.F.);
#337 = EDGE_CURVE('',#257,#330,#338,.T.);
#338 = LINE('',#339,#340);
#339 = CARTESIAN_POINT('',(25.15,-4.,-7.5));
#340 = VECTOR('',#341,1.);
#341 = DIRECTION('',(0.,0.,1.));
#342 = ORIENTED_EDGE('',*,*,#264,.F.);
#343 = ORIENTED_EDGE('',*,*,#315,.F.);
#344 = PLANE('',#345);
#345 = AXIS2_PLACEMENT_3D('',#346,#347,#348);
#346 = CARTESIAN_POINT('',(25.15,-13.65,-4.1E-16));
#347 = DIRECTION('',(1.,0.,0.));
#348 = DIRECTION('',(0.,1.,0.));
#349 = ADVANCED_FACE('',(#350),#368,.F.);
#350 = FACE_BOUND('',#351,.F.);
#351 = EDGE_LOOP('',(#352,#353,#354,#362));
#352 = ORIENTED_EDGE('',*,*,#256,.F.);
#353 = ORIENTED_EDGE('',*,*,#337,.T.);
#354 = ORIENTED_EDGE('',*,*,#355,.F.);
#355 = EDGE_CURVE('',#356,#330,#358,.T.);
#356 = VERTEX_POINT('',#357);
#357 = CARTESIAN_POINT('',(25.5,-4.,0.));
#358 = LINE('',#359,#360);
#359 = CARTESIAN_POINT('',(10.75,-4.,6.9E-16));
#360 = VECTOR('',#361,1.);
#361 = DIRECTION('',(-1.,-0.,-2.E-17));
#362 = ORIENTED_EDGE('',*,*,#363,.F.);
#363 = EDGE_CURVE('',#249,#356,#364,.T.);
#364 = LINE('',#365,#366);
#365 = CARTESIAN_POINT('',(25.5,-4.,-15.));
#366 = VECTOR('',#367,1.);
#367 = DIRECTION('',(0.,0.,1.));
#368 = PLANE('',#369);
#369 = AXIS2_PLACEMENT_3D('',#370,#371,#372);
#370 = CARTESIAN_POINT('',(20.5,-4.,-15.));
#371 = DIRECTION('',(0.,1.,0.));
#372 = DIRECTION('',(1.,0.,0.));
#373 = ADVANCED_FACE('',(#374),#399,.F.);
#374 = FACE_BOUND('',#375,.F.);
#375 = EDGE_LOOP('',(#376,#377,#385,#393));
#376 = ORIENTED_EDGE('',*,*,#240,.F.);
#377 = ORIENTED_EDGE('',*,*,#378,.T.);
#378 = EDGE_CURVE('',#241,#379,#381,.T.);
#379 = VERTEX_POINT('',#380);
#380 = CARTESIAN_POINT('',(25.5,-9.,0.));
#381 = LINE('',#382,#383);
#382 = CARTESIAN_POINT('',(25.5,-9.,-15.));
#383 = VECTOR('',#384,1.);
#384 = DIRECTION('',(0.,0.,1.));
#385 = ORIENTED_EDGE('',*,*,#386,.F.);
#386 = EDGE_CURVE('',#387,#379,#389,.T.);
#387 = VERTEX_POINT('',#388);
#388 = CARTESIAN_POINT('',(25.15,-9.,-2.E-15));
#389 = LINE('',#390,#391);
#390 = CARTESIAN_POINT('',(13.25,-9.,1.58E-15));
#391 = VECTOR('',#392,1.);
#392 = DIRECTION('',(1.,0.,2.E-17));
#393 = ORIENTED_EDGE('',*,*,#394,.T.);
#394 = EDGE_CURVE('',#387,#233,#395,.T.);
#395 = LINE('',#396,#397);
#396 = CARTESIAN_POINT('',(25.15,-9.,-7.5));
#397 = VECTOR('',#398,1.);
#398 = DIRECTION('',(0.,0.,-1.));
#399 = PLANE('',#400);
#400 = AXIS2_PLACEMENT_3D('',#401,#402,#403);
#401 = CARTESIAN_POINT('',(25.5,-9.,-15.));
#402 = DIRECTION('',(0.,-1.,0.));
#403 = DIRECTION('',(-1.,0.,0.));
#404 = ADVANCED_FACE('',(#405),#423,.F.);
#405 = FACE_BOUND('',#406,.F.);
#406 = EDGE_LOOP('',(#407,#415,#421,#422));
#407 = ORIENTED_EDGE('',*,*,#408,.F.);
#408 = EDGE_CURVE('',#409,#387,#411,.T.);
#409 = VERTEX_POINT('',#410);
#410 = CARTESIAN_POINT('',(25.15,-13.65,-3.E-15));
#411 = LINE('',#412,#413);
#412 = CARTESIAN_POINT('',(25.15,-13.65,-3.44E-15));
#413 = VECTOR('',#414,1.);
#414 = DIRECTION('',(0.,1.,2.2E-16));
#415 = ORIENTED_EDGE('',*,*,#416,.T.);
#416 = EDGE_CURVE('',#409,#225,#417,.T.);
#417 = LINE('',#418,#419);
#418 = CARTESIAN_POINT('',(25.15,-13.65,-4.1E-16));
#419 = VECTOR('',#420,1.);
#420 = DIRECTION('',(0.,0.,-1.));
#421 = ORIENTED_EDGE('',*,*,#232,.F.);
#422 = ORIENTED_EDGE('',*,*,#394,.F.);
#423 = PLANE('',#424);
#424 = AXIS2_PLACEMENT_3D('',#425,#426,#427);
#425 = CARTESIAN_POINT('',(25.15,-13.65,-4.1E-16));
#426 = DIRECTION('',(1.,0.,0.));
#427 = DIRECTION('',(0.,1.,0.));
#428 = ADVANCED_FACE('',(#429),#447,.F.);
#429 = FACE_BOUND('',#430,.F.);
#430 = EDGE_LOOP('',(#431,#439,#445,#446));
#431 = ORIENTED_EDGE('',*,*,#432,.F.);
#432 = EDGE_CURVE('',#433,#409,#435,.T.);
#433 = VERTEX_POINT('',#434);
#434 = CARTESIAN_POINT('',(1.,-13.65,-2.E-15));
#435 = LINE('',#436,#437);
#436 = CARTESIAN_POINT('',(0.,-13.65,-3.44E-15));
#437 = VECTOR('',#438,1.);
#438 = DIRECTION('',(1.,0.,0.));
#439 = ORIENTED_EDGE('',*,*,#440,.F.);
#440 = EDGE_CURVE('',#217,#433,#441,.T.);
#441 = LINE('',#442,#443);
#442 = CARTESIAN_POINT('',(12.149204244032,-13.65,-7.271220159151));
#443 = VECTOR('',#444,1.);
#444 = DIRECTION('',(-0.837610596839,0.,0.546267780547));
#445 = ORIENTED_EDGE('',*,*,#224,.F.);
#446 = ORIENTED_EDGE('',*,*,#416,.F.);
#447 = PLANE('',#448);
#448 = AXIS2_PLACEMENT_3D('',#449,#450,#451);
#449 = CARTESIAN_POINT('',(0.,-13.65,-4.1E-16));
#450 = DIRECTION('',(0.,-1.,0.));
#451 = DIRECTION('',(1.,0.,0.));
#452 = ADVANCED_FACE('',(#453),#471,.T.);
#453 = FACE_BOUND('',#454,.T.);
#454 = EDGE_LOOP('',(#455,#456,#457,#465));
#455 = ORIENTED_EDGE('',*,*,#440,.F.);
#456 = ORIENTED_EDGE('',*,*,#216,.T.);
#457 = ORIENTED_EDGE('',*,*,#458,.T.);
#458 = EDGE_CURVE('',#209,#459,#461,.T.);
#459 = VERTEX_POINT('',#460);
#460 = CARTESIAN_POINT('',(1.,-15.25,0.));
#461 = LINE('',#462,#463);
#462 = CARTESIAN_POINT('',(24.,-15.25,-15.));
#463 = VECTOR('',#464,1.);
#464 = DIRECTION('',(-0.837610596839,-1.2E-16,0.546267780547));
#465 = ORIENTED_EDGE('',*,*,#466,.F.);
#466 = EDGE_CURVE('',#433,#459,#467,.T.);
#467 = LINE('',#468,#469);
#468 = CARTESIAN_POINT('',(1.,15.25,-3.78E-15));
#469 = VECTOR('',#470,1.);
#470 = DIRECTION('',(0.,-1.,2.2E-16));
#471 = PLANE('',#472);
#472 = AXIS2_PLACEMENT_3D('',#473,#474,#475);
#473 = CARTESIAN_POINT('',(24.,15.25,-15.));
#474 = DIRECTION('',(-0.546267780547,-1.9E-16,-0.837610596839));
#475 = DIRECTION('',(-0.837610596839,1.2E-16,0.546267780547));
#476 = ADVANCED_FACE('',(#477,#620,#631,#642),#653,.T.);
#477 = FACE_BOUND('',#478,.T.);
#478 = EDGE_LOOP('',(#479,#480,#481,#482,#483,#491,#499,#507,#515,#521,
    #522,#523,#524,#532,#540,#548,#556,#562,#563,#564,#565,#566,#574,
    #582,#590,#598,#606,#614));
#479 = ORIENTED_EDGE('',*,*,#85,.T.);
#480 = ORIENTED_EDGE('',*,*,#99,.T.);
#481 = ORIENTED_EDGE('',*,*,#130,.F.);
#482 = ORIENTED_EDGE('',*,*,#170,.F.);
#483 = ORIENTED_EDGE('',*,*,#484,.F.);
#484 = EDGE_CURVE('',#485,#171,#487,.T.);
#485 = VERTEX_POINT('',#486);
#486 = CARTESIAN_POINT('',(25.5,7.5,0.));
#487 = LINE('',#488,#489);
#488 = CARTESIAN_POINT('',(25.5,12.124999999992,-2.48E-15));
#489 = VECTOR('',#490,1.);
#490 = DIRECTION('',(0.,1.,-2.2E-16));
#491 = ORIENTED_EDGE('',*,*,#492,.F.);
#492 = EDGE_CURVE('',#493,#485,#495,.T.);
#493 = VERTEX_POINT('',#494);
#494 = CARTESIAN_POINT('',(25.,7.5,0.));
#495 = LINE('',#496,#497);
#496 = CARTESIAN_POINT('',(25.,7.5,0.));
#497 = VECTOR('',#498,1.);
#498 = DIRECTION('',(1.,0.,0.));
#499 = ORIENTED_EDGE('',*,*,#500,.F.);
#500 = EDGE_CURVE('',#501,#493,#503,.T.);
#501 = VERTEX_POINT('',#502);
#502 = CARTESIAN_POINT('',(25.,5.5,0.));
#503 = LINE('',#504,#505);
#504 = CARTESIAN_POINT('',(25.,5.5,0.));
#505 = VECTOR('',#506,1.);
#506 = DIRECTION('',(0.,1.,0.));
#507 = ORIENTED_EDGE('',*,*,#508,.F.);
#508 = EDGE_CURVE('',#509,#501,#511,.T.);
#509 = VERTEX_POINT('',#510);
#510 = CARTESIAN_POINT('',(25.5,5.5,0.));
#511 = LINE('',#512,#513);
#512 = CARTESIAN_POINT('',(25.5,5.5,0.));
#513 = VECTOR('',#514,1.);
#514 = DIRECTION('',(-1.,0.,0.));
#515 = ORIENTED_EDGE('',*,*,#516,.F.);
#516 = EDGE_CURVE('',#300,#509,#517,.T.);
#517 = LINE('',#518,#519);
#518 = CARTESIAN_POINT('',(25.5,12.124999999992,-2.48E-15));
#519 = VECTOR('',#520,1.);
#520 = DIRECTION('',(0.,1.,-2.2E-16));
#521 = ORIENTED_EDGE('',*,*,#307,.F.);
#522 = ORIENTED_EDGE('',*,*,#329,.F.);
#523 = ORIENTED_EDGE('',*,*,#355,.F.);
#524 = ORIENTED_EDGE('',*,*,#525,.F.);
#525 = EDGE_CURVE('',#526,#356,#528,.T.);
#526 = VERTEX_POINT('',#527);
#527 = CARTESIAN_POINT('',(25.5,-5.5,0.));
#528 = LINE('',#529,#530);
#529 = CARTESIAN_POINT('',(25.5,5.625,-1.26E-15));
#530 = VECTOR('',#531,1.);
#531 = DIRECTION('',(0.,1.,-2.2E-16));
#532 = ORIENTED_EDGE('',*,*,#533,.F.);
#533 = EDGE_CURVE('',#534,#526,#536,.T.);
#534 = VERTEX_POINT('',#535);
#535 = CARTESIAN_POINT('',(25.,-5.5,0.));
#536 = LINE('',#537,#538);
#537 = CARTESIAN_POINT('',(25.,-5.5,0.));
#538 = VECTOR('',#539,1.);
#539 = DIRECTION('',(1.,0.,0.));
#540 = ORIENTED_EDGE('',*,*,#541,.F.);
#541 = EDGE_CURVE('',#542,#534,#544,.T.);
#542 = VERTEX_POINT('',#543);
#543 = CARTESIAN_POINT('',(25.,-7.499999999998,0.));
#544 = LINE('',#545,#546);
#545 = CARTESIAN_POINT('',(25.,-7.499999999998,0.));
#546 = VECTOR('',#547,1.);
#547 = DIRECTION('',(0.,1.,0.));
#548 = ORIENTED_EDGE('',*,*,#549,.F.);
#549 = EDGE_CURVE('',#550,#542,#552,.T.);
#550 = VERTEX_POINT('',#551);
#551 = CARTESIAN_POINT('',(25.5,-7.499999999998,0.));
#552 = LINE('',#553,#554);
#553 = CARTESIAN_POINT('',(25.5,-7.499999999998,0.));
#554 = VECTOR('',#555,1.);
#555 = DIRECTION('',(-1.,0.,0.));
#556 = ORIENTED_EDGE('',*,*,#557,.F.);
#557 = EDGE_CURVE('',#379,#550,#558,.T.);
#558 = LINE('',#559,#560);
#559 = CARTESIAN_POINT('',(25.5,5.625,-1.26E-15));
#560 = VECTOR('',#561,1.);
#561 = DIRECTION('',(0.,1.,-2.2E-16));
#562 = ORIENTED_EDGE('',*,*,#386,.F.);
#563 = ORIENTED_EDGE('',*,*,#408,.F.);
#564 = ORIENTED_EDGE('',*,*,#432,.F.);
#565 = ORIENTED_EDGE('',*,*,#466,.T.);
#566 = ORIENTED_EDGE('',*,*,#567,.F.);
#567 = EDGE_CURVE('',#568,#459,#570,.T.);
#568 = VERTEX_POINT('',#569);
#569 = CARTESIAN_POINT('',(-27.,-15.25,0.));
#570 = LINE('',#571,#572);
#571 = CARTESIAN_POINT('',(-27.,-15.25,0.));
#572 = VECTOR('',#573,1.);
#573 = DIRECTION('',(1.,0.,0.));
#574 = ORIENTED_EDGE('',*,*,#575,.F.);
#575 = EDGE_CURVE('',#576,#568,#578,.T.);
#576 = VERTEX_POINT('',#577);
#577 = CARTESIAN_POINT('',(-27.,-8.5,4.E-15));
#578 = LINE('',#579,#580);
#579 = CARTESIAN_POINT('',(-27.,15.25,0.));
#580 = VECTOR('',#581,1.);
#581 = DIRECTION('',(0.,-1.,0.));
#582 = ORIENTED_EDGE('',*,*,#583,.F.);
#583 = EDGE_CURVE('',#584,#576,#586,.T.);
#584 = VERTEX_POINT('',#585);
#585 = CARTESIAN_POINT('',(-25.,-8.5,6.E-15));
#586 = LINE('',#587,#588);
#587 = CARTESIAN_POINT('',(-25.,-8.5,4.E-15));
#588 = VECTOR('',#589,1.);
#589 = DIRECTION('',(-1.,0.,0.));
#590 = ORIENTED_EDGE('',*,*,#591,.F.);
#591 = EDGE_CURVE('',#592,#584,#594,.T.);
#592 = VERTEX_POINT('',#593);
#593 = CARTESIAN_POINT('',(-25.,8.5,-6.E-15));
#594 = LINE('',#595,#596);
#595 = CARTESIAN_POINT('',(-25.,8.5,-3.77E-15));
#596 = VECTOR('',#597,1.);
#597 = DIRECTION('',(0.,-1.,4.4E-16));
#598 = ORIENTED_EDGE('',*,*,#599,.T.);
#599 = EDGE_CURVE('',#592,#600,#602,.T.);
#600 = VERTEX_POINT('',#601);
#601 = CARTESIAN_POINT('',(-27.,8.5,-4.E-15));
#602 = LINE('',#603,#604);
#603 = CARTESIAN_POINT('',(-25.,8.5,-4.E-15));
#604 = VECTOR('',#605,1.);
#605 = DIRECTION('',(-1.,0.,0.));
#606 = ORIENTED_EDGE('',*,*,#607,.F.);
#607 = EDGE_CURVE('',#608,#600,#610,.T.);
#608 = VERTEX_POINT('',#609);
#609 = CARTESIAN_POINT('',(-27.,15.25,0.));
#610 = LINE('',#611,#612);
#611 = CARTESIAN_POINT('',(-27.,15.25,0.));
#612 = VECTOR('',#613,1.);
#613 = DIRECTION('',(0.,-1.,0.));
#614 = ORIENTED_EDGE('',*,*,#615,.F.);
#615 = EDGE_CURVE('',#62,#608,#616,.T.);
#616 = LINE('',#617,#618);
#617 = CARTESIAN_POINT('',(27.,15.25,0.));
#618 = VECTOR('',#619,1.);
#619 = DIRECTION('',(-1.,0.,0.));
#620 = FACE_BOUND('',#621,.T.);
#621 = EDGE_LOOP('',(#622));
#622 = ORIENTED_EDGE('',*,*,#623,.F.);
#623 = EDGE_CURVE('',#624,#624,#626,.T.);
#624 = VERTEX_POINT('',#625);
#625 = CARTESIAN_POINT('',(2.,-11.25,0.));
#626 = CIRCLE('',#627,2.);
#627 = AXIS2_PLACEMENT_3D('',#628,#629,#630);
#628 = CARTESIAN_POINT('',(0.,-11.25,0.));
#629 = DIRECTION('',(0.,0.,-1.));
#630 = DIRECTION('',(1.,0.,0.));
#631 = FACE_BOUND('',#632,.T.);
#632 = EDGE_LOOP('',(#633));
#633 = ORIENTED_EDGE('',*,*,#634,.F.);
#634 = EDGE_CURVE('',#635,#635,#637,.T.);
#635 = VERTEX_POINT('',#636);
#636 = CARTESIAN_POINT('',(-12.,11.25,0.));
#637 = CIRCLE('',#638,2.);
#638 = AXIS2_PLACEMENT_3D('',#639,#640,#641);
#639 = CARTESIAN_POINT('',(-14.,11.25,0.));
#640 = DIRECTION('',(0.,0.,-1.));
#641 = DIRECTION('',(1.,0.,0.));
#642 = FACE_BOUND('',#643,.T.);
#643 = EDGE_LOOP('',(#644));
#644 = ORIENTED_EDGE('',*,*,#645,.F.);
#645 = EDGE_CURVE('',#646,#646,#648,.T.);
#646 = VERTEX_POINT('',#647);
#647 = CARTESIAN_POINT('',(16.,11.25,0.));
#648 = CIRCLE('',#649,2.);
#649 = AXIS2_PLACEMENT_3D('',#650,#651,#652);
#650 = CARTESIAN_POINT('',(14.,11.25,0.));
#651 = DIRECTION('',(0.,0.,-1.));
#652 = DIRECTION('',(1.,0.,0.));
#653 = PLANE('',#654);
#654 = AXIS2_PLACEMENT_3D('',#655,#656,#657);
#655 = CARTESIAN_POINT('',(-1.231774753909,-2.732E-14,-1.4E-16));
#656 = DIRECTION('',(-0.,-0.,-1.));
#657 = DIRECTION('',(-1.,0.,0.));
#658 = ADVANCED_FACE('',(#659),#694,.T.);
#659 = FACE_BOUND('',#660,.T.);
#660 = EDGE_LOOP('',(#661,#662,#670,#679,#688));
#661 = ORIENTED_EDGE('',*,*,#599,.F.);
#662 = ORIENTED_EDGE('',*,*,#663,.T.);
#663 = EDGE_CURVE('',#592,#664,#666,.T.);
#664 = VERTEX_POINT('',#665);
#665 = CARTESIAN_POINT('',(-25.,7.006819749981,-8.585786437627));
#666 = LINE('',#667,#668);
#667 = CARTESIAN_POINT('',(-25.,7.655963302754,-4.853211009175));
#668 = VECTOR('',#669,1.);
#669 = DIRECTION('',(0.,-0.171341174751,-0.98521175482));
#670 = ORIENTED_EDGE('',*,*,#671,.T.);
#671 = EDGE_CURVE('',#664,#672,#674,.T.);
#672 = VERTEX_POINT('',#673);
#673 = CARTESIAN_POINT('',(-25.5,6.5,-11.50000000002));
#674 = ELLIPSE('',#675,1.522515329991,1.5);
#675 = AXIS2_PLACEMENT_3D('',#676,#677,#678);
#676 = CARTESIAN_POINT('',(-25.5,6.760869565221,-10.));
#677 = DIRECTION('',(4.E-17,0.98521175482,-0.171341174751));
#678 = DIRECTION('',(2.2E-16,-0.171341174751,-0.98521175482));
#679 = ORIENTED_EDGE('',*,*,#680,.T.);
#680 = EDGE_CURVE('',#672,#681,#683,.T.);
#681 = VERTEX_POINT('',#682);
#682 = CARTESIAN_POINT('',(-27.,6.760869565221,-10.));
#683 = ELLIPSE('',#684,1.522515329991,1.5);
#684 = AXIS2_PLACEMENT_3D('',#685,#686,#687);
#685 = CARTESIAN_POINT('',(-25.5,6.760869565221,-10.));
#686 = DIRECTION('',(4.E-17,0.98521175482,-0.171341174751));
#687 = DIRECTION('',(2.2E-16,-0.171341174751,-0.98521175482));
#688 = ORIENTED_EDGE('',*,*,#689,.F.);
#689 = EDGE_CURVE('',#600,#681,#690,.T.);
#690 = LINE('',#691,#692);
#691 = CARTESIAN_POINT('',(-27.,8.5,0.));
#692 = VECTOR('',#693,1.);
#693 = DIRECTION('',(0.,-0.171341174751,-0.98521175482));
#694 = PLANE('',#695);
#695 = AXIS2_PLACEMENT_3D('',#696,#697,#698);
#696 = CARTESIAN_POINT('',(-27.,8.5,-1.89E-15));
#697 = DIRECTION('',(4.E-17,0.98521175482,-0.171341174751));
#698 = DIRECTION('',(2.2E-16,-0.171341174751,-0.98521175482));
#699 = ADVANCED_FACE('',(#700),#736,.T.);
#700 = FACE_BOUND('',#701,.T.);
#701 = EDGE_LOOP('',(#702,#703,#711,#720,#729,#735));
#702 = ORIENTED_EDGE('',*,*,#671,.F.);
#703 = ORIENTED_EDGE('',*,*,#704,.T.);
#704 = EDGE_CURVE('',#664,#705,#707,.T.);
#705 = VERTEX_POINT('',#706);
#706 = CARTESIAN_POINT('',(-25.,-7.006819749978,-8.585786437627));
#707 = LINE('',#708,#709);
#708 = CARTESIAN_POINT('',(-25.,-8.5,-8.585786437627));
#709 = VECTOR('',#710,1.);
#710 = DIRECTION('',(0.,-1.,4.4E-16));
#711 = ORIENTED_EDGE('',*,*,#712,.F.);
#712 = EDGE_CURVE('',#713,#705,#715,.T.);
#713 = VERTEX_POINT('',#714);
#714 = CARTESIAN_POINT('',(-25.5,-6.5,-11.5));
#715 = ELLIPSE('',#716,1.522515329991,1.5);
#716 = AXIS2_PLACEMENT_3D('',#717,#718,#719);
#717 = CARTESIAN_POINT('',(-25.5,-6.760869565217,-10.));
#718 = DIRECTION('',(4.E-17,-0.98521175482,-0.171341174751));
#719 = DIRECTION('',(-2.2E-16,-0.171341174751,0.98521175482));
#720 = ORIENTED_EDGE('',*,*,#721,.F.);
#721 = EDGE_CURVE('',#722,#713,#724,.T.);
#722 = VERTEX_POINT('',#723);
#723 = CARTESIAN_POINT('',(-27.,-6.760869565217,-10.));
#724 = ELLIPSE('',#725,1.522515329991,1.5);
#725 = AXIS2_PLACEMENT_3D('',#726,#727,#728);
#726 = CARTESIAN_POINT('',(-25.5,-6.760869565217,-10.));
#727 = DIRECTION('',(4.E-17,-0.98521175482,-0.171341174751));
#728 = DIRECTION('',(-2.2E-16,-0.171341174751,0.98521175482));
#729 = ORIENTED_EDGE('',*,*,#730,.F.);
#730 = EDGE_CURVE('',#681,#722,#731,.T.);
#731 = LINE('',#732,#733);
#732 = CARTESIAN_POINT('',(-27.,8.5,-10.));
#733 = VECTOR('',#734,1.);
#734 = DIRECTION('',(0.,-1.,4.4E-16));
#735 = ORIENTED_EDGE('',*,*,#680,.F.);
#736 = CYLINDRICAL_SURFACE('',#737,1.5);
#737 = AXIS2_PLACEMENT_3D('',#738,#739,#740);
#738 = CARTESIAN_POINT('',(-25.5,-8.5,-10.));
#739 = DIRECTION('',(0.,-1.,4.4E-16));
#740 = DIRECTION('',(1.,0.,0.));
#741 = ADVANCED_FACE('',(#742),#759,.T.);
#742 = FACE_BOUND('',#743,.T.);
#743 = EDGE_LOOP('',(#744,#745,#746,#752,#753));
#744 = ORIENTED_EDGE('',*,*,#721,.T.);
#745 = ORIENTED_EDGE('',*,*,#712,.T.);
#746 = ORIENTED_EDGE('',*,*,#747,.T.);
#747 = EDGE_CURVE('',#705,#584,#748,.T.);
#748 = LINE('',#749,#750);
#749 = CARTESIAN_POINT('',(-25.,-6.406422018349,-12.03807339449));
#750 = VECTOR('',#751,1.);
#751 = DIRECTION('',(0.,-0.171341174751,0.98521175482));
#752 = ORIENTED_EDGE('',*,*,#583,.T.);
#753 = ORIENTED_EDGE('',*,*,#754,.F.);
#754 = EDGE_CURVE('',#722,#576,#755,.T.);
#755 = LINE('',#756,#757);
#756 = CARTESIAN_POINT('',(-27.,-6.5,-11.5));
#757 = VECTOR('',#758,1.);
#758 = DIRECTION('',(0.,-0.171341174751,0.98521175482));
#759 = PLANE('',#760);
#760 = AXIS2_PLACEMENT_3D('',#761,#762,#763);
#761 = CARTESIAN_POINT('',(-27.,-6.5,-11.5));
#762 = DIRECTION('',(4.E-17,-0.98521175482,-0.171341174751));
#763 = DIRECTION('',(-2.2E-16,-0.171341174751,0.98521175482));
#764 = ADVANCED_FACE('',(#765),#771,.F.);
#765 = FACE_BOUND('',#766,.F.);
#766 = EDGE_LOOP('',(#767,#768,#769,#770));
#767 = ORIENTED_EDGE('',*,*,#591,.F.);
#768 = ORIENTED_EDGE('',*,*,#663,.T.);
#769 = ORIENTED_EDGE('',*,*,#704,.T.);
#770 = ORIENTED_EDGE('',*,*,#747,.T.);
#771 = PLANE('',#772);
#772 = AXIS2_PLACEMENT_3D('',#773,#774,#775);
#773 = CARTESIAN_POINT('',(-25.,8.5,-10.));
#774 = DIRECTION('',(-1.,0.,0.));
#775 = DIRECTION('',(0.,4.4E-16,1.));
#776 = ADVANCED_FACE('',(#777),#838,.T.);
#777 = FACE_BOUND('',#778,.T.);
#778 = EDGE_LOOP('',(#779,#780,#781,#782,#783,#791,#799,#807,#815,#823,
    #831,#837));
#779 = ORIENTED_EDGE('',*,*,#689,.T.);
#780 = ORIENTED_EDGE('',*,*,#730,.T.);
#781 = ORIENTED_EDGE('',*,*,#754,.T.);
#782 = ORIENTED_EDGE('',*,*,#575,.T.);
#783 = ORIENTED_EDGE('',*,*,#784,.T.);
#784 = EDGE_CURVE('',#568,#785,#787,.T.);
#785 = VERTEX_POINT('',#786);
#786 = CARTESIAN_POINT('',(-27.,-15.25,4.1));
#787 = LINE('',#788,#789);
#788 = CARTESIAN_POINT('',(-27.,-15.25,0.));
#789 = VECTOR('',#790,1.);
#790 = DIRECTION('',(0.,0.,1.));
#791 = ORIENTED_EDGE('',*,*,#792,.F.);
#792 = EDGE_CURVE('',#793,#785,#795,.T.);
#793 = VERTEX_POINT('',#794);
#794 = CARTESIAN_POINT('',(-27.,-8.75,4.1));
#795 = LINE('',#796,#797);
#796 = CARTESIAN_POINT('',(-27.,-8.75,4.1));
#797 = VECTOR('',#798,1.);
#798 = DIRECTION('',(0.,-1.,0.));
#799 = ORIENTED_EDGE('',*,*,#800,.F.);
#800 = EDGE_CURVE('',#801,#793,#803,.T.);
#801 = VERTEX_POINT('',#802);
#802 = CARTESIAN_POINT('',(-27.,-8.75,2.5));
#803 = LINE('',#804,#805);
#804 = CARTESIAN_POINT('',(-27.,-8.75,0.));
#805 = VECTOR('',#806,1.);
#806 = DIRECTION('',(0.,0.,1.));
#807 = ORIENTED_EDGE('',*,*,#808,.F.);
#808 = EDGE_CURVE('',#809,#801,#811,.T.);
#809 = VERTEX_POINT('',#810);
#810 = CARTESIAN_POINT('',(-27.,8.75,2.5));
#811 = LINE('',#812,#813);
#812 = CARTESIAN_POINT('',(-27.,15.25,2.5));
#813 = VECTOR('',#814,1.);
#814 = DIRECTION('',(0.,-1.,0.));
#815 = ORIENTED_EDGE('',*,*,#816,.T.);
#816 = EDGE_CURVE('',#809,#817,#819,.T.);
#817 = VERTEX_POINT('',#818);
#818 = CARTESIAN_POINT('',(-27.,8.75,4.1));
#819 = LINE('',#820,#821);
#820 = CARTESIAN_POINT('',(-27.,8.75,0.));
#821 = VECTOR('',#822,1.);
#822 = DIRECTION('',(0.,0.,1.));
#823 = ORIENTED_EDGE('',*,*,#824,.F.);
#824 = EDGE_CURVE('',#825,#817,#827,.T.);
#825 = VERTEX_POINT('',#826);
#826 = CARTESIAN_POINT('',(-27.,15.25,4.1));
#827 = LINE('',#828,#829);
#828 = CARTESIAN_POINT('',(-27.,15.25,4.1));
#829 = VECTOR('',#830,1.);
#830 = DIRECTION('',(0.,-1.,0.));
#831 = ORIENTED_EDGE('',*,*,#832,.F.);
#832 = EDGE_CURVE('',#608,#825,#833,.T.);
#833 = LINE('',#834,#835);
#834 = CARTESIAN_POINT('',(-27.,15.25,0.));
#835 = VECTOR('',#836,1.);
#836 = DIRECTION('',(0.,0.,1.));
#837 = ORIENTED_EDGE('',*,*,#607,.T.);
#838 = PLANE('',#839);
#839 = AXIS2_PLACEMENT_3D('',#840,#841,#842);
#840 = CARTESIAN_POINT('',(-27.,3.6808E-13,-1.258641191397));
#841 = DIRECTION('',(-1.,0.,2.3E-16));
#842 = DIRECTION('',(-2.3E-16,0.,-1.));
#843 = ADVANCED_FACE('',(#844),#863,.F.);
#844 = FACE_BOUND('',#845,.F.);
#845 = EDGE_LOOP('',(#846,#854,#861,#862));
#846 = ORIENTED_EDGE('',*,*,#847,.T.);
#847 = EDGE_CURVE('',#646,#848,#850,.T.);
#848 = VERTEX_POINT('',#849);
#849 = CARTESIAN_POINT('',(16.,11.25,1.));
#850 = LINE('',#851,#852);
#851 = CARTESIAN_POINT('',(16.,11.25,0.));
#852 = VECTOR('',#853,1.);
#853 = DIRECTION('',(0.,0.,1.));
#854 = ORIENTED_EDGE('',*,*,#855,.T.);
#855 = EDGE_CURVE('',#848,#848,#856,.T.);
#856 = CIRCLE('',#857,2.);
#857 = AXIS2_PLACEMENT_3D('',#858,#859,#860);
#858 = CARTESIAN_POINT('',(14.,11.25,1.));
#859 = DIRECTION('',(0.,0.,-1.));
#860 = DIRECTION('',(1.,0.,0.));
#861 = ORIENTED_EDGE('',*,*,#847,.F.);
#862 = ORIENTED_EDGE('',*,*,#645,.F.);
#863 = CYLINDRICAL_SURFACE('',#864,2.);
#864 = AXIS2_PLACEMENT_3D('',#865,#866,#867);
#865 = CARTESIAN_POINT('',(14.,11.25,0.));
#866 = DIRECTION('',(0.,0.,-1.));
#867 = DIRECTION('',(1.,0.,0.));
#868 = ADVANCED_FACE('',(#869,#872),#883,.F.);
#869 = FACE_BOUND('',#870,.F.);
#870 = EDGE_LOOP('',(#871));
#871 = ORIENTED_EDGE('',*,*,#855,.F.);
#872 = FACE_BOUND('',#873,.F.);
#873 = EDGE_LOOP('',(#874));
#874 = ORIENTED_EDGE('',*,*,#875,.T.);
#875 = EDGE_CURVE('',#876,#876,#878,.T.);
#876 = VERTEX_POINT('',#877);
#877 = CARTESIAN_POINT('',(15.25,11.25,1.));
#878 = CIRCLE('',#879,1.25);
#879 = AXIS2_PLACEMENT_3D('',#880,#881,#882);
#880 = CARTESIAN_POINT('',(14.,11.25,1.));
#881 = DIRECTION('',(0.,0.,-1.));
#882 = DIRECTION('',(1.,0.,0.));
#883 = PLANE('',#884);
#884 = AXIS2_PLACEMENT_3D('',#885,#886,#887);
#885 = CARTESIAN_POINT('',(-4.7E-16,3.75,1.));
#886 = DIRECTION('',(0.,0.,1.));
#887 = DIRECTION('',(1.,0.,0.));
#888 = ADVANCED_FACE('',(#889),#926,.F.);
#889 = FACE_BOUND('',#890,.T.);
#890 = EDGE_LOOP('',(#891,#899,#900,#901,#910,#919));
#891 = ORIENTED_EDGE('',*,*,#892,.F.);
#892 = EDGE_CURVE('',#876,#893,#895,.T.);
#893 = VERTEX_POINT('',#894);
#894 = CARTESIAN_POINT('',(15.25,11.25,2.5));
#895 = LINE('',#896,#897);
#896 = CARTESIAN_POINT('',(15.25,11.25,0.));
#897 = VECTOR('',#898,1.);
#898 = DIRECTION('',(0.,0.,1.));
#899 = ORIENTED_EDGE('',*,*,#875,.T.);
#900 = ORIENTED_EDGE('',*,*,#892,.T.);
#901 = ORIENTED_EDGE('',*,*,#902,.T.);
#902 = EDGE_CURVE('',#893,#903,#905,.T.);
#903 = VERTEX_POINT('',#904);
#904 = CARTESIAN_POINT('',(14.305242671982,12.462157956374,2.5));
#905 = CIRCLE('',#906,1.25);
#906 = AXIS2_PLACEMENT_3D('',#907,#908,#909);
#907 = CARTESIAN_POINT('',(14.,11.25,2.5));
#908 = DIRECTION('',(0.,0.,1.));
#909 = DIRECTION('',(1.,0.,0.));
#910 = ORIENTED_EDGE('',*,*,#911,.T.);
#911 = EDGE_CURVE('',#903,#912,#914,.T.);
#912 = VERTEX_POINT('',#913);
#913 = CARTESIAN_POINT('',(13.851945328018,10.008799043626,2.5));
#914 = CIRCLE('',#915,1.25);
#915 = AXIS2_PLACEMENT_3D('',#916,#917,#918);
#916 = CARTESIAN_POINT('',(14.,11.25,2.5));
#917 = DIRECTION('',(0.,0.,1.));
#918 = DIRECTION('',(1.,0.,0.));
#919 = ORIENTED_EDGE('',*,*,#920,.T.);
#920 = EDGE_CURVE('',#912,#893,#921,.T.);
#921 = CIRCLE('',#922,1.25);
#922 = AXIS2_PLACEMENT_3D('',#923,#924,#925);
#923 = CARTESIAN_POINT('',(14.,11.25,2.5));
#924 = DIRECTION('',(0.,0.,1.));
#925 = DIRECTION('',(1.,0.,0.));
#926 = CYLINDRICAL_SURFACE('',#927,1.25);
#927 = AXIS2_PLACEMENT_3D('',#928,#929,#930);
#928 = CARTESIAN_POINT('',(14.,11.25,0.));
#929 = DIRECTION('',(-0.,-0.,-1.));
#930 = DIRECTION('',(1.,0.,0.));
#931 = ADVANCED_FACE('',(#932),#952,.T.);
#932 = FACE_BOUND('',#933,.T.);
#933 = EDGE_LOOP('',(#934,#935,#936,#945));
#934 = ORIENTED_EDGE('',*,*,#902,.F.);
#935 = ORIENTED_EDGE('',*,*,#920,.F.);
#936 = ORIENTED_EDGE('',*,*,#937,.T.);
#937 = EDGE_CURVE('',#912,#938,#940,.T.);
#938 = VERTEX_POINT('',#939);
#939 = CARTESIAN_POINT('',(15.407188,11.220957,2.5));
#940 = CIRCLE('',#941,1.25);
#941 = AXIS2_PLACEMENT_3D('',#942,#943,#944);
#942 = CARTESIAN_POINT('',(14.157188,11.220957,2.5));
#943 = DIRECTION('',(0.,0.,1.));
#944 = DIRECTION('',(1.,0.,0.));
#945 = ORIENTED_EDGE('',*,*,#946,.T.);
#946 = EDGE_CURVE('',#938,#903,#947,.T.);
#947 = CIRCLE('',#948,1.25);
#948 = AXIS2_PLACEMENT_3D('',#949,#950,#951);
#949 = CARTESIAN_POINT('',(14.157188,11.220957,2.5));
#950 = DIRECTION('',(0.,0.,1.));
#951 = DIRECTION('',(1.,0.,0.));
#952 = PLANE('',#953);
#953 = AXIS2_PLACEMENT_3D('',#954,#955,#956);
#954 = CARTESIAN_POINT('',(3.68E-15,0.38767367088,2.5));
#955 = DIRECTION('',(0.,0.,1.));
#956 = DIRECTION('',(1.,0.,0.));
#957 = ADVANCED_FACE('',(#958),#977,.F.);
#958 = FACE_BOUND('',#959,.F.);
#959 = EDGE_LOOP('',(#960,#968,#975,#976));
#960 = ORIENTED_EDGE('',*,*,#961,.T.);
#961 = EDGE_CURVE('',#624,#962,#964,.T.);
#962 = VERTEX_POINT('',#963);
#963 = CARTESIAN_POINT('',(2.,-11.25,1.));
#964 = LINE('',#965,#966);
#965 = CARTESIAN_POINT('',(2.,-11.25,0.));
#966 = VECTOR('',#967,1.);
#967 = DIRECTION('',(0.,0.,1.));
#968 = ORIENTED_EDGE('',*,*,#969,.T.);
#969 = EDGE_CURVE('',#962,#962,#970,.T.);
#970 = CIRCLE('',#971,2.);
#971 = AXIS2_PLACEMENT_3D('',#972,#973,#974);
#972 = CARTESIAN_POINT('',(0.,-11.25,1.));
#973 = DIRECTION('',(0.,0.,-1.));
#974 = DIRECTION('',(1.,0.,0.));
#975 = ORIENTED_EDGE('',*,*,#961,.F.);
#976 = ORIENTED_EDGE('',*,*,#623,.F.);
#977 = CYLINDRICAL_SURFACE('',#978,2.);
#978 = AXIS2_PLACEMENT_3D('',#979,#980,#981);
#979 = CARTESIAN_POINT('',(0.,-11.25,0.));
#980 = DIRECTION('',(0.,0.,-1.));
#981 = DIRECTION('',(1.,0.,0.));
#982 = ADVANCED_FACE('',(#983,#986),#997,.F.);
#983 = FACE_BOUND('',#984,.F.);
#984 = EDGE_LOOP('',(#985));
#985 = ORIENTED_EDGE('',*,*,#969,.F.);
#986 = FACE_BOUND('',#987,.F.);
#987 = EDGE_LOOP('',(#988));
#988 = ORIENTED_EDGE('',*,*,#989,.T.);
#989 = EDGE_CURVE('',#990,#990,#992,.T.);
#990 = VERTEX_POINT('',#991);
#991 = CARTESIAN_POINT('',(1.25,-11.25,1.));
#992 = CIRCLE('',#993,1.25);
#993 = AXIS2_PLACEMENT_3D('',#994,#995,#996);
#994 = CARTESIAN_POINT('',(0.,-11.25,1.));
#995 = DIRECTION('',(0.,0.,-1.));
#996 = DIRECTION('',(1.,0.,0.));
#997 = PLANE('',#998);
#998 = AXIS2_PLACEMENT_3D('',#999,#1000,#1001);
#999 = CARTESIAN_POINT('',(-4.7E-16,3.75,1.));
#1000 = DIRECTION('',(0.,0.,1.));
#1001 = DIRECTION('',(1.,0.,0.));
#1002 = ADVANCED_FACE('',(#1003),#1040,.F.);
#1003 = FACE_BOUND('',#1004,.T.);
#1004 = EDGE_LOOP('',(#1005,#1013,#1014,#1015,#1024,#1033));
#1005 = ORIENTED_EDGE('',*,*,#1006,.F.);
#1006 = EDGE_CURVE('',#990,#1007,#1009,.T.);
#1007 = VERTEX_POINT('',#1008);
#1008 = CARTESIAN_POINT('',(1.25,-11.25,2.5));
#1009 = LINE('',#1010,#1011);
#1010 = CARTESIAN_POINT('',(1.25,-11.25,0.));
#1011 = VECTOR('',#1012,1.);
#1012 = DIRECTION('',(0.,0.,1.));
#1013 = ORIENTED_EDGE('',*,*,#989,.T.);
#1014 = ORIENTED_EDGE('',*,*,#1006,.T.);
#1015 = ORIENTED_EDGE('',*,*,#1016,.T.);
#1016 = EDGE_CURVE('',#1007,#1017,#1019,.T.);
#1017 = VERTEX_POINT('',#1018);
#1018 = CARTESIAN_POINT('',(0.853348922223,-10.33660215845,2.5));
#1019 = CIRCLE('',#1020,1.25);
#1020 = AXIS2_PLACEMENT_3D('',#1021,#1022,#1023);
#1021 = CARTESIAN_POINT('',(0.,-11.25,2.5));
#1022 = DIRECTION('',(0.,0.,1.));
#1023 = DIRECTION('',(1.,0.,0.));
#1024 = ORIENTED_EDGE('',*,*,#1025,.T.);
#1025 = EDGE_CURVE('',#1017,#1026,#1028,.T.);
#1026 = VERTEX_POINT('',#1027);
#1027 = CARTESIAN_POINT('',(-0.821160922223,-12.19244084154,2.5));
#1028 = CIRCLE('',#1029,1.25);
#1029 = AXIS2_PLACEMENT_3D('',#1030,#1031,#1032);
#1030 = CARTESIAN_POINT('',(0.,-11.25,2.5));
#1031 = DIRECTION('',(0.,0.,1.));
#1032 = DIRECTION('',(1.,0.,0.));
#1033 = ORIENTED_EDGE('',*,*,#1034,.T.);
#1034 = EDGE_CURVE('',#1026,#1007,#1035,.T.);
#1035 = CIRCLE('',#1036,1.25);
#1036 = AXIS2_PLACEMENT_3D('',#1037,#1038,#1039);
#1037 = CARTESIAN_POINT('',(0.,-11.25,2.5));
#1038 = DIRECTION('',(0.,0.,1.));
#1039 = DIRECTION('',(1.,0.,0.));
#1040 = CYLINDRICAL_SURFACE('',#1041,1.25);
#1041 = AXIS2_PLACEMENT_3D('',#1042,#1043,#1044);
#1042 = CARTESIAN_POINT('',(0.,-11.25,0.));
#1043 = DIRECTION('',(-0.,-0.,-1.));
#1044 = DIRECTION('',(1.,0.,0.));
#1045 = ADVANCED_FACE('',(#1046),#1066,.T.);
#1046 = FACE_BOUND('',#1047,.T.);
#1047 = EDGE_LOOP('',(#1048,#1049,#1050,#1059));
#1048 = ORIENTED_EDGE('',*,*,#1016,.F.);
#1049 = ORIENTED_EDGE('',*,*,#1034,.F.);
#1050 = ORIENTED_EDGE('',*,*,#1051,.T.);
#1051 = EDGE_CURVE('',#1026,#1052,#1054,.T.);
#1052 = VERTEX_POINT('',#1053);
#1053 = CARTESIAN_POINT('',(1.282188,-11.279043,2.5));
#1054 = CIRCLE('',#1055,1.25);
#1055 = AXIS2_PLACEMENT_3D('',#1056,#1057,#1058);
#1056 = CARTESIAN_POINT('',(3.2188E-02,-11.279043,2.5));
#1057 = DIRECTION('',(0.,0.,1.));
#1058 = DIRECTION('',(1.,0.,0.));
#1059 = ORIENTED_EDGE('',*,*,#1060,.T.);
#1060 = EDGE_CURVE('',#1052,#1017,#1061,.T.);
#1061 = CIRCLE('',#1062,1.25);
#1062 = AXIS2_PLACEMENT_3D('',#1063,#1064,#1065);
#1063 = CARTESIAN_POINT('',(3.2188E-02,-11.279043,2.5));
#1064 = DIRECTION('',(0.,0.,1.));
#1065 = DIRECTION('',(1.,0.,0.));
#1066 = PLANE('',#1067);
#1067 = AXIS2_PLACEMENT_3D('',#1068,#1069,#1070);
#1068 = CARTESIAN_POINT('',(3.68E-15,0.38767367088,2.5));
#1069 = DIRECTION('',(0.,0.,1.));
#1070 = DIRECTION('',(1.,0.,0.));
#1071 = ADVANCED_FACE('',(#1072,#1225,#1236,#1270,#1281,#1315),#1326,.T.
  );
#1072 = FACE_BOUND('',#1073,.T.);
#1073 = EDGE_LOOP('',(#1074,#1082,#1083,#1091,#1099,#1107,#1115,#1123,
    #1131,#1139,#1147,#1155,#1163,#1171,#1179,#1187,#1195,#1203,#1211,
    #1219));
#1074 = ORIENTED_EDGE('',*,*,#1075,.T.);
#1075 = EDGE_CURVE('',#1076,#809,#1078,.T.);
#1076 = VERTEX_POINT('',#1077);
#1077 = CARTESIAN_POINT('',(-25.4,8.75,2.5));
#1078 = LINE('',#1079,#1080);
#1079 = CARTESIAN_POINT('',(-13.5,8.75,2.5));
#1080 = VECTOR('',#1081,1.);
#1081 = DIRECTION('',(-1.,4.4E-16,0.));
#1082 = ORIENTED_EDGE('',*,*,#808,.T.);
#1083 = ORIENTED_EDGE('',*,*,#1084,.T.);
#1084 = EDGE_CURVE('',#801,#1085,#1087,.T.);
#1085 = VERTEX_POINT('',#1086);
#1086 = CARTESIAN_POINT('',(-25.4,-8.75,2.5));
#1087 = LINE('',#1088,#1089);
#1088 = CARTESIAN_POINT('',(-12.7,-8.75,2.5));
#1089 = VECTOR('',#1090,1.);
#1090 = DIRECTION('',(1.,0.,0.));
#1091 = ORIENTED_EDGE('',*,*,#1092,.T.);
#1092 = EDGE_CURVE('',#1085,#1093,#1095,.T.);
#1093 = VERTEX_POINT('',#1094);
#1094 = CARTESIAN_POINT('',(-25.4,-13.65,2.5));
#1095 = LINE('',#1096,#1097);
#1096 = CARTESIAN_POINT('',(-25.4,-6.63116316456,2.5));
#1097 = VECTOR('',#1098,1.);
#1098 = DIRECTION('',(0.,-1.,0.));
#1099 = ORIENTED_EDGE('',*,*,#1100,.T.);
#1100 = EDGE_CURVE('',#1093,#1101,#1103,.T.);
#1101 = VERTEX_POINT('',#1102);
#1102 = CARTESIAN_POINT('',(-20.5,-13.65,2.5));
#1103 = LINE('',#1104,#1105);
#1104 = CARTESIAN_POINT('',(-10.25,-13.65,2.5));
#1105 = VECTOR('',#1106,1.);
#1106 = DIRECTION('',(1.,0.,0.));
#1107 = ORIENTED_EDGE('',*,*,#1108,.T.);
#1108 = EDGE_CURVE('',#1101,#1109,#1111,.T.);
#1109 = VERTEX_POINT('',#1110);
#1110 = CARTESIAN_POINT('',(-20.5,-15.25,2.5));
#1111 = LINE('',#1112,#1113);
#1112 = CARTESIAN_POINT('',(-20.5,-7.43116316456,2.5));
#1113 = VECTOR('',#1114,1.);
#1114 = DIRECTION('',(0.,-1.,0.));
#1115 = ORIENTED_EDGE('',*,*,#1116,.T.);
#1116 = EDGE_CURVE('',#1109,#1117,#1119,.T.);
#1117 = VERTEX_POINT('',#1118);
#1118 = CARTESIAN_POINT('',(20.5,-15.25,2.5));
#1119 = LINE('',#1120,#1121);
#1120 = CARTESIAN_POINT('',(-27.,-15.25,2.5));
#1121 = VECTOR('',#1122,1.);
#1122 = DIRECTION('',(1.,0.,0.));
#1123 = ORIENTED_EDGE('',*,*,#1124,.T.);
#1124 = EDGE_CURVE('',#1117,#1125,#1127,.T.);
#1125 = VERTEX_POINT('',#1126);
#1126 = CARTESIAN_POINT('',(20.5,-13.65,2.5));
#1127 = LINE('',#1128,#1129);
#1128 = CARTESIAN_POINT('',(20.5,-6.63116316456,2.5));
#1129 = VECTOR('',#1130,1.);
#1130 = DIRECTION('',(4.4E-16,1.,0.));
#1131 = ORIENTED_EDGE('',*,*,#1132,.T.);
#1132 = EDGE_CURVE('',#1125,#1133,#1135,.T.);
#1133 = VERTEX_POINT('',#1134);
#1134 = CARTESIAN_POINT('',(25.4,-13.65,2.5));
#1135 = LINE('',#1136,#1137);
#1136 = CARTESIAN_POINT('',(12.7,-13.65,2.5));
#1137 = VECTOR('',#1138,1.);
#1138 = DIRECTION('',(1.,-4.4E-16,0.));
#1139 = ORIENTED_EDGE('',*,*,#1140,.T.);
#1140 = EDGE_CURVE('',#1133,#1141,#1143,.T.);
#1141 = VERTEX_POINT('',#1142);
#1142 = CARTESIAN_POINT('',(25.4,-8.75,2.5));
#1143 = LINE('',#1144,#1145);
#1144 = CARTESIAN_POINT('',(25.4,-4.18116316456,2.5));
#1145 = VECTOR('',#1146,1.);
#1146 = DIRECTION('',(4.4E-16,1.,0.));
#1147 = ORIENTED_EDGE('',*,*,#1148,.T.);
#1148 = EDGE_CURVE('',#1141,#1149,#1151,.T.);
#1149 = VERTEX_POINT('',#1150);
#1150 = CARTESIAN_POINT('',(27.,-8.75,2.5));
#1151 = LINE('',#1152,#1153);
#1152 = CARTESIAN_POINT('',(13.5,-8.75,2.5));
#1153 = VECTOR('',#1154,1.);
#1154 = DIRECTION('',(1.,-4.4E-16,0.));
#1155 = ORIENTED_EDGE('',*,*,#1156,.T.);
#1156 = EDGE_CURVE('',#1149,#1157,#1159,.T.);
#1157 = VERTEX_POINT('',#1158);
#1158 = CARTESIAN_POINT('',(27.,8.75,2.5));
#1159 = LINE('',#1160,#1161);
#1160 = CARTESIAN_POINT('',(27.,-15.25,2.5));
#1161 = VECTOR('',#1162,1.);
#1162 = DIRECTION('',(0.,1.,0.));
#1163 = ORIENTED_EDGE('',*,*,#1164,.T.);
#1164 = EDGE_CURVE('',#1157,#1165,#1167,.T.);
#1165 = VERTEX_POINT('',#1166);
#1166 = CARTESIAN_POINT('',(25.4,8.75,2.5));
#1167 = LINE('',#1168,#1169);
#1168 = CARTESIAN_POINT('',(12.7,8.75,2.5));
#1169 = VECTOR('',#1170,1.);
#1170 = DIRECTION('',(-1.,1.2E-16,0.));
#1171 = ORIENTED_EDGE('',*,*,#1172,.T.);
#1172 = EDGE_CURVE('',#1165,#1173,#1175,.T.);
#1173 = VERTEX_POINT('',#1174);
#1174 = CARTESIAN_POINT('',(25.4,13.65,2.5));
#1175 = LINE('',#1176,#1177);
#1176 = CARTESIAN_POINT('',(25.4,7.01883683544,2.5));
#1177 = VECTOR('',#1178,1.);
#1178 = DIRECTION('',(1.2E-16,1.,0.));
#1179 = ORIENTED_EDGE('',*,*,#1180,.T.);
#1180 = EDGE_CURVE('',#1173,#1181,#1183,.T.);
#1181 = VERTEX_POINT('',#1182);
#1182 = CARTESIAN_POINT('',(20.5,13.65,2.5));
#1183 = LINE('',#1184,#1185);
#1184 = CARTESIAN_POINT('',(10.25,13.65,2.5));
#1185 = VECTOR('',#1186,1.);
#1186 = DIRECTION('',(-1.,1.2E-16,0.));
#1187 = ORIENTED_EDGE('',*,*,#1188,.T.);
#1188 = EDGE_CURVE('',#1181,#1189,#1191,.T.);
#1189 = VERTEX_POINT('',#1190);
#1190 = CARTESIAN_POINT('',(20.5,15.25,2.5));
#1191 = LINE('',#1192,#1193);
#1192 = CARTESIAN_POINT('',(20.5,7.81883683544,2.5));
#1193 = VECTOR('',#1194,1.);
#1194 = DIRECTION('',(1.2E-16,1.,0.));
#1195 = ORIENTED_EDGE('',*,*,#1196,.T.);
#1196 = EDGE_CURVE('',#1189,#1197,#1199,.T.);
#1197 = VERTEX_POINT('',#1198);
#1198 = CARTESIAN_POINT('',(-20.5,15.25,2.5));
#1199 = LINE('',#1200,#1201);
#1200 = CARTESIAN_POINT('',(27.,15.25,2.5));
#1201 = VECTOR('',#1202,1.);
#1202 = DIRECTION('',(-1.,0.,0.));
#1203 = ORIENTED_EDGE('',*,*,#1204,.T.);
#1204 = EDGE_CURVE('',#1197,#1205,#1207,.T.);
#1205 = VERTEX_POINT('',#1206);
#1206 = CARTESIAN_POINT('',(-20.5,13.65,2.5));
#1207 = LINE('',#1208,#1209);
#1208 = CARTESIAN_POINT('',(-20.5,7.01883683544,2.5));
#1209 = VECTOR('',#1210,1.);
#1210 = DIRECTION('',(-4.4E-16,-1.,0.));
#1211 = ORIENTED_EDGE('',*,*,#1212,.T.);
#1212 = EDGE_CURVE('',#1205,#1213,#1215,.T.);
#1213 = VERTEX_POINT('',#1214);
#1214 = CARTESIAN_POINT('',(-25.4,13.65,2.5));
#1215 = LINE('',#1216,#1217);
#1216 = CARTESIAN_POINT('',(-12.7,13.65,2.5));
#1217 = VECTOR('',#1218,1.);
#1218 = DIRECTION('',(-1.,4.4E-16,0.));
#1219 = ORIENTED_EDGE('',*,*,#1220,.T.);
#1220 = EDGE_CURVE('',#1213,#1076,#1221,.T.);
#1221 = LINE('',#1222,#1223);
#1222 = CARTESIAN_POINT('',(-25.4,4.56883683544,2.5));
#1223 = VECTOR('',#1224,1.);
#1224 = DIRECTION('',(-4.4E-16,-1.,0.));
#1225 = FACE_BOUND('',#1226,.T.);
#1226 = EDGE_LOOP('',(#1227));
#1227 = ORIENTED_EDGE('',*,*,#1228,.F.);
#1228 = EDGE_CURVE('',#1229,#1229,#1231,.T.);
#1229 = VERTEX_POINT('',#1230);
#1230 = CARTESIAN_POINT('',(2.032188,-11.279043,2.5));
#1231 = CIRCLE('',#1232,2.);
#1232 = AXIS2_PLACEMENT_3D('',#1233,#1234,#1235);
#1233 = CARTESIAN_POINT('',(3.2188E-02,-11.279043,2.5));
#1234 = DIRECTION('',(0.,0.,1.));
#1235 = DIRECTION('',(1.,0.,0.));
#1236 = FACE_BOUND('',#1237,.T.);
#1237 = EDGE_LOOP('',(#1238,#1248,#1256,#1264));
#1238 = ORIENTED_EDGE('',*,*,#1239,.F.);
#1239 = EDGE_CURVE('',#1240,#1242,#1244,.T.);
#1240 = VERTEX_POINT('',#1241);
#1241 = CARTESIAN_POINT('',(25.,-5.5,2.5));
#1242 = VERTEX_POINT('',#1243);
#1243 = CARTESIAN_POINT('',(25.,-7.499999999998,2.5));
#1244 = LINE('',#1245,#1246);
#1245 = CARTESIAN_POINT('',(25.,-3.556163164559,2.5));
#1246 = VECTOR('',#1247,1.);
#1247 = DIRECTION('',(0.,-1.,0.));
#1248 = ORIENTED_EDGE('',*,*,#1249,.F.);
#1249 = EDGE_CURVE('',#1250,#1240,#1252,.T.);
#1250 = VERTEX_POINT('',#1251);
#1251 = CARTESIAN_POINT('',(25.5,-5.5,2.5));
#1252 = LINE('',#1253,#1254);
#1253 = CARTESIAN_POINT('',(12.5,-5.5,2.5));
#1254 = VECTOR('',#1255,1.);
#1255 = DIRECTION('',(-1.,0.,0.));
#1256 = ORIENTED_EDGE('',*,*,#1257,.F.);
#1257 = EDGE_CURVE('',#1258,#1250,#1260,.T.);
#1258 = VERTEX_POINT('',#1259);
#1259 = CARTESIAN_POINT('',(25.5,-7.499999999998,2.5));
#1260 = LINE('',#1261,#1262);
#1261 = CARTESIAN_POINT('',(25.5,-2.55616316456,2.5));
#1262 = VECTOR('',#1263,1.);
#1263 = DIRECTION('',(0.,1.,0.));
#1264 = ORIENTED_EDGE('',*,*,#1265,.F.);
#1265 = EDGE_CURVE('',#1242,#1258,#1266,.T.);
#1266 = LINE('',#1267,#1268);
#1267 = CARTESIAN_POINT('',(12.75,-7.499999999998,2.5));
#1268 = VECTOR('',#1269,1.);
#1269 = DIRECTION('',(1.,0.,0.));
#1270 = FACE_BOUND('',#1271,.T.);
#1271 = EDGE_LOOP('',(#1272));
#1272 = ORIENTED_EDGE('',*,*,#1273,.F.);
#1273 = EDGE_CURVE('',#1274,#1274,#1276,.T.);
#1274 = VERTEX_POINT('',#1275);
#1275 = CARTESIAN_POINT('',(-12.092812,11.220957,2.5));
#1276 = CIRCLE('',#1277,2.);
#1277 = AXIS2_PLACEMENT_3D('',#1278,#1279,#1280);
#1278 = CARTESIAN_POINT('',(-14.092812,11.220957,2.5));
#1279 = DIRECTION('',(0.,0.,1.));
#1280 = DIRECTION('',(1.,0.,0.));
#1281 = FACE_BOUND('',#1282,.T.);
#1282 = EDGE_LOOP('',(#1283,#1293,#1301,#1309));
#1283 = ORIENTED_EDGE('',*,*,#1284,.F.);
#1284 = EDGE_CURVE('',#1285,#1287,#1289,.T.);
#1285 = VERTEX_POINT('',#1286);
#1286 = CARTESIAN_POINT('',(25.,7.5,2.5));
#1287 = VERTEX_POINT('',#1288);
#1288 = CARTESIAN_POINT('',(25.,5.5,2.5));
#1289 = LINE('',#1290,#1291);
#1290 = CARTESIAN_POINT('',(25.,2.94383683544,2.5));
#1291 = VECTOR('',#1292,1.);
#1292 = DIRECTION('',(0.,-1.,0.));
#1293 = ORIENTED_EDGE('',*,*,#1294,.F.);
#1294 = EDGE_CURVE('',#1295,#1285,#1297,.T.);
#1295 = VERTEX_POINT('',#1296);
#1296 = CARTESIAN_POINT('',(25.5,7.5,2.5));
#1297 = LINE('',#1298,#1299);
#1298 = CARTESIAN_POINT('',(12.5,7.5,2.5));
#1299 = VECTOR('',#1300,1.);
#1300 = DIRECTION('',(-1.,0.,0.));
#1301 = ORIENTED_EDGE('',*,*,#1302,.F.);
#1302 = EDGE_CURVE('',#1303,#1295,#1305,.T.);
#1303 = VERTEX_POINT('',#1304);
#1304 = CARTESIAN_POINT('',(25.5,5.5,2.5));
#1305 = LINE('',#1306,#1307);
#1306 = CARTESIAN_POINT('',(25.5,3.94383683544,2.5));
#1307 = VECTOR('',#1308,1.);
#1308 = DIRECTION('',(0.,1.,0.));
#1309 = ORIENTED_EDGE('',*,*,#1310,.F.);
#1310 = EDGE_CURVE('',#1287,#1303,#1311,.T.);
#1311 = LINE('',#1312,#1313);
#1312 = CARTESIAN_POINT('',(12.75,5.5,2.5));
#1313 = VECTOR('',#1314,1.);
#1314 = DIRECTION('',(1.,0.,0.));
#1315 = FACE_BOUND('',#1316,.T.);
#1316 = EDGE_LOOP('',(#1317));
#1317 = ORIENTED_EDGE('',*,*,#1318,.F.);
#1318 = EDGE_CURVE('',#1319,#1319,#1321,.T.);
#1319 = VERTEX_POINT('',#1320);
#1320 = CARTESIAN_POINT('',(16.157188,11.220957,2.5));
#1321 = CIRCLE('',#1322,2.);
#1322 = AXIS2_PLACEMENT_3D('',#1323,#1324,#1325);
#1323 = CARTESIAN_POINT('',(14.157188,11.220957,2.5));
#1324 = DIRECTION('',(0.,0.,1.));
#1325 = DIRECTION('',(1.,0.,0.));
#1326 = PLANE('',#1327);
#1327 = AXIS2_PLACEMENT_3D('',#1328,#1329,#1330);
#1328 = CARTESIAN_POINT('',(3.68E-15,0.38767367088,2.5));
#1329 = DIRECTION('',(0.,0.,1.));
#1330 = DIRECTION('',(1.,0.,0.));
#1331 = ADVANCED_FACE('',(#1332),#1348,.F.);
#1332 = FACE_BOUND('',#1333,.F.);
#1333 = EDGE_LOOP('',(#1334,#1335,#1341,#1342));
#1334 = ORIENTED_EDGE('',*,*,#492,.F.);
#1335 = ORIENTED_EDGE('',*,*,#1336,.T.);
#1336 = EDGE_CURVE('',#493,#1285,#1337,.T.);
#1337 = LINE('',#1338,#1339);
#1338 = CARTESIAN_POINT('',(25.,7.5,0.));
#1339 = VECTOR('',#1340,1.);
#1340 = DIRECTION('',(0.,0.,1.));
#1341 = ORIENTED_EDGE('',*,*,#1294,.F.);
#1342 = ORIENTED_EDGE('',*,*,#1343,.F.);
#1343 = EDGE_CURVE('',#485,#1295,#1344,.T.);
#1344 = LINE('',#1345,#1346);
#1345 = CARTESIAN_POINT('',(25.5,7.5,0.));
#1346 = VECTOR('',#1347,1.);
#1347 = DIRECTION('',(0.,0.,1.));
#1348 = PLANE('',#1349);
#1349 = AXIS2_PLACEMENT_3D('',#1350,#1351,#1352);
#1350 = CARTESIAN_POINT('',(25.,7.5,0.));
#1351 = DIRECTION('',(0.,1.,0.));
#1352 = DIRECTION('',(1.,0.,0.));
#1353 = ADVANCED_FACE('',(#1354),#1365,.F.);
#1354 = FACE_BOUND('',#1355,.F.);
#1355 = EDGE_LOOP('',(#1356,#1357,#1363,#1364));
#1356 = ORIENTED_EDGE('',*,*,#500,.F.);
#1357 = ORIENTED_EDGE('',*,*,#1358,.T.);
#1358 = EDGE_CURVE('',#501,#1287,#1359,.T.);
#1359 = LINE('',#1360,#1361);
#1360 = CARTESIAN_POINT('',(25.,5.5,0.));
#1361 = VECTOR('',#1362,1.);
#1362 = DIRECTION('',(0.,0.,1.));
#1363 = ORIENTED_EDGE('',*,*,#1284,.F.);
#1364 = ORIENTED_EDGE('',*,*,#1336,.F.);
#1365 = PLANE('',#1366);
#1366 = AXIS2_PLACEMENT_3D('',#1367,#1368,#1369);
#1367 = CARTESIAN_POINT('',(25.,5.5,0.));
#1368 = DIRECTION('',(-1.,0.,0.));
#1369 = DIRECTION('',(0.,1.,0.));
#1370 = ADVANCED_FACE('',(#1371),#1382,.F.);
#1371 = FACE_BOUND('',#1372,.F.);
#1372 = EDGE_LOOP('',(#1373,#1374,#1380,#1381));
#1373 = ORIENTED_EDGE('',*,*,#508,.F.);
#1374 = ORIENTED_EDGE('',*,*,#1375,.T.);
#1375 = EDGE_CURVE('',#509,#1303,#1376,.T.);
#1376 = LINE('',#1377,#1378);
#1377 = CARTESIAN_POINT('',(25.5,5.5,0.));
#1378 = VECTOR('',#1379,1.);
#1379 = DIRECTION('',(0.,0.,1.));
#1380 = ORIENTED_EDGE('',*,*,#1310,.F.);
#1381 = ORIENTED_EDGE('',*,*,#1358,.F.);
#1382 = PLANE('',#1383);
#1383 = AXIS2_PLACEMENT_3D('',#1384,#1385,#1386);
#1384 = CARTESIAN_POINT('',(25.5,5.5,0.));
#1385 = DIRECTION('',(0.,-1.,0.));
#1386 = DIRECTION('',(-1.,0.,0.));
#1387 = ADVANCED_FACE('',(#1388),#1404,.F.);
#1388 = FACE_BOUND('',#1389,.F.);
#1389 = EDGE_LOOP('',(#1390,#1391,#1397,#1398));
#1390 = ORIENTED_EDGE('',*,*,#533,.F.);
#1391 = ORIENTED_EDGE('',*,*,#1392,.T.);
#1392 = EDGE_CURVE('',#534,#1240,#1393,.T.);
#1393 = LINE('',#1394,#1395);
#1394 = CARTESIAN_POINT('',(25.,-5.5,0.));
#1395 = VECTOR('',#1396,1.);
#1396 = DIRECTION('',(0.,0.,1.));
#1397 = ORIENTED_EDGE('',*,*,#1249,.F.);
#1398 = ORIENTED_EDGE('',*,*,#1399,.F.);
#1399 = EDGE_CURVE('',#526,#1250,#1400,.T.);
#1400 = LINE('',#1401,#1402);
#1401 = CARTESIAN_POINT('',(25.5,-5.5,0.));
#1402 = VECTOR('',#1403,1.);
#1403 = DIRECTION('',(0.,0.,1.));
#1404 = PLANE('',#1405);
#1405 = AXIS2_PLACEMENT_3D('',#1406,#1407,#1408);
#1406 = CARTESIAN_POINT('',(25.,-5.5,0.));
#1407 = DIRECTION('',(0.,1.,0.));
#1408 = DIRECTION('',(1.,0.,0.));
#1409 = ADVANCED_FACE('',(#1410),#1421,.F.);
#1410 = FACE_BOUND('',#1411,.F.);
#1411 = EDGE_LOOP('',(#1412,#1413,#1419,#1420));
#1412 = ORIENTED_EDGE('',*,*,#541,.F.);
#1413 = ORIENTED_EDGE('',*,*,#1414,.T.);
#1414 = EDGE_CURVE('',#542,#1242,#1415,.T.);
#1415 = LINE('',#1416,#1417);
#1416 = CARTESIAN_POINT('',(25.,-7.499999999998,0.));
#1417 = VECTOR('',#1418,1.);
#1418 = DIRECTION('',(0.,0.,1.));
#1419 = ORIENTED_EDGE('',*,*,#1239,.F.);
#1420 = ORIENTED_EDGE('',*,*,#1392,.F.);
#1421 = PLANE('',#1422);
#1422 = AXIS2_PLACEMENT_3D('',#1423,#1424,#1425);
#1423 = CARTESIAN_POINT('',(25.,-7.499999999998,0.));
#1424 = DIRECTION('',(-1.,0.,0.));
#1425 = DIRECTION('',(0.,1.,0.));
#1426 = ADVANCED_FACE('',(#1427),#1438,.F.);
#1427 = FACE_BOUND('',#1428,.F.);
#1428 = EDGE_LOOP('',(#1429,#1430,#1436,#1437));
#1429 = ORIENTED_EDGE('',*,*,#549,.F.);
#1430 = ORIENTED_EDGE('',*,*,#1431,.T.);
#1431 = EDGE_CURVE('',#550,#1258,#1432,.T.);
#1432 = LINE('',#1433,#1434);
#1433 = CARTESIAN_POINT('',(25.5,-7.499999999998,0.));
#1434 = VECTOR('',#1435,1.);
#1435 = DIRECTION('',(0.,0.,1.));
#1436 = ORIENTED_EDGE('',*,*,#1265,.F.);
#1437 = ORIENTED_EDGE('',*,*,#1414,.F.);
#1438 = PLANE('',#1439);
#1439 = AXIS2_PLACEMENT_3D('',#1440,#1441,#1442);
#1440 = CARTESIAN_POINT('',(25.5,-7.499999999998,0.));
#1441 = DIRECTION('',(0.,-1.,0.));
#1442 = DIRECTION('',(-1.,0.,0.));
#1443 = ADVANCED_FACE('',(#1444),#1462,.F.);
#1444 = FACE_BOUND('',#1445,.F.);
#1445 = EDGE_LOOP('',(#1446,#1447,#1448,#1456));
#1446 = ORIENTED_EDGE('',*,*,#1075,.T.);
#1447 = ORIENTED_EDGE('',*,*,#816,.T.);
#1448 = ORIENTED_EDGE('',*,*,#1449,.T.);
#1449 = EDGE_CURVE('',#817,#1450,#1452,.T.);
#1450 = VERTEX_POINT('',#1451);
#1451 = CARTESIAN_POINT('',(-25.4,8.75,4.1));
#1452 = LINE('',#1453,#1454);
#1453 = CARTESIAN_POINT('',(-27.,8.75,4.1));
#1454 = VECTOR('',#1455,1.);
#1455 = DIRECTION('',(1.,0.,0.));
#1456 = ORIENTED_EDGE('',*,*,#1457,.F.);
#1457 = EDGE_CURVE('',#1076,#1450,#1458,.T.);
#1458 = LINE('',#1459,#1460);
#1459 = CARTESIAN_POINT('',(-25.4,8.75,0.));
#1460 = VECTOR('',#1461,1.);
#1461 = DIRECTION('',(0.,0.,1.));
#1462 = PLANE('',#1463);
#1463 = AXIS2_PLACEMENT_3D('',#1464,#1465,#1466);
#1464 = CARTESIAN_POINT('',(-27.,8.75,0.));
#1465 = DIRECTION('',(0.,1.,0.));
#1466 = DIRECTION('',(1.,0.,0.));
#1467 = ADVANCED_FACE('',(#1468),#1486,.F.);
#1468 = FACE_BOUND('',#1469,.F.);
#1469 = EDGE_LOOP('',(#1470,#1471,#1472,#1480));
#1470 = ORIENTED_EDGE('',*,*,#1220,.T.);
#1471 = ORIENTED_EDGE('',*,*,#1457,.T.);
#1472 = ORIENTED_EDGE('',*,*,#1473,.T.);
#1473 = EDGE_CURVE('',#1450,#1474,#1476,.T.);
#1474 = VERTEX_POINT('',#1475);
#1475 = CARTESIAN_POINT('',(-25.4,13.65,4.1));
#1476 = LINE('',#1477,#1478);
#1477 = CARTESIAN_POINT('',(-25.4,8.75,4.1));
#1478 = VECTOR('',#1479,1.);
#1479 = DIRECTION('',(0.,1.,0.));
#1480 = ORIENTED_EDGE('',*,*,#1481,.F.);
#1481 = EDGE_CURVE('',#1213,#1474,#1482,.T.);
#1482 = LINE('',#1483,#1484);
#1483 = CARTESIAN_POINT('',(-25.4,13.65,0.));
#1484 = VECTOR('',#1485,1.);
#1485 = DIRECTION('',(0.,0.,1.));
#1486 = PLANE('',#1487);
#1487 = AXIS2_PLACEMENT_3D('',#1488,#1489,#1490);
#1488 = CARTESIAN_POINT('',(-25.4,8.75,0.));
#1489 = DIRECTION('',(-1.,0.,0.));
#1490 = DIRECTION('',(0.,1.,0.));
#1491 = ADVANCED_FACE('',(#1492),#1510,.F.);
#1492 = FACE_BOUND('',#1493,.F.);
#1493 = EDGE_LOOP('',(#1494,#1495,#1496,#1504));
#1494 = ORIENTED_EDGE('',*,*,#1212,.T.);
#1495 = ORIENTED_EDGE('',*,*,#1481,.T.);
#1496 = ORIENTED_EDGE('',*,*,#1497,.T.);
#1497 = EDGE_CURVE('',#1474,#1498,#1500,.T.);
#1498 = VERTEX_POINT('',#1499);
#1499 = CARTESIAN_POINT('',(-20.5,13.65,4.1));
#1500 = LINE('',#1501,#1502);
#1501 = CARTESIAN_POINT('',(-25.4,13.65,4.1));
#1502 = VECTOR('',#1503,1.);
#1503 = DIRECTION('',(1.,0.,0.));
#1504 = ORIENTED_EDGE('',*,*,#1505,.F.);
#1505 = EDGE_CURVE('',#1205,#1498,#1506,.T.);
#1506 = LINE('',#1507,#1508);
#1507 = CARTESIAN_POINT('',(-20.5,13.65,0.));
#1508 = VECTOR('',#1509,1.);
#1509 = DIRECTION('',(0.,0.,1.));
#1510 = PLANE('',#1511);
#1511 = AXIS2_PLACEMENT_3D('',#1512,#1513,#1514);
#1512 = CARTESIAN_POINT('',(-25.4,13.65,0.));
#1513 = DIRECTION('',(0.,1.,0.));
#1514 = DIRECTION('',(1.,0.,0.));
#1515 = ADVANCED_FACE('',(#1516),#1534,.F.);
#1516 = FACE_BOUND('',#1517,.F.);
#1517 = EDGE_LOOP('',(#1518,#1519,#1520,#1528));
#1518 = ORIENTED_EDGE('',*,*,#1204,.T.);
#1519 = ORIENTED_EDGE('',*,*,#1505,.T.);
#1520 = ORIENTED_EDGE('',*,*,#1521,.T.);
#1521 = EDGE_CURVE('',#1498,#1522,#1524,.T.);
#1522 = VERTEX_POINT('',#1523);
#1523 = CARTESIAN_POINT('',(-20.5,15.25,4.1));
#1524 = LINE('',#1525,#1526);
#1525 = CARTESIAN_POINT('',(-20.5,13.65,4.1));
#1526 = VECTOR('',#1527,1.);
#1527 = DIRECTION('',(0.,1.,0.));
#1528 = ORIENTED_EDGE('',*,*,#1529,.F.);
#1529 = EDGE_CURVE('',#1197,#1522,#1530,.T.);
#1530 = LINE('',#1531,#1532);
#1531 = CARTESIAN_POINT('',(-20.5,15.25,0.));
#1532 = VECTOR('',#1533,1.);
#1533 = DIRECTION('',(0.,0.,1.));
#1534 = PLANE('',#1535);
#1535 = AXIS2_PLACEMENT_3D('',#1536,#1537,#1538);
#1536 = CARTESIAN_POINT('',(-20.5,13.65,0.));
#1537 = DIRECTION('',(-1.,0.,0.));
#1538 = DIRECTION('',(0.,1.,0.));
#1539 = ADVANCED_FACE('',(#1540),#1565,.F.);
#1540 = FACE_BOUND('',#1541,.F.);
#1541 = EDGE_LOOP('',(#1542,#1543,#1551,#1559));
#1542 = ORIENTED_EDGE('',*,*,#1188,.T.);
#1543 = ORIENTED_EDGE('',*,*,#1544,.T.);
#1544 = EDGE_CURVE('',#1189,#1545,#1547,.T.);
#1545 = VERTEX_POINT('',#1546);
#1546 = CARTESIAN_POINT('',(20.5,15.25,4.1));
#1547 = LINE('',#1548,#1549);
#1548 = CARTESIAN_POINT('',(20.5,15.25,0.));
#1549 = VECTOR('',#1550,1.);
#1550 = DIRECTION('',(0.,0.,1.));
#1551 = ORIENTED_EDGE('',*,*,#1552,.T.);
#1552 = EDGE_CURVE('',#1545,#1553,#1555,.T.);
#1553 = VERTEX_POINT('',#1554);
#1554 = CARTESIAN_POINT('',(20.5,13.65,4.1));
#1555 = LINE('',#1556,#1557);
#1556 = CARTESIAN_POINT('',(20.5,15.25,4.1));
#1557 = VECTOR('',#1558,1.);
#1558 = DIRECTION('',(0.,-1.,0.));
#1559 = ORIENTED_EDGE('',*,*,#1560,.F.);
#1560 = EDGE_CURVE('',#1181,#1553,#1561,.T.);
#1561 = LINE('',#1562,#1563);
#1562 = CARTESIAN_POINT('',(20.5,13.65,0.));
#1563 = VECTOR('',#1564,1.);
#1564 = DIRECTION('',(0.,0.,1.));
#1565 = PLANE('',#1566);
#1566 = AXIS2_PLACEMENT_3D('',#1567,#1568,#1569);
#1567 = CARTESIAN_POINT('',(20.5,15.25,0.));
#1568 = DIRECTION('',(1.,0.,0.));
#1569 = DIRECTION('',(0.,-1.,0.));
#1570 = ADVANCED_FACE('',(#1571),#1589,.F.);
#1571 = FACE_BOUND('',#1572,.F.);
#1572 = EDGE_LOOP('',(#1573,#1574,#1575,#1583));
#1573 = ORIENTED_EDGE('',*,*,#1180,.T.);
#1574 = ORIENTED_EDGE('',*,*,#1560,.T.);
#1575 = ORIENTED_EDGE('',*,*,#1576,.T.);
#1576 = EDGE_CURVE('',#1553,#1577,#1579,.T.);
#1577 = VERTEX_POINT('',#1578);
#1578 = CARTESIAN_POINT('',(25.4,13.65,4.1));
#1579 = LINE('',#1580,#1581);
#1580 = CARTESIAN_POINT('',(20.5,13.65,4.1));
#1581 = VECTOR('',#1582,1.);
#1582 = DIRECTION('',(1.,0.,0.));
#1583 = ORIENTED_EDGE('',*,*,#1584,.F.);
#1584 = EDGE_CURVE('',#1173,#1577,#1585,.T.);
#1585 = LINE('',#1586,#1587);
#1586 = CARTESIAN_POINT('',(25.4,13.65,0.));
#1587 = VECTOR('',#1588,1.);
#1588 = DIRECTION('',(0.,0.,1.));
#1589 = PLANE('',#1590);
#1590 = AXIS2_PLACEMENT_3D('',#1591,#1592,#1593);
#1591 = CARTESIAN_POINT('',(20.5,13.65,0.));
#1592 = DIRECTION('',(0.,1.,0.));
#1593 = DIRECTION('',(1.,0.,0.));
#1594 = ADVANCED_FACE('',(#1595),#1613,.F.);
#1595 = FACE_BOUND('',#1596,.F.);
#1596 = EDGE_LOOP('',(#1597,#1598,#1599,#1607));
#1597 = ORIENTED_EDGE('',*,*,#1172,.T.);
#1598 = ORIENTED_EDGE('',*,*,#1584,.T.);
#1599 = ORIENTED_EDGE('',*,*,#1600,.T.);
#1600 = EDGE_CURVE('',#1577,#1601,#1603,.T.);
#1601 = VERTEX_POINT('',#1602);
#1602 = CARTESIAN_POINT('',(25.4,8.75,4.1));
#1603 = LINE('',#1604,#1605);
#1604 = CARTESIAN_POINT('',(25.4,13.65,4.1));
#1605 = VECTOR('',#1606,1.);
#1606 = DIRECTION('',(0.,-1.,0.));
#1607 = ORIENTED_EDGE('',*,*,#1608,.F.);
#1608 = EDGE_CURVE('',#1165,#1601,#1609,.T.);
#1609 = LINE('',#1610,#1611);
#1610 = CARTESIAN_POINT('',(25.4,8.75,0.));
#1611 = VECTOR('',#1612,1.);
#1612 = DIRECTION('',(0.,0.,1.));
#1613 = PLANE('',#1614);
#1614 = AXIS2_PLACEMENT_3D('',#1615,#1616,#1617);
#1615 = CARTESIAN_POINT('',(25.4,13.65,0.));
#1616 = DIRECTION('',(1.,0.,0.));
#1617 = DIRECTION('',(0.,-1.,0.));
#1618 = ADVANCED_FACE('',(#1619),#1637,.F.);
#1619 = FACE_BOUND('',#1620,.F.);
#1620 = EDGE_LOOP('',(#1621,#1622,#1623,#1631));
#1621 = ORIENTED_EDGE('',*,*,#1164,.T.);
#1622 = ORIENTED_EDGE('',*,*,#1608,.T.);
#1623 = ORIENTED_EDGE('',*,*,#1624,.T.);
#1624 = EDGE_CURVE('',#1601,#1625,#1627,.T.);
#1625 = VERTEX_POINT('',#1626);
#1626 = CARTESIAN_POINT('',(27.,8.75,4.1));
#1627 = LINE('',#1628,#1629);
#1628 = CARTESIAN_POINT('',(25.4,8.75,4.1));
#1629 = VECTOR('',#1630,1.);
#1630 = DIRECTION('',(1.,0.,0.));
#1631 = ORIENTED_EDGE('',*,*,#1632,.F.);
#1632 = EDGE_CURVE('',#1157,#1625,#1633,.T.);
#1633 = LINE('',#1634,#1635);
#1634 = CARTESIAN_POINT('',(27.,8.75,0.));
#1635 = VECTOR('',#1636,1.);
#1636 = DIRECTION('',(0.,0.,1.));
#1637 = PLANE('',#1638);
#1638 = AXIS2_PLACEMENT_3D('',#1639,#1640,#1641);
#1639 = CARTESIAN_POINT('',(25.4,8.75,0.));
#1640 = DIRECTION('',(0.,1.,0.));
#1641 = DIRECTION('',(1.,0.,0.));
#1642 = ADVANCED_FACE('',(#1643),#1668,.F.);
#1643 = FACE_BOUND('',#1644,.F.);
#1644 = EDGE_LOOP('',(#1645,#1646,#1654,#1662));
#1645 = ORIENTED_EDGE('',*,*,#1148,.T.);
#1646 = ORIENTED_EDGE('',*,*,#1647,.T.);
#1647 = EDGE_CURVE('',#1149,#1648,#1650,.T.);
#1648 = VERTEX_POINT('',#1649);
#1649 = CARTESIAN_POINT('',(27.,-8.75,4.1));
#1650 = LINE('',#1651,#1652);
#1651 = CARTESIAN_POINT('',(27.,-8.75,0.));
#1652 = VECTOR('',#1653,1.);
#1653 = DIRECTION('',(0.,0.,1.));
#1654 = ORIENTED_EDGE('',*,*,#1655,.T.);
#1655 = EDGE_CURVE('',#1648,#1656,#1658,.T.);
#1656 = VERTEX_POINT('',#1657);
#1657 = CARTESIAN_POINT('',(25.4,-8.75,4.1));
#1658 = LINE('',#1659,#1660);
#1659 = CARTESIAN_POINT('',(27.,-8.75,4.1));
#1660 = VECTOR('',#1661,1.);
#1661 = DIRECTION('',(-1.,0.,0.));
#1662 = ORIENTED_EDGE('',*,*,#1663,.F.);
#1663 = EDGE_CURVE('',#1141,#1656,#1664,.T.);
#1664 = LINE('',#1665,#1666);
#1665 = CARTESIAN_POINT('',(25.4,-8.75,0.));
#1666 = VECTOR('',#1667,1.);
#1667 = DIRECTION('',(0.,0.,1.));
#1668 = PLANE('',#1669);
#1669 = AXIS2_PLACEMENT_3D('',#1670,#1671,#1672);
#1670 = CARTESIAN_POINT('',(27.,-8.75,0.));
#1671 = DIRECTION('',(0.,-1.,0.));
#1672 = DIRECTION('',(-1.,0.,0.));
#1673 = ADVANCED_FACE('',(#1674),#1692,.F.);
#1674 = FACE_BOUND('',#1675,.F.);
#1675 = EDGE_LOOP('',(#1676,#1677,#1678,#1686));
#1676 = ORIENTED_EDGE('',*,*,#1140,.T.);
#1677 = ORIENTED_EDGE('',*,*,#1663,.T.);
#1678 = ORIENTED_EDGE('',*,*,#1679,.T.);
#1679 = EDGE_CURVE('',#1656,#1680,#1682,.T.);
#1680 = VERTEX_POINT('',#1681);
#1681 = CARTESIAN_POINT('',(25.4,-13.65,4.1));
#1682 = LINE('',#1683,#1684);
#1683 = CARTESIAN_POINT('',(25.4,-8.75,4.1));
#1684 = VECTOR('',#1685,1.);
#1685 = DIRECTION('',(0.,-1.,0.));
#1686 = ORIENTED_EDGE('',*,*,#1687,.F.);
#1687 = EDGE_CURVE('',#1133,#1680,#1688,.T.);
#1688 = LINE('',#1689,#1690);
#1689 = CARTESIAN_POINT('',(25.4,-13.65,0.));
#1690 = VECTOR('',#1691,1.);
#1691 = DIRECTION('',(0.,0.,1.));
#1692 = PLANE('',#1693);
#1693 = AXIS2_PLACEMENT_3D('',#1694,#1695,#1696);
#1694 = CARTESIAN_POINT('',(25.4,-8.75,0.));
#1695 = DIRECTION('',(1.,0.,0.));
#1696 = DIRECTION('',(0.,-1.,0.));
#1697 = ADVANCED_FACE('',(#1698),#1716,.F.);
#1698 = FACE_BOUND('',#1699,.F.);
#1699 = EDGE_LOOP('',(#1700,#1701,#1702,#1710));
#1700 = ORIENTED_EDGE('',*,*,#1132,.T.);
#1701 = ORIENTED_EDGE('',*,*,#1687,.T.);
#1702 = ORIENTED_EDGE('',*,*,#1703,.T.);
#1703 = EDGE_CURVE('',#1680,#1704,#1706,.T.);
#1704 = VERTEX_POINT('',#1705);
#1705 = CARTESIAN_POINT('',(20.5,-13.65,4.1));
#1706 = LINE('',#1707,#1708);
#1707 = CARTESIAN_POINT('',(25.4,-13.65,4.1));
#1708 = VECTOR('',#1709,1.);
#1709 = DIRECTION('',(-1.,0.,0.));
#1710 = ORIENTED_EDGE('',*,*,#1711,.F.);
#1711 = EDGE_CURVE('',#1125,#1704,#1712,.T.);
#1712 = LINE('',#1713,#1714);
#1713 = CARTESIAN_POINT('',(20.5,-13.65,0.));
#1714 = VECTOR('',#1715,1.);
#1715 = DIRECTION('',(0.,0.,1.));
#1716 = PLANE('',#1717);
#1717 = AXIS2_PLACEMENT_3D('',#1718,#1719,#1720);
#1718 = CARTESIAN_POINT('',(25.4,-13.65,0.));
#1719 = DIRECTION('',(0.,-1.,0.));
#1720 = DIRECTION('',(-1.,0.,0.));
#1721 = ADVANCED_FACE('',(#1722),#1740,.F.);
#1722 = FACE_BOUND('',#1723,.F.);
#1723 = EDGE_LOOP('',(#1724,#1725,#1726,#1734));
#1724 = ORIENTED_EDGE('',*,*,#1124,.T.);
#1725 = ORIENTED_EDGE('',*,*,#1711,.T.);
#1726 = ORIENTED_EDGE('',*,*,#1727,.T.);
#1727 = EDGE_CURVE('',#1704,#1728,#1730,.T.);
#1728 = VERTEX_POINT('',#1729);
#1729 = CARTESIAN_POINT('',(20.5,-15.25,4.1));
#1730 = LINE('',#1731,#1732);
#1731 = CARTESIAN_POINT('',(20.5,-13.65,4.1));
#1732 = VECTOR('',#1733,1.);
#1733 = DIRECTION('',(0.,-1.,0.));
#1734 = ORIENTED_EDGE('',*,*,#1735,.F.);
#1735 = EDGE_CURVE('',#1117,#1728,#1736,.T.);
#1736 = LINE('',#1737,#1738);
#1737 = CARTESIAN_POINT('',(20.5,-15.25,0.));
#1738 = VECTOR('',#1739,1.);
#1739 = DIRECTION('',(0.,0.,1.));
#1740 = PLANE('',#1741);
#1741 = AXIS2_PLACEMENT_3D('',#1742,#1743,#1744);
#1742 = CARTESIAN_POINT('',(20.5,-13.65,0.));
#1743 = DIRECTION('',(1.,0.,0.));
#1744 = DIRECTION('',(0.,-1.,0.));
#1745 = ADVANCED_FACE('',(#1746),#1771,.F.);
#1746 = FACE_BOUND('',#1747,.F.);
#1747 = EDGE_LOOP('',(#1748,#1749,#1757,#1765));
#1748 = ORIENTED_EDGE('',*,*,#1108,.T.);
#1749 = ORIENTED_EDGE('',*,*,#1750,.T.);
#1750 = EDGE_CURVE('',#1109,#1751,#1753,.T.);
#1751 = VERTEX_POINT('',#1752);
#1752 = CARTESIAN_POINT('',(-20.5,-15.25,4.1));
#1753 = LINE('',#1754,#1755);
#1754 = CARTESIAN_POINT('',(-20.5,-15.25,0.));
#1755 = VECTOR('',#1756,1.);
#1756 = DIRECTION('',(0.,0.,1.));
#1757 = ORIENTED_EDGE('',*,*,#1758,.T.);
#1758 = EDGE_CURVE('',#1751,#1759,#1761,.T.);
#1759 = VERTEX_POINT('',#1760);
#1760 = CARTESIAN_POINT('',(-20.5,-13.65,4.1));
#1761 = LINE('',#1762,#1763);
#1762 = CARTESIAN_POINT('',(-20.5,-15.25,4.1));
#1763 = VECTOR('',#1764,1.);
#1764 = DIRECTION('',(0.,1.,0.));
#1765 = ORIENTED_EDGE('',*,*,#1766,.F.);
#1766 = EDGE_CURVE('',#1101,#1759,#1767,.T.);
#1767 = LINE('',#1768,#1769);
#1768 = CARTESIAN_POINT('',(-20.5,-13.65,0.));
#1769 = VECTOR('',#1770,1.);
#1770 = DIRECTION('',(0.,0.,1.));
#1771 = PLANE('',#1772);
#1772 = AXIS2_PLACEMENT_3D('',#1773,#1774,#1775);
#1773 = CARTESIAN_POINT('',(-20.5,-15.25,0.));
#1774 = DIRECTION('',(-1.,0.,0.));
#1775 = DIRECTION('',(0.,1.,0.));
#1776 = ADVANCED_FACE('',(#1777),#1795,.F.);
#1777 = FACE_BOUND('',#1778,.F.);
#1778 = EDGE_LOOP('',(#1779,#1780,#1781,#1789));
#1779 = ORIENTED_EDGE('',*,*,#1100,.T.);
#1780 = ORIENTED_EDGE('',*,*,#1766,.T.);
#1781 = ORIENTED_EDGE('',*,*,#1782,.T.);
#1782 = EDGE_CURVE('',#1759,#1783,#1785,.T.);
#1783 = VERTEX_POINT('',#1784);
#1784 = CARTESIAN_POINT('',(-25.4,-13.65,4.1));
#1785 = LINE('',#1786,#1787);
#1786 = CARTESIAN_POINT('',(-20.5,-13.65,4.1));
#1787 = VECTOR('',#1788,1.);
#1788 = DIRECTION('',(-1.,0.,0.));
#1789 = ORIENTED_EDGE('',*,*,#1790,.F.);
#1790 = EDGE_CURVE('',#1093,#1783,#1791,.T.);
#1791 = LINE('',#1792,#1793);
#1792 = CARTESIAN_POINT('',(-25.4,-13.65,0.));
#1793 = VECTOR('',#1794,1.);
#1794 = DIRECTION('',(0.,0.,1.));
#1795 = PLANE('',#1796);
#1796 = AXIS2_PLACEMENT_3D('',#1797,#1798,#1799);
#1797 = CARTESIAN_POINT('',(-20.5,-13.65,0.));
#1798 = DIRECTION('',(0.,-1.,0.));
#1799 = DIRECTION('',(-1.,0.,0.));
#1800 = ADVANCED_FACE('',(#1801),#1819,.F.);
#1801 = FACE_BOUND('',#1802,.F.);
#1802 = EDGE_LOOP('',(#1803,#1804,#1805,#1813));
#1803 = ORIENTED_EDGE('',*,*,#1092,.T.);
#1804 = ORIENTED_EDGE('',*,*,#1790,.T.);
#1805 = ORIENTED_EDGE('',*,*,#1806,.T.);
#1806 = EDGE_CURVE('',#1783,#1807,#1809,.T.);
#1807 = VERTEX_POINT('',#1808);
#1808 = CARTESIAN_POINT('',(-25.4,-8.75,4.1));
#1809 = LINE('',#1810,#1811);
#1810 = CARTESIAN_POINT('',(-25.4,-13.65,4.1));
#1811 = VECTOR('',#1812,1.);
#1812 = DIRECTION('',(0.,1.,0.));
#1813 = ORIENTED_EDGE('',*,*,#1814,.F.);
#1814 = EDGE_CURVE('',#1085,#1807,#1815,.T.);
#1815 = LINE('',#1816,#1817);
#1816 = CARTESIAN_POINT('',(-25.4,-8.75,0.));
#1817 = VECTOR('',#1818,1.);
#1818 = DIRECTION('',(0.,0.,1.));
#1819 = PLANE('',#1820);
#1820 = AXIS2_PLACEMENT_3D('',#1821,#1822,#1823);
#1821 = CARTESIAN_POINT('',(-25.4,-13.65,0.));
#1822 = DIRECTION('',(-1.,0.,0.));
#1823 = DIRECTION('',(0.,1.,0.));
#1824 = ADVANCED_FACE('',(#1825),#1836,.F.);
#1825 = FACE_BOUND('',#1826,.F.);
#1826 = EDGE_LOOP('',(#1827,#1828,#1829,#1835));
#1827 = ORIENTED_EDGE('',*,*,#1084,.T.);
#1828 = ORIENTED_EDGE('',*,*,#1814,.T.);
#1829 = ORIENTED_EDGE('',*,*,#1830,.T.);
#1830 = EDGE_CURVE('',#1807,#793,#1831,.T.);
#1831 = LINE('',#1832,#1833);
#1832 = CARTESIAN_POINT('',(-25.4,-8.75,4.1));
#1833 = VECTOR('',#1834,1.);
#1834 = DIRECTION('',(-1.,0.,0.));
#1835 = ORIENTED_EDGE('',*,*,#800,.F.);
#1836 = PLANE('',#1837);
#1837 = AXIS2_PLACEMENT_3D('',#1838,#1839,#1840);
#1838 = CARTESIAN_POINT('',(-25.4,-8.75,0.));
#1839 = DIRECTION('',(0.,-1.,0.));
#1840 = DIRECTION('',(-1.,0.,0.));
#1841 = ADVANCED_FACE('',(#1842),#1861,.T.);
#1842 = FACE_BOUND('',#1843,.F.);
#1843 = EDGE_LOOP('',(#1844,#1852,#1859,#1860));
#1844 = ORIENTED_EDGE('',*,*,#1845,.T.);
#1845 = EDGE_CURVE('',#1229,#1846,#1848,.T.);
#1846 = VERTEX_POINT('',#1847);
#1847 = CARTESIAN_POINT('',(2.032188,-11.279043,4.2));
#1848 = LINE('',#1849,#1850);
#1849 = CARTESIAN_POINT('',(2.032188,-11.279043,2.5));
#1850 = VECTOR('',#1851,1.);
#1851 = DIRECTION('',(0.,0.,1.));
#1852 = ORIENTED_EDGE('',*,*,#1853,.T.);
#1853 = EDGE_CURVE('',#1846,#1846,#1854,.T.);
#1854 = CIRCLE('',#1855,2.);
#1855 = AXIS2_PLACEMENT_3D('',#1856,#1857,#1858);
#1856 = CARTESIAN_POINT('',(3.2188E-02,-11.279043,4.2));
#1857 = DIRECTION('',(0.,0.,1.));
#1858 = DIRECTION('',(1.,0.,0.));
#1859 = ORIENTED_EDGE('',*,*,#1845,.F.);
#1860 = ORIENTED_EDGE('',*,*,#1228,.F.);
#1861 = CYLINDRICAL_SURFACE('',#1862,2.);
#1862 = AXIS2_PLACEMENT_3D('',#1863,#1864,#1865);
#1863 = CARTESIAN_POINT('',(3.2188E-02,-11.279043,2.5));
#1864 = DIRECTION('',(-0.,-0.,-1.));
#1865 = DIRECTION('',(1.,0.,0.));
#1866 = ADVANCED_FACE('',(#1867),#1886,.T.);
#1867 = FACE_BOUND('',#1868,.F.);
#1868 = EDGE_LOOP('',(#1869,#1877,#1884,#1885));
#1869 = ORIENTED_EDGE('',*,*,#1870,.T.);
#1870 = EDGE_CURVE('',#1274,#1871,#1873,.T.);
#1871 = VERTEX_POINT('',#1872);
#1872 = CARTESIAN_POINT('',(-12.092812,11.220957,4.2));
#1873 = LINE('',#1874,#1875);
#1874 = CARTESIAN_POINT('',(-12.092812,11.220957,2.5));
#1875 = VECTOR('',#1876,1.);
#1876 = DIRECTION('',(0.,0.,1.));
#1877 = ORIENTED_EDGE('',*,*,#1878,.T.);
#1878 = EDGE_CURVE('',#1871,#1871,#1879,.T.);
#1879 = CIRCLE('',#1880,2.);
#1880 = AXIS2_PLACEMENT_3D('',#1881,#1882,#1883);
#1881 = CARTESIAN_POINT('',(-14.092812,11.220957,4.2));
#1882 = DIRECTION('',(0.,0.,1.));
#1883 = DIRECTION('',(1.,0.,0.));
#1884 = ORIENTED_EDGE('',*,*,#1870,.F.);
#1885 = ORIENTED_EDGE('',*,*,#1273,.F.);
#1886 = CYLINDRICAL_SURFACE('',#1887,2.);
#1887 = AXIS2_PLACEMENT_3D('',#1888,#1889,#1890);
#1888 = CARTESIAN_POINT('',(-14.092812,11.220957,2.5));
#1889 = DIRECTION('',(-0.,-0.,-1.));
#1890 = DIRECTION('',(1.,0.,0.));
#1891 = ADVANCED_FACE('',(#1892),#1911,.T.);
#1892 = FACE_BOUND('',#1893,.F.);
#1893 = EDGE_LOOP('',(#1894,#1902,#1909,#1910));
#1894 = ORIENTED_EDGE('',*,*,#1895,.T.);
#1895 = EDGE_CURVE('',#1319,#1896,#1898,.T.);
#1896 = VERTEX_POINT('',#1897);
#1897 = CARTESIAN_POINT('',(16.157188,11.220957,4.2));
#1898 = LINE('',#1899,#1900);
#1899 = CARTESIAN_POINT('',(16.157188,11.220957,2.5));
#1900 = VECTOR('',#1901,1.);
#1901 = DIRECTION('',(0.,0.,1.));
#1902 = ORIENTED_EDGE('',*,*,#1903,.T.);
#1903 = EDGE_CURVE('',#1896,#1896,#1904,.T.);
#1904 = CIRCLE('',#1905,2.);
#1905 = AXIS2_PLACEMENT_3D('',#1906,#1907,#1908);
#1906 = CARTESIAN_POINT('',(14.157188,11.220957,4.2));
#1907 = DIRECTION('',(0.,0.,1.));
#1908 = DIRECTION('',(1.,0.,0.));
#1909 = ORIENTED_EDGE('',*,*,#1895,.F.);
#1910 = ORIENTED_EDGE('',*,*,#1318,.F.);
#1911 = CYLINDRICAL_SURFACE('',#1912,2.);
#1912 = AXIS2_PLACEMENT_3D('',#1913,#1914,#1915);
#1913 = CARTESIAN_POINT('',(14.157188,11.220957,2.5));
#1914 = DIRECTION('',(-0.,-0.,-1.));
#1915 = DIRECTION('',(1.,0.,0.));
#1916 = ADVANCED_FACE('',(#1917),#1930,.T.);
#1917 = FACE_BOUND('',#1918,.T.);
#1918 = EDGE_LOOP('',(#1919,#1920,#1926,#1927,#1928,#1929));
#1919 = ORIENTED_EDGE('',*,*,#792,.T.);
#1920 = ORIENTED_EDGE('',*,*,#1921,.T.);
#1921 = EDGE_CURVE('',#785,#1751,#1922,.T.);
#1922 = LINE('',#1923,#1924);
#1923 = CARTESIAN_POINT('',(-27.,-15.25,4.1));
#1924 = VECTOR('',#1925,1.);
#1925 = DIRECTION('',(1.,0.,0.));
#1926 = ORIENTED_EDGE('',*,*,#1758,.T.);
#1927 = ORIENTED_EDGE('',*,*,#1782,.T.);
#1928 = ORIENTED_EDGE('',*,*,#1806,.T.);
#1929 = ORIENTED_EDGE('',*,*,#1830,.T.);
#1930 = PLANE('',#1931);
#1931 = AXIS2_PLACEMENT_3D('',#1932,#1933,#1934);
#1932 = CARTESIAN_POINT('',(-24.67346153846,-12.92346153846,4.1));
#1933 = DIRECTION('',(0.,0.,1.));
#1934 = DIRECTION('',(1.,0.,0.));
#1935 = ADVANCED_FACE('',(#1936),#1949,.T.);
#1936 = FACE_BOUND('',#1937,.T.);
#1937 = EDGE_LOOP('',(#1938,#1944,#1945,#1946,#1947,#1948));
#1938 = ORIENTED_EDGE('',*,*,#1939,.T.);
#1939 = EDGE_CURVE('',#1522,#825,#1940,.T.);
#1940 = LINE('',#1941,#1942);
#1941 = CARTESIAN_POINT('',(-20.5,15.25,4.1));
#1942 = VECTOR('',#1943,1.);
#1943 = DIRECTION('',(-1.,0.,0.));
#1944 = ORIENTED_EDGE('',*,*,#824,.T.);
#1945 = ORIENTED_EDGE('',*,*,#1449,.T.);
#1946 = ORIENTED_EDGE('',*,*,#1473,.T.);
#1947 = ORIENTED_EDGE('',*,*,#1497,.T.);
#1948 = ORIENTED_EDGE('',*,*,#1521,.T.);
#1949 = PLANE('',#1950);
#1950 = AXIS2_PLACEMENT_3D('',#1951,#1952,#1953);
#1951 = CARTESIAN_POINT('',(-24.67346153846,12.923461538462,4.1));
#1952 = DIRECTION('',(0.,0.,1.));
#1953 = DIRECTION('',(0.,-1.,0.));
#1954 = ADVANCED_FACE('',(#1955),#1975,.T.);
#1955 = FACE_BOUND('',#1956,.T.);
#1956 = EDGE_LOOP('',(#1957,#1965,#1971,#1972,#1973,#1974));
#1957 = ORIENTED_EDGE('',*,*,#1958,.T.);
#1958 = EDGE_CURVE('',#1625,#1959,#1961,.T.);
#1959 = VERTEX_POINT('',#1960);
#1960 = CARTESIAN_POINT('',(27.,15.25,4.1));
#1961 = LINE('',#1962,#1963);
#1962 = CARTESIAN_POINT('',(27.,8.75,4.1));
#1963 = VECTOR('',#1964,1.);
#1964 = DIRECTION('',(0.,1.,0.));
#1965 = ORIENTED_EDGE('',*,*,#1966,.T.);
#1966 = EDGE_CURVE('',#1959,#1545,#1967,.T.);
#1967 = LINE('',#1968,#1969);
#1968 = CARTESIAN_POINT('',(27.,15.25,4.1));
#1969 = VECTOR('',#1970,1.);
#1970 = DIRECTION('',(-1.,0.,0.));
#1971 = ORIENTED_EDGE('',*,*,#1552,.T.);
#1972 = ORIENTED_EDGE('',*,*,#1576,.T.);
#1973 = ORIENTED_EDGE('',*,*,#1600,.T.);
#1974 = ORIENTED_EDGE('',*,*,#1624,.T.);
#1975 = PLANE('',#1976);
#1976 = AXIS2_PLACEMENT_3D('',#1977,#1978,#1979);
#1977 = CARTESIAN_POINT('',(24.673461538462,12.923461538462,4.1));
#1978 = DIRECTION('',(0.,0.,1.));
#1979 = DIRECTION('',(-1.,0.,0.));
#1980 = ADVANCED_FACE('',(#1981),#2001,.T.);
#1981 = FACE_BOUND('',#1982,.T.);
#1982 = EDGE_LOOP('',(#1983,#1991,#1997,#1998,#1999,#2000));
#1983 = ORIENTED_EDGE('',*,*,#1984,.T.);
#1984 = EDGE_CURVE('',#1728,#1985,#1987,.T.);
#1985 = VERTEX_POINT('',#1986);
#1986 = CARTESIAN_POINT('',(27.,-15.25,4.1));
#1987 = LINE('',#1988,#1989);
#1988 = CARTESIAN_POINT('',(20.5,-15.25,4.1));
#1989 = VECTOR('',#1990,1.);
#1990 = DIRECTION('',(1.,0.,0.));
#1991 = ORIENTED_EDGE('',*,*,#1992,.T.);
#1992 = EDGE_CURVE('',#1985,#1648,#1993,.T.);
#1993 = LINE('',#1994,#1995);
#1994 = CARTESIAN_POINT('',(27.,-15.25,4.1));
#1995 = VECTOR('',#1996,1.);
#1996 = DIRECTION('',(0.,1.,0.));
#1997 = ORIENTED_EDGE('',*,*,#1655,.T.);
#1998 = ORIENTED_EDGE('',*,*,#1679,.T.);
#1999 = ORIENTED_EDGE('',*,*,#1703,.T.);
#2000 = ORIENTED_EDGE('',*,*,#1727,.T.);
#2001 = PLANE('',#2002);
#2002 = AXIS2_PLACEMENT_3D('',#2003,#2004,#2005);
#2003 = CARTESIAN_POINT('',(24.673461538462,-12.92346153846,4.1));
#2004 = DIRECTION('',(0.,0.,1.));
#2005 = DIRECTION('',(0.,1.,0.));
#2006 = ADVANCED_FACE('',(#2007,#2010),#2021,.T.);
#2007 = FACE_BOUND('',#2008,.T.);
#2008 = EDGE_LOOP('',(#2009));
#2009 = ORIENTED_EDGE('',*,*,#1853,.T.);
#2010 = FACE_BOUND('',#2011,.F.);
#2011 = EDGE_LOOP('',(#2012));
#2012 = ORIENTED_EDGE('',*,*,#2013,.T.);
#2013 = EDGE_CURVE('',#2014,#2014,#2016,.T.);
#2014 = VERTEX_POINT('',#2015);
#2015 = CARTESIAN_POINT('',(1.282188,-11.279043,4.2));
#2016 = CIRCLE('',#2017,1.25);
#2017 = AXIS2_PLACEMENT_3D('',#2018,#2019,#2020);
#2018 = CARTESIAN_POINT('',(3.2188E-02,-11.279043,4.2));
#2019 = DIRECTION('',(0.,0.,1.));
#2020 = DIRECTION('',(1.,0.,0.));
#2021 = PLANE('',#2022);
#2022 = AXIS2_PLACEMENT_3D('',#2023,#2024,#2025);
#2023 = CARTESIAN_POINT('',(3.218799999999E-02,-11.279043,4.2));
#2024 = DIRECTION('',(0.,0.,1.));
#2025 = DIRECTION('',(1.,0.,0.));
#2026 = ADVANCED_FACE('',(#2027,#2030),#2041,.T.);
#2027 = FACE_BOUND('',#2028,.T.);
#2028 = EDGE_LOOP('',(#2029));
#2029 = ORIENTED_EDGE('',*,*,#1878,.T.);
#2030 = FACE_BOUND('',#2031,.F.);
#2031 = EDGE_LOOP('',(#2032));
#2032 = ORIENTED_EDGE('',*,*,#2033,.T.);
#2033 = EDGE_CURVE('',#2034,#2034,#2036,.T.);
#2034 = VERTEX_POINT('',#2035);
#2035 = CARTESIAN_POINT('',(-12.842812,11.220957,4.2));
#2036 = CIRCLE('',#2037,1.25);
#2037 = AXIS2_PLACEMENT_3D('',#2038,#2039,#2040);
#2038 = CARTESIAN_POINT('',(-14.092812,11.220957,4.2));
#2039 = DIRECTION('',(0.,0.,1.));
#2040 = DIRECTION('',(1.,0.,0.));
#2041 = PLANE('',#2042);
#2042 = AXIS2_PLACEMENT_3D('',#2043,#2044,#2045);
#2043 = CARTESIAN_POINT('',(-14.092812,11.220957,4.2));
#2044 = DIRECTION('',(0.,0.,1.));
#2045 = DIRECTION('',(1.,0.,0.));
#2046 = ADVANCED_FACE('',(#2047,#2050),#2061,.T.);
#2047 = FACE_BOUND('',#2048,.T.);
#2048 = EDGE_LOOP('',(#2049));
#2049 = ORIENTED_EDGE('',*,*,#1903,.T.);
#2050 = FACE_BOUND('',#2051,.F.);
#2051 = EDGE_LOOP('',(#2052));
#2052 = ORIENTED_EDGE('',*,*,#2053,.T.);
#2053 = EDGE_CURVE('',#2054,#2054,#2056,.T.);
#2054 = VERTEX_POINT('',#2055);
#2055 = CARTESIAN_POINT('',(15.407188,11.220957,4.2));
#2056 = CIRCLE('',#2057,1.25);
#2057 = AXIS2_PLACEMENT_3D('',#2058,#2059,#2060);
#2058 = CARTESIAN_POINT('',(14.157188,11.220957,4.2));
#2059 = DIRECTION('',(0.,0.,1.));
#2060 = DIRECTION('',(1.,0.,0.));
#2061 = PLANE('',#2062);
#2062 = AXIS2_PLACEMENT_3D('',#2063,#2064,#2065);
#2063 = CARTESIAN_POINT('',(14.157188,11.220957,4.2));
#2064 = DIRECTION('',(0.,0.,1.));
#2065 = DIRECTION('',(1.,0.,0.));
#2066 = ADVANCED_FACE('',(#2067),#2086,.F.);
#2067 = FACE_BOUND('',#2068,.T.);
#2068 = EDGE_LOOP('',(#2069,#2070,#2076,#2077,#2078,#2079));
#2069 = ORIENTED_EDGE('',*,*,#1060,.F.);
#2070 = ORIENTED_EDGE('',*,*,#2071,.T.);
#2071 = EDGE_CURVE('',#1052,#2014,#2072,.T.);
#2072 = LINE('',#2073,#2074);
#2073 = CARTESIAN_POINT('',(1.282188,-11.279043,2.5));
#2074 = VECTOR('',#2075,1.);
#2075 = DIRECTION('',(0.,0.,1.));
#2076 = ORIENTED_EDGE('',*,*,#2013,.T.);
#2077 = ORIENTED_EDGE('',*,*,#2071,.F.);
#2078 = ORIENTED_EDGE('',*,*,#1051,.F.);
#2079 = ORIENTED_EDGE('',*,*,#2080,.F.);
#2080 = EDGE_CURVE('',#1017,#1026,#2081,.T.);
#2081 = CIRCLE('',#2082,1.25);
#2082 = AXIS2_PLACEMENT_3D('',#2083,#2084,#2085);
#2083 = CARTESIAN_POINT('',(3.2188E-02,-11.279043,2.5));
#2084 = DIRECTION('',(0.,0.,1.));
#2085 = DIRECTION('',(1.,0.,0.));
#2086 = CYLINDRICAL_SURFACE('',#2087,1.25);
#2087 = AXIS2_PLACEMENT_3D('',#2088,#2089,#2090);
#2088 = CARTESIAN_POINT('',(3.2188E-02,-11.279043,2.5));
#2089 = DIRECTION('',(-0.,-0.,-1.));
#2090 = DIRECTION('',(1.,0.,0.));
#2091 = ADVANCED_FACE('',(#2092),#2129,.F.);
#2092 = FACE_BOUND('',#2093,.T.);
#2093 = EDGE_LOOP('',(#2094,#2105,#2111,#2112,#2113,#2122));
#2094 = ORIENTED_EDGE('',*,*,#2095,.F.);
#2095 = EDGE_CURVE('',#2096,#2098,#2100,.T.);
#2096 = VERTEX_POINT('',#2097);
#2097 = CARTESIAN_POINT('',(-12.842812,11.220957,2.5));
#2098 = VERTEX_POINT('',#2099);
#2099 = CARTESIAN_POINT('',(-14.41942677811,12.427531816047,2.5));
#2100 = CIRCLE('',#2101,1.25);
#2101 = AXIS2_PLACEMENT_3D('',#2102,#2103,#2104);
#2102 = CARTESIAN_POINT('',(-14.092812,11.220957,2.5));
#2103 = DIRECTION('',(0.,0.,1.));
#2104 = DIRECTION('',(1.,0.,0.));
#2105 = ORIENTED_EDGE('',*,*,#2106,.T.);
#2106 = EDGE_CURVE('',#2096,#2034,#2107,.T.);
#2107 = LINE('',#2108,#2109);
#2108 = CARTESIAN_POINT('',(-12.842812,11.220957,2.5));
#2109 = VECTOR('',#2110,1.);
#2110 = DIRECTION('',(0.,0.,1.));
#2111 = ORIENTED_EDGE('',*,*,#2033,.T.);
#2112 = ORIENTED_EDGE('',*,*,#2106,.F.);
#2113 = ORIENTED_EDGE('',*,*,#2114,.F.);
#2114 = EDGE_CURVE('',#2115,#2096,#2117,.T.);
#2115 = VERTEX_POINT('',#2116);
#2116 = CARTESIAN_POINT('',(-13.67338522189,10.043425183953,2.5));
#2117 = CIRCLE('',#2118,1.25);
#2118 = AXIS2_PLACEMENT_3D('',#2119,#2120,#2121);
#2119 = CARTESIAN_POINT('',(-14.092812,11.220957,2.5));
#2120 = DIRECTION('',(0.,0.,1.));
#2121 = DIRECTION('',(1.,0.,0.));
#2122 = ORIENTED_EDGE('',*,*,#2123,.F.);
#2123 = EDGE_CURVE('',#2098,#2115,#2124,.T.);
#2124 = CIRCLE('',#2125,1.25);
#2125 = AXIS2_PLACEMENT_3D('',#2126,#2127,#2128);
#2126 = CARTESIAN_POINT('',(-14.092812,11.220957,2.5));
#2127 = DIRECTION('',(0.,0.,1.));
#2128 = DIRECTION('',(1.,0.,0.));
#2129 = CYLINDRICAL_SURFACE('',#2130,1.25);
#2130 = AXIS2_PLACEMENT_3D('',#2131,#2132,#2133);
#2131 = CARTESIAN_POINT('',(-14.092812,11.220957,2.5));
#2132 = DIRECTION('',(-0.,-0.,-1.));
#2133 = DIRECTION('',(1.,0.,0.));
#2134 = ADVANCED_FACE('',(#2135),#2154,.F.);
#2135 = FACE_BOUND('',#2136,.T.);
#2136 = EDGE_LOOP('',(#2137,#2138,#2144,#2145,#2146,#2147));
#2137 = ORIENTED_EDGE('',*,*,#946,.F.);
#2138 = ORIENTED_EDGE('',*,*,#2139,.T.);
#2139 = EDGE_CURVE('',#938,#2054,#2140,.T.);
#2140 = LINE('',#2141,#2142);
#2141 = CARTESIAN_POINT('',(15.407188,11.220957,2.5));
#2142 = VECTOR('',#2143,1.);
#2143 = DIRECTION('',(0.,0.,1.));
#2144 = ORIENTED_EDGE('',*,*,#2053,.T.);
#2145 = ORIENTED_EDGE('',*,*,#2139,.F.);
#2146 = ORIENTED_EDGE('',*,*,#937,.F.);
#2147 = ORIENTED_EDGE('',*,*,#2148,.F.);
#2148 = EDGE_CURVE('',#903,#912,#2149,.T.);
#2149 = CIRCLE('',#2150,1.25);
#2150 = AXIS2_PLACEMENT_3D('',#2151,#2152,#2153);
#2151 = CARTESIAN_POINT('',(14.157188,11.220957,2.5));
#2152 = DIRECTION('',(0.,0.,1.));
#2153 = DIRECTION('',(1.,0.,0.));
#2154 = CYLINDRICAL_SURFACE('',#2155,1.25);
#2155 = AXIS2_PLACEMENT_3D('',#2156,#2157,#2158);
#2156 = CARTESIAN_POINT('',(14.157188,11.220957,2.5));
#2157 = DIRECTION('',(-0.,-0.,-1.));
#2158 = DIRECTION('',(1.,0.,0.));
#2159 = ADVANCED_FACE('',(#2160),#2164,.F.);
#2160 = FACE_BOUND('',#2161,.F.);
#2161 = EDGE_LOOP('',(#2162,#2163));
#2162 = ORIENTED_EDGE('',*,*,#2080,.F.);
#2163 = ORIENTED_EDGE('',*,*,#1025,.T.);
#2164 = PLANE('',#2165);
#2165 = AXIS2_PLACEMENT_3D('',#2166,#2167,#2168);
#2166 = CARTESIAN_POINT('',(3.218799999999E-02,-11.279043,2.5));
#2167 = DIRECTION('',(0.,0.,1.));
#2168 = DIRECTION('',(1.,0.,0.));
#2169 = ADVANCED_FACE('',(#2170),#2190,.F.);
#2170 = FACE_BOUND('',#2171,.F.);
#2171 = EDGE_LOOP('',(#2172,#2173,#2174,#2183));
#2172 = ORIENTED_EDGE('',*,*,#2095,.F.);
#2173 = ORIENTED_EDGE('',*,*,#2114,.F.);
#2174 = ORIENTED_EDGE('',*,*,#2175,.T.);
#2175 = EDGE_CURVE('',#2115,#2176,#2178,.T.);
#2176 = VERTEX_POINT('',#2177);
#2177 = CARTESIAN_POINT('',(-12.75,11.25,2.5));
#2178 = CIRCLE('',#2179,1.25);
#2179 = AXIS2_PLACEMENT_3D('',#2180,#2181,#2182);
#2180 = CARTESIAN_POINT('',(-14.,11.25,2.5));
#2181 = DIRECTION('',(0.,0.,1.));
#2182 = DIRECTION('',(1.,0.,0.));
#2183 = ORIENTED_EDGE('',*,*,#2184,.T.);
#2184 = EDGE_CURVE('',#2176,#2098,#2185,.T.);
#2185 = CIRCLE('',#2186,1.25);
#2186 = AXIS2_PLACEMENT_3D('',#2187,#2188,#2189);
#2187 = CARTESIAN_POINT('',(-14.,11.25,2.5));
#2188 = DIRECTION('',(0.,0.,1.));
#2189 = DIRECTION('',(1.,0.,0.));
#2190 = PLANE('',#2191);
#2191 = AXIS2_PLACEMENT_3D('',#2192,#2193,#2194);
#2192 = CARTESIAN_POINT('',(-14.092812,11.220957,2.5));
#2193 = DIRECTION('',(0.,0.,1.));
#2194 = DIRECTION('',(1.,0.,0.));
#2195 = ADVANCED_FACE('',(#2196),#2215,.F.);
#2196 = FACE_BOUND('',#2197,.F.);
#2197 = EDGE_LOOP('',(#2198,#2206,#2213,#2214));
#2198 = ORIENTED_EDGE('',*,*,#2199,.T.);
#2199 = EDGE_CURVE('',#635,#2200,#2202,.T.);
#2200 = VERTEX_POINT('',#2201);
#2201 = CARTESIAN_POINT('',(-12.,11.25,1.));
#2202 = LINE('',#2203,#2204);
#2203 = CARTESIAN_POINT('',(-12.,11.25,0.));
#2204 = VECTOR('',#2205,1.);
#2205 = DIRECTION('',(0.,0.,1.));
#2206 = ORIENTED_EDGE('',*,*,#2207,.T.);
#2207 = EDGE_CURVE('',#2200,#2200,#2208,.T.);
#2208 = CIRCLE('',#2209,2.);
#2209 = AXIS2_PLACEMENT_3D('',#2210,#2211,#2212);
#2210 = CARTESIAN_POINT('',(-14.,11.25,1.));
#2211 = DIRECTION('',(0.,0.,-1.));
#2212 = DIRECTION('',(1.,0.,0.));
#2213 = ORIENTED_EDGE('',*,*,#2199,.F.);
#2214 = ORIENTED_EDGE('',*,*,#634,.F.);
#2215 = CYLINDRICAL_SURFACE('',#2216,2.);
#2216 = AXIS2_PLACEMENT_3D('',#2217,#2218,#2219);
#2217 = CARTESIAN_POINT('',(-14.,11.25,0.));
#2218 = DIRECTION('',(0.,0.,-1.));
#2219 = DIRECTION('',(1.,0.,0.));
#2220 = ADVANCED_FACE('',(#2221,#2224),#2235,.F.);
#2221 = FACE_BOUND('',#2222,.F.);
#2222 = EDGE_LOOP('',(#2223));
#2223 = ORIENTED_EDGE('',*,*,#2207,.F.);
#2224 = FACE_BOUND('',#2225,.F.);
#2225 = EDGE_LOOP('',(#2226));
#2226 = ORIENTED_EDGE('',*,*,#2227,.T.);
#2227 = EDGE_CURVE('',#2228,#2228,#2230,.T.);
#2228 = VERTEX_POINT('',#2229);
#2229 = CARTESIAN_POINT('',(-12.75,11.25,1.));
#2230 = CIRCLE('',#2231,1.25);
#2231 = AXIS2_PLACEMENT_3D('',#2232,#2233,#2234);
#2232 = CARTESIAN_POINT('',(-14.,11.25,1.));
#2233 = DIRECTION('',(0.,0.,-1.));
#2234 = DIRECTION('',(1.,0.,0.));
#2235 = PLANE('',#2236);
#2236 = AXIS2_PLACEMENT_3D('',#2237,#2238,#2239);
#2237 = CARTESIAN_POINT('',(-4.7E-16,3.75,1.));
#2238 = DIRECTION('',(0.,0.,1.));
#2239 = DIRECTION('',(1.,0.,0.));
#2240 = ADVANCED_FACE('',(#2241),#2260,.F.);
#2241 = FACE_BOUND('',#2242,.T.);
#2242 = EDGE_LOOP('',(#2243,#2249,#2250,#2251,#2252,#2259));
#2243 = ORIENTED_EDGE('',*,*,#2244,.F.);
#2244 = EDGE_CURVE('',#2228,#2176,#2245,.T.);
#2245 = LINE('',#2246,#2247);
#2246 = CARTESIAN_POINT('',(-12.75,11.25,0.));
#2247 = VECTOR('',#2248,1.);
#2248 = DIRECTION('',(0.,0.,1.));
#2249 = ORIENTED_EDGE('',*,*,#2227,.T.);
#2250 = ORIENTED_EDGE('',*,*,#2244,.T.);
#2251 = ORIENTED_EDGE('',*,*,#2184,.T.);
#2252 = ORIENTED_EDGE('',*,*,#2253,.T.);
#2253 = EDGE_CURVE('',#2098,#2115,#2254,.T.);
#2254 = CIRCLE('',#2255,1.25);
#2255 = AXIS2_PLACEMENT_3D('',#2256,#2257,#2258);
#2256 = CARTESIAN_POINT('',(-14.,11.25,2.5));
#2257 = DIRECTION('',(0.,0.,1.));
#2258 = DIRECTION('',(1.,0.,0.));
#2259 = ORIENTED_EDGE('',*,*,#2175,.T.);
#2260 = CYLINDRICAL_SURFACE('',#2261,1.25);
#2261 = AXIS2_PLACEMENT_3D('',#2262,#2263,#2264);
#2262 = CARTESIAN_POINT('',(-14.,11.25,0.));
#2263 = DIRECTION('',(-0.,-0.,-1.));
#2264 = DIRECTION('',(1.,0.,0.));
#2265 = ADVANCED_FACE('',(#2266),#2270,.T.);
#2266 = FACE_BOUND('',#2267,.T.);
#2267 = EDGE_LOOP('',(#2268,#2269));
#2268 = ORIENTED_EDGE('',*,*,#2253,.F.);
#2269 = ORIENTED_EDGE('',*,*,#2123,.T.);
#2270 = PLANE('',#2271);
#2271 = AXIS2_PLACEMENT_3D('',#2272,#2273,#2274);
#2272 = CARTESIAN_POINT('',(3.68E-15,0.38767367088,2.5));
#2273 = DIRECTION('',(0.,0.,1.));
#2274 = DIRECTION('',(1.,0.,0.));
#2275 = ADVANCED_FACE('',(#2276),#2280,.F.);
#2276 = FACE_BOUND('',#2277,.F.);
#2277 = EDGE_LOOP('',(#2278,#2279));
#2278 = ORIENTED_EDGE('',*,*,#2148,.F.);
#2279 = ORIENTED_EDGE('',*,*,#911,.T.);
#2280 = PLANE('',#2281);
#2281 = AXIS2_PLACEMENT_3D('',#2282,#2283,#2284);
#2282 = CARTESIAN_POINT('',(14.157188,11.220957,2.5));
#2283 = DIRECTION('',(0.,0.,1.));
#2284 = DIRECTION('',(1.,0.,0.));
#2285 = ADVANCED_FACE('',(#2286),#2303,.T.);
#2286 = FACE_BOUND('',#2287,.T.);
#2287 = EDGE_LOOP('',(#2288,#2289,#2290,#2291,#2292,#2293,#2294,#2295,
    #2301,#2302));
#2288 = ORIENTED_EDGE('',*,*,#615,.T.);
#2289 = ORIENTED_EDGE('',*,*,#832,.T.);
#2290 = ORIENTED_EDGE('',*,*,#1939,.F.);
#2291 = ORIENTED_EDGE('',*,*,#1529,.F.);
#2292 = ORIENTED_EDGE('',*,*,#1196,.F.);
#2293 = ORIENTED_EDGE('',*,*,#1544,.T.);
#2294 = ORIENTED_EDGE('',*,*,#1966,.F.);
#2295 = ORIENTED_EDGE('',*,*,#2296,.F.);
#2296 = EDGE_CURVE('',#193,#1959,#2297,.T.);
#2297 = LINE('',#2298,#2299);
#2298 = CARTESIAN_POINT('',(27.,15.25,0.));
#2299 = VECTOR('',#2300,1.);
#2300 = DIRECTION('',(0.,0.,1.));
#2301 = ORIENTED_EDGE('',*,*,#192,.T.);
#2302 = ORIENTED_EDGE('',*,*,#59,.T.);
#2303 = PLANE('',#2304);
#2304 = AXIS2_PLACEMENT_3D('',#2305,#2306,#2307);
#2305 = CARTESIAN_POINT('',(3.318028035035,15.25,-1.298244080731));
#2306 = DIRECTION('',(0.,1.,0.));
#2307 = DIRECTION('',(0.,-0.,1.));
#2308 = ADVANCED_FACE('',(#2309,#2319),#2330,.T.);
#2309 = FACE_BOUND('',#2310,.T.);
#2310 = EDGE_LOOP('',(#2311,#2312,#2313,#2314,#2315,#2316,#2317,#2318));
#2311 = ORIENTED_EDGE('',*,*,#280,.T.);
#2312 = ORIENTED_EDGE('',*,*,#299,.T.);
#2313 = ORIENTED_EDGE('',*,*,#516,.T.);
#2314 = ORIENTED_EDGE('',*,*,#1375,.T.);
#2315 = ORIENTED_EDGE('',*,*,#1302,.T.);
#2316 = ORIENTED_EDGE('',*,*,#1343,.F.);
#2317 = ORIENTED_EDGE('',*,*,#484,.T.);
#2318 = ORIENTED_EDGE('',*,*,#178,.F.);
#2319 = FACE_BOUND('',#2320,.T.);
#2320 = EDGE_LOOP('',(#2321));
#2321 = ORIENTED_EDGE('',*,*,#2322,.T.);
#2322 = EDGE_CURVE('',#2323,#2323,#2325,.T.);
#2323 = VERTEX_POINT('',#2324);
#2324 = CARTESIAN_POINT('',(25.5,6.5,-6.));
#2325 = CIRCLE('',#2326,1.5);
#2326 = AXIS2_PLACEMENT_3D('',#2327,#2328,#2329);
#2327 = CARTESIAN_POINT('',(25.5,6.5,-7.5));
#2328 = DIRECTION('',(1.,0.,-2.2E-16));
#2329 = DIRECTION('',(2.2E-16,0.,1.));
#2330 = PLANE('',#2331);
#2331 = AXIS2_PLACEMENT_3D('',#2332,#2333,#2334);
#2332 = CARTESIAN_POINT('',(25.5,6.499999999993,-6.416666666666));
#2333 = DIRECTION('',(-1.,-0.,-0.));
#2334 = DIRECTION('',(0.,0.,-1.));
#2335 = ADVANCED_FACE('',(#2336),#2355,.F.);
#2336 = FACE_BOUND('',#2337,.F.);
#2337 = EDGE_LOOP('',(#2338,#2347,#2353,#2354));
#2338 = ORIENTED_EDGE('',*,*,#2339,.F.);
#2339 = EDGE_CURVE('',#2340,#2340,#2342,.T.);
#2340 = VERTEX_POINT('',#2341);
#2341 = CARTESIAN_POINT('',(26.8,6.5,-6.));
#2342 = CIRCLE('',#2343,1.5);
#2343 = AXIS2_PLACEMENT_3D('',#2344,#2345,#2346);
#2344 = CARTESIAN_POINT('',(26.8,6.5,-7.5));
#2345 = DIRECTION('',(1.,0.,-2.2E-16));
#2346 = DIRECTION('',(2.2E-16,0.,1.));
#2347 = ORIENTED_EDGE('',*,*,#2348,.T.);
#2348 = EDGE_CURVE('',#2340,#2323,#2349,.T.);
#2349 = LINE('',#2350,#2351);
#2350 = CARTESIAN_POINT('',(27.,6.5,-6.));
#2351 = VECTOR('',#2352,1.);
#2352 = DIRECTION('',(-1.,0.,2.2E-16));
#2353 = ORIENTED_EDGE('',*,*,#2322,.T.);
#2354 = ORIENTED_EDGE('',*,*,#2348,.F.);
#2355 = CYLINDRICAL_SURFACE('',#2356,1.5);
#2356 = AXIS2_PLACEMENT_3D('',#2357,#2358,#2359);
#2357 = CARTESIAN_POINT('',(27.,6.5,-7.5));
#2358 = DIRECTION('',(1.,0.,-2.2E-16));
#2359 = DIRECTION('',(2.2E-16,0.,1.));
#2360 = ADVANCED_FACE('',(#2361,#2372),#2375,.T.);
#2361 = FACE_BOUND('',#2362,.T.);
#2362 = EDGE_LOOP('',(#2363));
#2363 = ORIENTED_EDGE('',*,*,#2364,.T.);
#2364 = EDGE_CURVE('',#2365,#2365,#2367,.T.);
#2365 = VERTEX_POINT('',#2366);
#2366 = CARTESIAN_POINT('',(26.8,6.5,-3.75));
#2367 = CIRCLE('',#2368,3.75);
#2368 = AXIS2_PLACEMENT_3D('',#2369,#2370,#2371);
#2369 = CARTESIAN_POINT('',(26.8,6.5,-7.5));
#2370 = DIRECTION('',(1.,2.2E-16,-2.2E-16));
#2371 = DIRECTION('',(2.2E-16,-2.2E-16,1.));
#2372 = FACE_BOUND('',#2373,.T.);
#2373 = EDGE_LOOP('',(#2374));
#2374 = ORIENTED_EDGE('',*,*,#2339,.F.);
#2375 = PLANE('',#2376);
#2376 = AXIS2_PLACEMENT_3D('',#2377,#2378,#2379);
#2377 = CARTESIAN_POINT('',(26.8,2.35E-15,-7.5));
#2378 = DIRECTION('',(1.,0.,-6.3E-16));
#2379 = DIRECTION('',(6.3E-16,-2.2E-16,1.));
#2380 = ADVANCED_FACE('',(#2381),#2400,.F.);
#2381 = FACE_BOUND('',#2382,.F.);
#2382 = EDGE_LOOP('',(#2383,#2391,#2392,#2393));
#2383 = ORIENTED_EDGE('',*,*,#2384,.T.);
#2384 = EDGE_CURVE('',#2385,#2365,#2387,.T.);
#2385 = VERTEX_POINT('',#2386);
#2386 = CARTESIAN_POINT('',(27.,6.5,-3.75));
#2387 = LINE('',#2388,#2389);
#2388 = CARTESIAN_POINT('',(27.,6.5,-3.75));
#2389 = VECTOR('',#2390,1.);
#2390 = DIRECTION('',(-1.,0.,2.2E-16));
#2391 = ORIENTED_EDGE('',*,*,#2364,.T.);
#2392 = ORIENTED_EDGE('',*,*,#2384,.F.);
#2393 = ORIENTED_EDGE('',*,*,#2394,.F.);
#2394 = EDGE_CURVE('',#2385,#2385,#2395,.T.);
#2395 = CIRCLE('',#2396,3.75);
#2396 = AXIS2_PLACEMENT_3D('',#2397,#2398,#2399);
#2397 = CARTESIAN_POINT('',(27.,6.5,-7.5));
#2398 = DIRECTION('',(1.,2.2E-16,-2.2E-16));
#2399 = DIRECTION('',(2.2E-16,-2.2E-16,1.));
#2400 = CYLINDRICAL_SURFACE('',#2401,3.75);
#2401 = AXIS2_PLACEMENT_3D('',#2402,#2403,#2404);
#2402 = CARTESIAN_POINT('',(27.,6.5,-7.5));
#2403 = DIRECTION('',(1.,0.,-2.2E-16));
#2404 = DIRECTION('',(2.2E-16,0.,1.));
#2405 = ADVANCED_FACE('',(#2406,#2416),#2427,.T.);
#2406 = FACE_BOUND('',#2407,.T.);
#2407 = EDGE_LOOP('',(#2408,#2409,#2410,#2411,#2412,#2413,#2414,#2415));
#2408 = ORIENTED_EDGE('',*,*,#248,.T.);
#2409 = ORIENTED_EDGE('',*,*,#378,.T.);
#2410 = ORIENTED_EDGE('',*,*,#557,.T.);
#2411 = ORIENTED_EDGE('',*,*,#1431,.T.);
#2412 = ORIENTED_EDGE('',*,*,#1257,.T.);
#2413 = ORIENTED_EDGE('',*,*,#1399,.F.);
#2414 = ORIENTED_EDGE('',*,*,#525,.T.);
#2415 = ORIENTED_EDGE('',*,*,#363,.F.);
#2416 = FACE_BOUND('',#2417,.T.);
#2417 = EDGE_LOOP('',(#2418));
#2418 = ORIENTED_EDGE('',*,*,#2419,.T.);
#2419 = EDGE_CURVE('',#2420,#2420,#2422,.T.);
#2420 = VERTEX_POINT('',#2421);
#2421 = CARTESIAN_POINT('',(25.5,-6.5,-6.));
#2422 = CIRCLE('',#2423,1.5);
#2423 = AXIS2_PLACEMENT_3D('',#2424,#2425,#2426);
#2424 = CARTESIAN_POINT('',(25.5,-6.5,-7.5));
#2425 = DIRECTION('',(1.,0.,-2.2E-16));
#2426 = DIRECTION('',(2.2E-16,0.,1.));
#2427 = PLANE('',#2428);
#2428 = AXIS2_PLACEMENT_3D('',#2429,#2430,#2431);
#2429 = CARTESIAN_POINT('',(25.5,-6.5,-6.416666666667));
#2430 = DIRECTION('',(-1.,-0.,-0.));
#2431 = DIRECTION('',(0.,0.,-1.));
#2432 = ADVANCED_FACE('',(#2433),#2452,.F.);
#2433 = FACE_BOUND('',#2434,.F.);
#2434 = EDGE_LOOP('',(#2435,#2444,#2450,#2451));
#2435 = ORIENTED_EDGE('',*,*,#2436,.F.);
#2436 = EDGE_CURVE('',#2437,#2437,#2439,.T.);
#2437 = VERTEX_POINT('',#2438);
#2438 = CARTESIAN_POINT('',(26.8,-6.5,-6.));
#2439 = CIRCLE('',#2440,1.5);
#2440 = AXIS2_PLACEMENT_3D('',#2441,#2442,#2443);
#2441 = CARTESIAN_POINT('',(26.8,-6.5,-7.5));
#2442 = DIRECTION('',(1.,0.,-2.2E-16));
#2443 = DIRECTION('',(2.2E-16,0.,1.));
#2444 = ORIENTED_EDGE('',*,*,#2445,.T.);
#2445 = EDGE_CURVE('',#2437,#2420,#2446,.T.);
#2446 = LINE('',#2447,#2448);
#2447 = CARTESIAN_POINT('',(27.,-6.5,-6.));
#2448 = VECTOR('',#2449,1.);
#2449 = DIRECTION('',(-1.,0.,2.2E-16));
#2450 = ORIENTED_EDGE('',*,*,#2419,.T.);
#2451 = ORIENTED_EDGE('',*,*,#2445,.F.);
#2452 = CYLINDRICAL_SURFACE('',#2453,1.5);
#2453 = AXIS2_PLACEMENT_3D('',#2454,#2455,#2456);
#2454 = CARTESIAN_POINT('',(27.,-6.5,-7.5));
#2455 = DIRECTION('',(1.,0.,-2.2E-16));
#2456 = DIRECTION('',(2.2E-16,0.,1.));
#2457 = ADVANCED_FACE('',(#2458,#2469),#2472,.T.);
#2458 = FACE_BOUND('',#2459,.T.);
#2459 = EDGE_LOOP('',(#2460));
#2460 = ORIENTED_EDGE('',*,*,#2461,.T.);
#2461 = EDGE_CURVE('',#2462,#2462,#2464,.T.);
#2462 = VERTEX_POINT('',#2463);
#2463 = CARTESIAN_POINT('',(26.8,-6.5,-3.75));
#2464 = CIRCLE('',#2465,3.75);
#2465 = AXIS2_PLACEMENT_3D('',#2466,#2467,#2468);
#2466 = CARTESIAN_POINT('',(26.8,-6.5,-7.5));
#2467 = DIRECTION('',(1.,2.2E-16,-2.2E-16));
#2468 = DIRECTION('',(2.2E-16,-2.2E-16,1.));
#2469 = FACE_BOUND('',#2470,.T.);
#2470 = EDGE_LOOP('',(#2471));
#2471 = ORIENTED_EDGE('',*,*,#2436,.F.);
#2472 = PLANE('',#2473);
#2473 = AXIS2_PLACEMENT_3D('',#2474,#2475,#2476);
#2474 = CARTESIAN_POINT('',(26.8,2.35E-15,-7.5));
#2475 = DIRECTION('',(1.,0.,-6.3E-16));
#2476 = DIRECTION('',(6.3E-16,-2.2E-16,1.));
#2477 = ADVANCED_FACE('',(#2478),#2497,.F.);
#2478 = FACE_BOUND('',#2479,.F.);
#2479 = EDGE_LOOP('',(#2480,#2488,#2489,#2490));
#2480 = ORIENTED_EDGE('',*,*,#2481,.T.);
#2481 = EDGE_CURVE('',#2482,#2462,#2484,.T.);
#2482 = VERTEX_POINT('',#2483);
#2483 = CARTESIAN_POINT('',(27.,-6.5,-3.75));
#2484 = LINE('',#2485,#2486);
#2485 = CARTESIAN_POINT('',(27.,-6.5,-3.75));
#2486 = VECTOR('',#2487,1.);
#2487 = DIRECTION('',(-1.,0.,2.2E-16));
#2488 = ORIENTED_EDGE('',*,*,#2461,.T.);
#2489 = ORIENTED_EDGE('',*,*,#2481,.F.);
#2490 = ORIENTED_EDGE('',*,*,#2491,.F.);
#2491 = EDGE_CURVE('',#2482,#2482,#2492,.T.);
#2492 = CIRCLE('',#2493,3.75);
#2493 = AXIS2_PLACEMENT_3D('',#2494,#2495,#2496);
#2494 = CARTESIAN_POINT('',(27.,-6.5,-7.5));
#2495 = DIRECTION('',(1.,2.2E-16,-2.2E-16));
#2496 = DIRECTION('',(2.2E-16,-2.2E-16,1.));
#2497 = CYLINDRICAL_SURFACE('',#2498,3.75);
#2498 = AXIS2_PLACEMENT_3D('',#2499,#2500,#2501);
#2499 = CARTESIAN_POINT('',(27.,-6.5,-7.5));
#2500 = DIRECTION('',(1.,0.,-2.2E-16));
#2501 = DIRECTION('',(2.2E-16,0.,1.));
#2502 = ADVANCED_FACE('',(#2503),#2520,.T.);
#2503 = FACE_BOUND('',#2504,.T.);
#2504 = EDGE_LOOP('',(#2505,#2506,#2507,#2508,#2514,#2515,#2516,#2517,
    #2518,#2519));
#2505 = ORIENTED_EDGE('',*,*,#567,.T.);
#2506 = ORIENTED_EDGE('',*,*,#458,.F.);
#2507 = ORIENTED_EDGE('',*,*,#208,.F.);
#2508 = ORIENTED_EDGE('',*,*,#2509,.F.);
#2509 = EDGE_CURVE('',#1985,#201,#2510,.T.);
#2510 = LINE('',#2511,#2512);
#2511 = CARTESIAN_POINT('',(27.,-15.25,-3.55E-15));
#2512 = VECTOR('',#2513,1.);
#2513 = DIRECTION('',(0.,2.2E-16,-1.));
#2514 = ORIENTED_EDGE('',*,*,#1984,.F.);
#2515 = ORIENTED_EDGE('',*,*,#1735,.F.);
#2516 = ORIENTED_EDGE('',*,*,#1116,.F.);
#2517 = ORIENTED_EDGE('',*,*,#1750,.T.);
#2518 = ORIENTED_EDGE('',*,*,#1921,.F.);
#2519 = ORIENTED_EDGE('',*,*,#784,.F.);
#2520 = PLANE('',#2521);
#2521 = AXIS2_PLACEMENT_3D('',#2522,#2523,#2524);
#2522 = CARTESIAN_POINT('',(3.318028035035,-15.25,-1.298244080731));
#2523 = DIRECTION('',(-0.,-1.,-9.1E-16));
#2524 = DIRECTION('',(0.,9.1E-16,-1.));
#2525 = ADVANCED_FACE('',(#2526,#2536,#2539),#2542,.T.);
#2526 = FACE_BOUND('',#2527,.T.);
#2527 = EDGE_LOOP('',(#2528,#2529,#2530,#2531,#2532,#2533,#2534,#2535));
#2528 = ORIENTED_EDGE('',*,*,#1156,.F.);
#2529 = ORIENTED_EDGE('',*,*,#1647,.T.);
#2530 = ORIENTED_EDGE('',*,*,#1992,.F.);
#2531 = ORIENTED_EDGE('',*,*,#2509,.T.);
#2532 = ORIENTED_EDGE('',*,*,#200,.F.);
#2533 = ORIENTED_EDGE('',*,*,#2296,.T.);
#2534 = ORIENTED_EDGE('',*,*,#1958,.F.);
#2535 = ORIENTED_EDGE('',*,*,#1632,.F.);
#2536 = FACE_BOUND('',#2537,.T.);
#2537 = EDGE_LOOP('',(#2538));
#2538 = ORIENTED_EDGE('',*,*,#2491,.F.);
#2539 = FACE_BOUND('',#2540,.T.);
#2540 = EDGE_LOOP('',(#2541));
#2541 = ORIENTED_EDGE('',*,*,#2394,.F.);
#2542 = PLANE('',#2543);
#2543 = AXIS2_PLACEMENT_3D('',#2544,#2545,#2546);
#2544 = CARTESIAN_POINT('',(27.,-3.75E-15,-5.45));
#2545 = DIRECTION('',(1.,0.,0.));
#2546 = DIRECTION('',(0.,0.,1.));
#2547 = ( GEOMETRIC_REPRESENTATION_CONTEXT(3) 
GLOBAL_UNCERTAINTY_ASSIGNED_CONTEXT((#2551)) 
GLOBAL_UNIT_ASSIGNED_CONTEXT((#2548,#2549,#2550)) REPRESENTATION_CONTEXT
('Context #1','3D Context with UNIT and UNCERTAINTY') );
#2548 = ( LENGTH_UNIT() NAMED_UNIT(*) SI_UNIT(.MILLI.,.METRE.) );
#2549 = ( NAMED_UNIT(*) PLANE_ANGLE_UNIT() SI_UNIT($,.RADIAN.) );
#2550 = ( NAMED_UNIT(*) SI_UNIT($,.STERADIAN.) SOLID_ANGLE_UNIT() );
#2551 = UNCERTAINTY_MEASURE_WITH_UNIT(LENGTH_MEASURE(1.E-05),#2548,
  'distance_accuracy_value','confusion accuracy');
#2552 = CONTEXT_DEPENDENT_SHAPE_REPRESENTATION(#2553,#2555);
#2553 = ( REPRESENTATION_RELATIONSHIP('','',#52,#10) 
REPRESENTATION_RELATIONSHIP_WITH_TRANSFORMATION(#2554) 
SHAPE_REPRESENTATION_RELATIONSHIP() );
#2554 = ITEM_DEFINED_TRANSFORMATION('','',#11,#15);
#2555 = PRODUCT_DEFINITION_SHAPE('Placement','Placement of an item',
  #2556);
#2556 = NEXT_ASSEMBLY_USAGE_OCCURRENCE('1','butee','',#5,#47,$);
#2557 = PRODUCT_RELATED_PRODUCT_CATEGORY('part',$,(#49));
#2558 = SHAPE_DEFINITION_REPRESENTATION(#2559,#2565);
#2559 = PRODUCT_DEFINITION_SHAPE('','',#2560);
#2560 = PRODUCT_DEFINITION('design','',#2561,#2564);
#2561 = PRODUCT_DEFINITION_FORMATION('','',#2562);
#2562 = PRODUCT('pin001','pin001','',(#2563));
#2563 = PRODUCT_CONTEXT('',#2,'mechanical');
#2564 = PRODUCT_DEFINITION_CONTEXT('part definition',#2,'design');
#2565 = ADVANCED_BREP_SHAPE_REPRESENTATION('',(#11,#2566),#2843);
#2566 = MANIFOLD_SOLID_BREP('',#2567);
#2567 = CLOSED_SHELL('',(#2568,#2608,#2676,#2700,#2735,#2780,#2797,#2814
    ,#2826));
#2568 = ADVANCED_FACE('',(#2569),#2603,.T.);
#2569 = FACE_BOUND('',#2570,.T.);
#2570 = EDGE_LOOP('',(#2571,#2581,#2589,#2597));
#2571 = ORIENTED_EDGE('',*,*,#2572,.F.);
#2572 = EDGE_CURVE('',#2573,#2575,#2577,.T.);
#2573 = VERTEX_POINT('',#2574);
#2574 = CARTESIAN_POINT('',(0.,-6.1,6.6));
#2575 = VERTEX_POINT('',#2576);
#2576 = CARTESIAN_POINT('',(4.E-15,-6.1,-5.540408205773));
#2577 = LINE('',#2578,#2579);
#2578 = CARTESIAN_POINT('',(2.21E-15,-6.1,6.75));
#2579 = VECTOR('',#2580,1.);
#2580 = DIRECTION('',(3.3E-16,1.1E-16,-1.));
#2581 = ORIENTED_EDGE('',*,*,#2582,.T.);
#2582 = EDGE_CURVE('',#2573,#2583,#2585,.T.);
#2583 = VERTEX_POINT('',#2584);
#2584 = CARTESIAN_POINT('',(0.5,-6.1,6.6));
#2585 = LINE('',#2586,#2587);
#2586 = CARTESIAN_POINT('',(8.8E-16,-6.1,6.6));
#2587 = VECTOR('',#2588,1.);
#2588 = DIRECTION('',(1.,-2.2E-16,1.1E-16));
#2589 = ORIENTED_EDGE('',*,*,#2590,.T.);
#2590 = EDGE_CURVE('',#2583,#2591,#2593,.T.);
#2591 = VERTEX_POINT('',#2592);
#2592 = CARTESIAN_POINT('',(0.5,-6.1,-5.540408205773));
#2593 = LINE('',#2594,#2595);
#2594 = CARTESIAN_POINT('',(0.5,-6.1,6.75));
#2595 = VECTOR('',#2596,1.);
#2596 = DIRECTION('',(3.3E-16,1.1E-16,-1.));
#2597 = ORIENTED_EDGE('',*,*,#2598,.T.);
#2598 = EDGE_CURVE('',#2591,#2575,#2599,.T.);
#2599 = LINE('',#2600,#2601);
#2600 = CARTESIAN_POINT('',(4.21E-15,-6.1,-5.540408205773));
#2601 = VECTOR('',#2602,1.);
#2602 = DIRECTION('',(-1.,2.2E-16,-4.4E-16));
#2603 = PLANE('',#2604);
#2604 = AXIS2_PLACEMENT_3D('',#2605,#2606,#2607);
#2605 = CARTESIAN_POINT('',(8.6E-16,-6.1,6.75));
#2606 = DIRECTION('',(2.2E-16,1.,-1.1E-16));
#2607 = DIRECTION('',(3.3E-16,-1.1E-16,-1.));
#2608 = ADVANCED_FACE('',(#2609,#2660),#2671,.T.);
#2609 = FACE_BOUND('',#2610,.T.);
#2610 = EDGE_LOOP('',(#2611,#2621,#2629,#2637,#2643,#2644,#2653));
#2611 = ORIENTED_EDGE('',*,*,#2612,.T.);
#2612 = EDGE_CURVE('',#2613,#2615,#2617,.T.);
#2613 = VERTEX_POINT('',#2614);
#2614 = CARTESIAN_POINT('',(4.E-15,-6.9,-5.540408205773));
#2615 = VERTEX_POINT('',#2616);
#2616 = CARTESIAN_POINT('',(0.,-6.9,6.6));
#2617 = LINE('',#2618,#2619);
#2618 = CARTESIAN_POINT('',(6.56E-15,-6.9,-5.75));
#2619 = VECTOR('',#2620,1.);
#2620 = DIRECTION('',(-3.3E-16,-1.1E-16,1.));
#2621 = ORIENTED_EDGE('',*,*,#2622,.F.);
#2622 = EDGE_CURVE('',#2623,#2615,#2625,.T.);
#2623 = VERTEX_POINT('',#2624);
#2624 = CARTESIAN_POINT('',(0.,-6.75,6.75));
#2625 = LINE('',#2626,#2627);
#2626 = CARTESIAN_POINT('',(2.79E-15,-8.832705514538,4.667294485462));
#2627 = VECTOR('',#2628,1.);
#2628 = DIRECTION('',(8.E-17,-0.707106781187,-0.707106781187));
#2629 = ORIENTED_EDGE('',*,*,#2630,.T.);
#2630 = EDGE_CURVE('',#2623,#2631,#2633,.T.);
#2631 = VERTEX_POINT('',#2632);
#2632 = CARTESIAN_POINT('',(0.,-6.25,6.75));
#2633 = LINE('',#2634,#2635);
#2634 = CARTESIAN_POINT('',(2.39E-15,-6.9,6.75));
#2635 = VECTOR('',#2636,1.);
#2636 = DIRECTION('',(-2.2E-16,1.,-3.3E-16));
#2637 = ORIENTED_EDGE('',*,*,#2638,.F.);
#2638 = EDGE_CURVE('',#2573,#2631,#2639,.T.);
#2639 = LINE('',#2640,#2641);
#2640 = CARTESIAN_POINT('',(2.79E-15,-4.154139470054,4.654139470054));
#2641 = VECTOR('',#2642,1.);
#2642 = DIRECTION('',(-8.E-17,-0.707106781187,0.707106781187));
#2643 = ORIENTED_EDGE('',*,*,#2572,.T.);
#2644 = ORIENTED_EDGE('',*,*,#2645,.F.);
#2645 = EDGE_CURVE('',#2646,#2575,#2648,.T.);
#2646 = VERTEX_POINT('',#2647);
#2647 = CARTESIAN_POINT('',(4.E-15,-4.5,-7.5));
#2648 = CIRCLE('',#2649,2.);
#2649 = AXIS2_PLACEMENT_3D('',#2650,#2651,#2652);
#2650 = CARTESIAN_POINT('',(8.6E-15,-6.5,-7.5));
#2651 = DIRECTION('',(1.,5.6E-16,6.7E-16));
#2652 = DIRECTION('',(-5.6E-16,1.,-5.6E-16));
#2653 = ORIENTED_EDGE('',*,*,#2654,.F.);
#2654 = EDGE_CURVE('',#2613,#2646,#2655,.T.);
#2655 = CIRCLE('',#2656,2.);
#2656 = AXIS2_PLACEMENT_3D('',#2657,#2658,#2659);
#2657 = CARTESIAN_POINT('',(8.6E-15,-6.5,-7.5));
#2658 = DIRECTION('',(1.,5.6E-16,6.7E-16));
#2659 = DIRECTION('',(-5.6E-16,1.,-5.6E-16));
#2660 = FACE_BOUND('',#2661,.T.);
#2661 = EDGE_LOOP('',(#2662));
#2662 = ORIENTED_EDGE('',*,*,#2663,.T.);
#2663 = EDGE_CURVE('',#2664,#2664,#2666,.T.);
#2664 = VERTEX_POINT('',#2665);
#2665 = CARTESIAN_POINT('',(4.E-15,-5.,-7.5));
#2666 = CIRCLE('',#2667,1.5);
#2667 = AXIS2_PLACEMENT_3D('',#2668,#2669,#2670);
#2668 = CARTESIAN_POINT('',(8.6E-15,-6.5,-7.5));
#2669 = DIRECTION('',(1.,5.6E-16,6.7E-16));
#2670 = DIRECTION('',(-5.6E-16,1.,-5.6E-16));
#2671 = PLANE('',#2672);
#2672 = AXIS2_PLACEMENT_3D('',#2673,#2674,#2675);
#2673 = CARTESIAN_POINT('',(3.5E-15,-6.473689969185,-1.707132088967));
#2674 = DIRECTION('',(-1.,-0.,-1.1E-16));
#2675 = DIRECTION('',(-1.21E-32,-1.,1.1E-16));
#2676 = ADVANCED_FACE('',(#2677),#2695,.T.);
#2677 = FACE_BOUND('',#2678,.F.);
#2678 = EDGE_LOOP('',(#2679,#2680,#2681,#2689));
#2679 = ORIENTED_EDGE('',*,*,#2638,.F.);
#2680 = ORIENTED_EDGE('',*,*,#2582,.T.);
#2681 = ORIENTED_EDGE('',*,*,#2682,.T.);
#2682 = EDGE_CURVE('',#2583,#2683,#2685,.T.);
#2683 = VERTEX_POINT('',#2684);
#2684 = CARTESIAN_POINT('',(0.5,-6.25,6.75));
#2685 = LINE('',#2686,#2687);
#2686 = CARTESIAN_POINT('',(0.5,-4.154139470054,4.654139470054));
#2687 = VECTOR('',#2688,1.);
#2688 = DIRECTION('',(-8.E-17,-0.707106781187,0.707106781187));
#2689 = ORIENTED_EDGE('',*,*,#2690,.F.);
#2690 = EDGE_CURVE('',#2631,#2683,#2691,.T.);
#2691 = LINE('',#2692,#2693);
#2692 = CARTESIAN_POINT('',(8.3E-16,-6.25,6.75));
#2693 = VECTOR('',#2694,1.);
#2694 = DIRECTION('',(1.,-2.2E-16,1.1E-16));
#2695 = PLANE('',#2696);
#2696 = AXIS2_PLACEMENT_3D('',#2697,#2698,#2699);
#2697 = CARTESIAN_POINT('',(8.5E-16,-6.175,6.675));
#2698 = DIRECTION('',(5.E-17,0.707106781187,0.707106781187));
#2699 = DIRECTION('',(-1.,2.003553390593E-16,-1.296446609407E-16));
#2700 = ADVANCED_FACE('',(#2701),#2730,.T.);
#2701 = FACE_BOUND('',#2702,.F.);
#2702 = EDGE_LOOP('',(#2703,#2711,#2720,#2727,#2728,#2729));
#2703 = ORIENTED_EDGE('',*,*,#2704,.F.);
#2704 = EDGE_CURVE('',#2705,#2613,#2707,.T.);
#2705 = VERTEX_POINT('',#2706);
#2706 = CARTESIAN_POINT('',(0.5,-6.9,-5.540408205773));
#2707 = LINE('',#2708,#2709);
#2708 = CARTESIAN_POINT('',(4.04E-15,-6.9,-5.540408205773));
#2709 = VECTOR('',#2710,1.);
#2710 = DIRECTION('',(-1.,2.2E-16,-4.4E-16));
#2711 = ORIENTED_EDGE('',*,*,#2712,.T.);
#2712 = EDGE_CURVE('',#2705,#2713,#2715,.T.);
#2713 = VERTEX_POINT('',#2714);
#2714 = CARTESIAN_POINT('',(0.5,-4.5,-7.5));
#2715 = CIRCLE('',#2716,2.);
#2716 = AXIS2_PLACEMENT_3D('',#2717,#2718,#2719);
#2717 = CARTESIAN_POINT('',(0.5,-6.5,-7.5));
#2718 = DIRECTION('',(1.,5.6E-16,6.7E-16));
#2719 = DIRECTION('',(-5.6E-16,1.,-5.6E-16));
#2720 = ORIENTED_EDGE('',*,*,#2721,.T.);
#2721 = EDGE_CURVE('',#2713,#2591,#2722,.T.);
#2722 = CIRCLE('',#2723,2.);
#2723 = AXIS2_PLACEMENT_3D('',#2724,#2725,#2726);
#2724 = CARTESIAN_POINT('',(0.5,-6.5,-7.5));
#2725 = DIRECTION('',(1.,5.6E-16,6.7E-16));
#2726 = DIRECTION('',(-5.6E-16,1.,-5.6E-16));
#2727 = ORIENTED_EDGE('',*,*,#2598,.T.);
#2728 = ORIENTED_EDGE('',*,*,#2645,.F.);
#2729 = ORIENTED_EDGE('',*,*,#2654,.F.);
#2730 = CYLINDRICAL_SURFACE('',#2731,2.);
#2731 = AXIS2_PLACEMENT_3D('',#2732,#2733,#2734);
#2732 = CARTESIAN_POINT('',(5.E-15,-6.5,-7.5));
#2733 = DIRECTION('',(-1.,2.2E-16,-4.4E-16));
#2734 = DIRECTION('',(2.2E-16,1.,-6.7E-16));
#2735 = ADVANCED_FACE('',(#2736,#2764),#2775,.T.);
#2736 = FACE_BOUND('',#2737,.T.);
#2737 = EDGE_LOOP('',(#2738,#2739,#2740,#2748,#2756,#2762,#2763));
#2738 = ORIENTED_EDGE('',*,*,#2590,.F.);
#2739 = ORIENTED_EDGE('',*,*,#2682,.T.);
#2740 = ORIENTED_EDGE('',*,*,#2741,.F.);
#2741 = EDGE_CURVE('',#2742,#2683,#2744,.T.);
#2742 = VERTEX_POINT('',#2743);
#2743 = CARTESIAN_POINT('',(0.5,-6.75,6.75));
#2744 = LINE('',#2745,#2746);
#2745 = CARTESIAN_POINT('',(0.5,-6.9,6.75));
#2746 = VECTOR('',#2747,1.);
#2747 = DIRECTION('',(-2.2E-16,1.,-3.3E-16));
#2748 = ORIENTED_EDGE('',*,*,#2749,.T.);
#2749 = EDGE_CURVE('',#2742,#2750,#2752,.T.);
#2750 = VERTEX_POINT('',#2751);
#2751 = CARTESIAN_POINT('',(0.5,-6.9,6.6));
#2752 = LINE('',#2753,#2754);
#2753 = CARTESIAN_POINT('',(0.5,-8.832705514538,4.667294485462));
#2754 = VECTOR('',#2755,1.);
#2755 = DIRECTION('',(8.E-17,-0.707106781187,-0.707106781187));
#2756 = ORIENTED_EDGE('',*,*,#2757,.F.);
#2757 = EDGE_CURVE('',#2705,#2750,#2758,.T.);
#2758 = LINE('',#2759,#2760);
#2759 = CARTESIAN_POINT('',(0.5,-6.9,-5.75));
#2760 = VECTOR('',#2761,1.);
#2761 = DIRECTION('',(-3.3E-16,-1.1E-16,1.));
#2762 = ORIENTED_EDGE('',*,*,#2712,.T.);
#2763 = ORIENTED_EDGE('',*,*,#2721,.T.);
#2764 = FACE_BOUND('',#2765,.T.);
#2765 = EDGE_LOOP('',(#2766));
#2766 = ORIENTED_EDGE('',*,*,#2767,.F.);
#2767 = EDGE_CURVE('',#2768,#2768,#2770,.T.);
#2768 = VERTEX_POINT('',#2769);
#2769 = CARTESIAN_POINT('',(0.5,-5.,-7.5));
#2770 = CIRCLE('',#2771,1.5);
#2771 = AXIS2_PLACEMENT_3D('',#2772,#2773,#2774);
#2772 = CARTESIAN_POINT('',(0.5,-6.5,-7.5));
#2773 = DIRECTION('',(1.,5.6E-16,6.7E-16));
#2774 = DIRECTION('',(-5.6E-16,1.,-5.6E-16));
#2775 = PLANE('',#2776);
#2776 = AXIS2_PLACEMENT_3D('',#2777,#2778,#2779);
#2777 = CARTESIAN_POINT('',(0.5,-6.473689969185,-1.707132088967));
#2778 = DIRECTION('',(1.,0.,1.1E-16));
#2779 = DIRECTION('',(1.21E-32,1.,-1.1E-16));
#2780 = ADVANCED_FACE('',(#2781),#2792,.T.);
#2781 = FACE_BOUND('',#2782,.T.);
#2782 = EDGE_LOOP('',(#2783,#2784,#2785,#2786));
#2783 = ORIENTED_EDGE('',*,*,#2612,.F.);
#2784 = ORIENTED_EDGE('',*,*,#2704,.F.);
#2785 = ORIENTED_EDGE('',*,*,#2757,.T.);
#2786 = ORIENTED_EDGE('',*,*,#2787,.F.);
#2787 = EDGE_CURVE('',#2615,#2750,#2788,.T.);
#2788 = LINE('',#2789,#2790);
#2789 = CARTESIAN_POINT('',(8.8E-16,-6.9,6.6));
#2790 = VECTOR('',#2791,1.);
#2791 = DIRECTION('',(1.,-2.2E-16,1.1E-16));
#2792 = PLANE('',#2793);
#2793 = AXIS2_PLACEMENT_3D('',#2794,#2795,#2796);
#2794 = CARTESIAN_POINT('',(5.02E-15,-6.9,-5.75));
#2795 = DIRECTION('',(-2.2E-16,-1.,1.1E-16));
#2796 = DIRECTION('',(-3.3E-16,1.1E-16,1.));
#2797 = ADVANCED_FACE('',(#2798),#2809,.T.);
#2798 = FACE_BOUND('',#2799,.F.);
#2799 = EDGE_LOOP('',(#2800,#2801,#2807,#2808));
#2800 = ORIENTED_EDGE('',*,*,#2622,.F.);
#2801 = ORIENTED_EDGE('',*,*,#2802,.T.);
#2802 = EDGE_CURVE('',#2623,#2742,#2803,.T.);
#2803 = LINE('',#2804,#2805);
#2804 = CARTESIAN_POINT('',(8.9E-16,-6.75,6.75));
#2805 = VECTOR('',#2806,1.);
#2806 = DIRECTION('',(1.,-2.2E-16,1.1E-16));
#2807 = ORIENTED_EDGE('',*,*,#2749,.T.);
#2808 = ORIENTED_EDGE('',*,*,#2787,.F.);
#2809 = PLANE('',#2810);
#2810 = AXIS2_PLACEMENT_3D('',#2811,#2812,#2813);
#2811 = CARTESIAN_POINT('',(8.9E-16,-6.825,6.675));
#2812 = DIRECTION('',(-2.E-16,-0.707106781187,0.707106781187));
#2813 = DIRECTION('',(-1.,1.964213562373E-16,-8.642135623731E-17));
#2814 = ADVANCED_FACE('',(#2815),#2821,.T.);
#2815 = FACE_BOUND('',#2816,.T.);
#2816 = EDGE_LOOP('',(#2817,#2818,#2819,#2820));
#2817 = ORIENTED_EDGE('',*,*,#2630,.F.);
#2818 = ORIENTED_EDGE('',*,*,#2802,.T.);
#2819 = ORIENTED_EDGE('',*,*,#2741,.T.);
#2820 = ORIENTED_EDGE('',*,*,#2690,.F.);
#2821 = PLANE('',#2822);
#2822 = AXIS2_PLACEMENT_3D('',#2823,#2824,#2825);
#2823 = CARTESIAN_POINT('',(8.6E-16,-6.9,6.75));
#2824 = DIRECTION('',(-1.1E-16,3.3E-16,1.));
#2825 = DIRECTION('',(-1.29368257903E-48,1.,-3.3E-16));
#2826 = ADVANCED_FACE('',(#2827),#2838,.F.);
#2827 = FACE_BOUND('',#2828,.T.);
#2828 = EDGE_LOOP('',(#2829,#2835,#2836,#2837));
#2829 = ORIENTED_EDGE('',*,*,#2830,.T.);
#2830 = EDGE_CURVE('',#2664,#2768,#2831,.T.);
#2831 = LINE('',#2832,#2833);
#2832 = CARTESIAN_POINT('',(6.66E-15,-5.,-7.5));
#2833 = VECTOR('',#2834,1.);
#2834 = DIRECTION('',(1.,-3.3E-16,0.));
#2835 = ORIENTED_EDGE('',*,*,#2767,.T.);
#2836 = ORIENTED_EDGE('',*,*,#2830,.F.);
#2837 = ORIENTED_EDGE('',*,*,#2663,.F.);
#2838 = CYLINDRICAL_SURFACE('',#2839,1.5);
#2839 = AXIS2_PLACEMENT_3D('',#2840,#2841,#2842);
#2840 = CARTESIAN_POINT('',(7.16E-15,-6.5,-7.5));
#2841 = DIRECTION('',(-1.,1.1E-16,-2.2E-16));
#2842 = DIRECTION('',(1.1E-16,1.,-5.6E-16));
#2843 = ( GEOMETRIC_REPRESENTATION_CONTEXT(3) 
GLOBAL_UNCERTAINTY_ASSIGNED_CONTEXT((#2847)) 
GLOBAL_UNIT_ASSIGNED_CONTEXT((#2844,#2845,#2846)) REPRESENTATION_CONTEXT
('Context #1','3D Context with UNIT and UNCERTAINTY') );
#2844 = ( LENGTH_UNIT() NAMED_UNIT(*) SI_UNIT(.MILLI.,.METRE.) );
#2845 = ( NAMED_UNIT(*) PLANE_ANGLE_UNIT() SI_UNIT($,.RADIAN.) );
#2846 = ( NAMED_UNIT(*) SI_UNIT($,.STERADIAN.) SOLID_ANGLE_UNIT() );
#2847 = UNCERTAINTY_MEASURE_WITH_UNIT(LENGTH_MEASURE(1.E-07),#2844,
  'distance_accuracy_value','confusion accuracy');
#2848 = CONTEXT_DEPENDENT_SHAPE_REPRESENTATION(#2849,#2851);
#2849 = ( REPRESENTATION_RELATIONSHIP('','',#2565,#10) 
REPRESENTATION_RELATIONSHIP_WITH_TRANSFORMATION(#2850) 
SHAPE_REPRESENTATION_RELATIONSHIP() );
#2850 = ITEM_DEFINED_TRANSFORMATION('','',#11,#19);
#2851 = PRODUCT_DEFINITION_SHAPE('Placement','Placement of an item',
  #2852);
#2852 = NEXT_ASSEMBLY_USAGE_OCCURRENCE('2','pin001','',#5,#2560,$);
#2853 = PRODUCT_RELATED_PRODUCT_CATEGORY('part',$,(#2562));
#2854 = SHAPE_DEFINITION_REPRESENTATION(#2855,#2861);
#2855 = PRODUCT_DEFINITION_SHAPE('','',#2856);
#2856 = PRODUCT_DEFINITION('design','',#2857,#2860);
#2857 = PRODUCT_DEFINITION_FORMATION('','',#2858);
#2858 = PRODUCT('pin002','pin002','',(#2859));
#2859 = PRODUCT_CONTEXT('',#2,'mechanical');
#2860 = PRODUCT_DEFINITION_CONTEXT('part definition',#2,'design');
#2861 = ADVANCED_BREP_SHAPE_REPRESENTATION('',(#11,#2862),#3139);
#2862 = MANIFOLD_SOLID_BREP('',#2863);
#2863 = CLOSED_SHELL('',(#2864,#2904,#2972,#2996,#3031,#3076,#3093,#3110
    ,#3122));
#2864 = ADVANCED_FACE('',(#2865),#2899,.T.);
#2865 = FACE_BOUND('',#2866,.T.);
#2866 = EDGE_LOOP('',(#2867,#2877,#2885,#2893));
#2867 = ORIENTED_EDGE('',*,*,#2868,.F.);
#2868 = EDGE_CURVE('',#2869,#2871,#2873,.T.);
#2869 = VERTEX_POINT('',#2870);
#2870 = CARTESIAN_POINT('',(0.,-6.1,6.6));
#2871 = VERTEX_POINT('',#2872);
#2872 = CARTESIAN_POINT('',(4.E-15,-6.1,-5.540408205773));
#2873 = LINE('',#2874,#2875);
#2874 = CARTESIAN_POINT('',(2.21E-15,-6.1,6.75));
#2875 = VECTOR('',#2876,1.);
#2876 = DIRECTION('',(3.3E-16,1.1E-16,-1.));
#2877 = ORIENTED_EDGE('',*,*,#2878,.T.);
#2878 = EDGE_CURVE('',#2869,#2879,#2881,.T.);
#2879 = VERTEX_POINT('',#2880);
#2880 = CARTESIAN_POINT('',(0.5,-6.1,6.6));
#2881 = LINE('',#2882,#2883);
#2882 = CARTESIAN_POINT('',(8.8E-16,-6.1,6.6));
#2883 = VECTOR('',#2884,1.);
#2884 = DIRECTION('',(1.,-2.2E-16,1.1E-16));
#2885 = ORIENTED_EDGE('',*,*,#2886,.T.);
#2886 = EDGE_CURVE('',#2879,#2887,#2889,.T.);
#2887 = VERTEX_POINT('',#2888);
#2888 = CARTESIAN_POINT('',(0.5,-6.1,-5.540408205773));
#2889 = LINE('',#2890,#2891);
#2890 = CARTESIAN_POINT('',(0.5,-6.1,6.75));
#2891 = VECTOR('',#2892,1.);
#2892 = DIRECTION('',(3.3E-16,1.1E-16,-1.));
#2893 = ORIENTED_EDGE('',*,*,#2894,.T.);
#2894 = EDGE_CURVE('',#2887,#2871,#2895,.T.);
#2895 = LINE('',#2896,#2897);
#2896 = CARTESIAN_POINT('',(4.21E-15,-6.1,-5.540408205773));
#2897 = VECTOR('',#2898,1.);
#2898 = DIRECTION('',(-1.,2.2E-16,-4.4E-16));
#2899 = PLANE('',#2900);
#2900 = AXIS2_PLACEMENT_3D('',#2901,#2902,#2903);
#2901 = CARTESIAN_POINT('',(8.6E-16,-6.1,6.75));
#2902 = DIRECTION('',(2.2E-16,1.,-1.1E-16));
#2903 = DIRECTION('',(3.3E-16,-1.1E-16,-1.));
#2904 = ADVANCED_FACE('',(#2905,#2956),#2967,.T.);
#2905 = FACE_BOUND('',#2906,.T.);
#2906 = EDGE_LOOP('',(#2907,#2917,#2925,#2933,#2939,#2940,#2949));
#2907 = ORIENTED_EDGE('',*,*,#2908,.T.);
#2908 = EDGE_CURVE('',#2909,#2911,#2913,.T.);
#2909 = VERTEX_POINT('',#2910);
#2910 = CARTESIAN_POINT('',(4.E-15,-6.9,-5.540408205773));
#2911 = VERTEX_POINT('',#2912);
#2912 = CARTESIAN_POINT('',(0.,-6.9,6.6));
#2913 = LINE('',#2914,#2915);
#2914 = CARTESIAN_POINT('',(6.56E-15,-6.9,-5.75));
#2915 = VECTOR('',#2916,1.);
#2916 = DIRECTION('',(-3.3E-16,-1.1E-16,1.));
#2917 = ORIENTED_EDGE('',*,*,#2918,.F.);
#2918 = EDGE_CURVE('',#2919,#2911,#2921,.T.);
#2919 = VERTEX_POINT('',#2920);
#2920 = CARTESIAN_POINT('',(0.,-6.75,6.75));
#2921 = LINE('',#2922,#2923);
#2922 = CARTESIAN_POINT('',(2.79E-15,-8.832705514538,4.667294485462));
#2923 = VECTOR('',#2924,1.);
#2924 = DIRECTION('',(8.E-17,-0.707106781187,-0.707106781187));
#2925 = ORIENTED_EDGE('',*,*,#2926,.T.);
#2926 = EDGE_CURVE('',#2919,#2927,#2929,.T.);
#2927 = VERTEX_POINT('',#2928);
#2928 = CARTESIAN_POINT('',(0.,-6.25,6.75));
#2929 = LINE('',#2930,#2931);
#2930 = CARTESIAN_POINT('',(2.39E-15,-6.9,6.75));
#2931 = VECTOR('',#2932,1.);
#2932 = DIRECTION('',(-2.2E-16,1.,-3.3E-16));
#2933 = ORIENTED_EDGE('',*,*,#2934,.F.);
#2934 = EDGE_CURVE('',#2869,#2927,#2935,.T.);
#2935 = LINE('',#2936,#2937);
#2936 = CARTESIAN_POINT('',(2.79E-15,-4.154139470054,4.654139470054));
#2937 = VECTOR('',#2938,1.);
#2938 = DIRECTION('',(-8.E-17,-0.707106781187,0.707106781187));
#2939 = ORIENTED_EDGE('',*,*,#2868,.T.);
#2940 = ORIENTED_EDGE('',*,*,#2941,.F.);
#2941 = EDGE_CURVE('',#2942,#2871,#2944,.T.);
#2942 = VERTEX_POINT('',#2943);
#2943 = CARTESIAN_POINT('',(4.E-15,-4.5,-7.5));
#2944 = CIRCLE('',#2945,2.);
#2945 = AXIS2_PLACEMENT_3D('',#2946,#2947,#2948);
#2946 = CARTESIAN_POINT('',(8.6E-15,-6.5,-7.5));
#2947 = DIRECTION('',(1.,5.6E-16,6.7E-16));
#2948 = DIRECTION('',(-5.6E-16,1.,-5.6E-16));
#2949 = ORIENTED_EDGE('',*,*,#2950,.F.);
#2950 = EDGE_CURVE('',#2909,#2942,#2951,.T.);
#2951 = CIRCLE('',#2952,2.);
#2952 = AXIS2_PLACEMENT_3D('',#2953,#2954,#2955);
#2953 = CARTESIAN_POINT('',(8.6E-15,-6.5,-7.5));
#2954 = DIRECTION('',(1.,5.6E-16,6.7E-16));
#2955 = DIRECTION('',(-5.6E-16,1.,-5.6E-16));
#2956 = FACE_BOUND('',#2957,.T.);
#2957 = EDGE_LOOP('',(#2958));
#2958 = ORIENTED_EDGE('',*,*,#2959,.T.);
#2959 = EDGE_CURVE('',#2960,#2960,#2962,.T.);
#2960 = VERTEX_POINT('',#2961);
#2961 = CARTESIAN_POINT('',(4.E-15,-5.,-7.5));
#2962 = CIRCLE('',#2963,1.5);
#2963 = AXIS2_PLACEMENT_3D('',#2964,#2965,#2966);
#2964 = CARTESIAN_POINT('',(8.6E-15,-6.5,-7.5));
#2965 = DIRECTION('',(1.,5.6E-16,6.7E-16));
#2966 = DIRECTION('',(-5.6E-16,1.,-5.6E-16));
#2967 = PLANE('',#2968);
#2968 = AXIS2_PLACEMENT_3D('',#2969,#2970,#2971);
#2969 = CARTESIAN_POINT('',(3.5E-15,-6.473689969185,-1.707132088967));
#2970 = DIRECTION('',(-1.,-0.,-1.1E-16));
#2971 = DIRECTION('',(-1.21E-32,-1.,1.1E-16));
#2972 = ADVANCED_FACE('',(#2973),#2991,.T.);
#2973 = FACE_BOUND('',#2974,.F.);
#2974 = EDGE_LOOP('',(#2975,#2976,#2977,#2985));
#2975 = ORIENTED_EDGE('',*,*,#2934,.F.);
#2976 = ORIENTED_EDGE('',*,*,#2878,.T.);
#2977 = ORIENTED_EDGE('',*,*,#2978,.T.);
#2978 = EDGE_CURVE('',#2879,#2979,#2981,.T.);
#2979 = VERTEX_POINT('',#2980);
#2980 = CARTESIAN_POINT('',(0.5,-6.25,6.75));
#2981 = LINE('',#2982,#2983);
#2982 = CARTESIAN_POINT('',(0.5,-4.154139470054,4.654139470054));
#2983 = VECTOR('',#2984,1.);
#2984 = DIRECTION('',(-8.E-17,-0.707106781187,0.707106781187));
#2985 = ORIENTED_EDGE('',*,*,#2986,.F.);
#2986 = EDGE_CURVE('',#2927,#2979,#2987,.T.);
#2987 = LINE('',#2988,#2989);
#2988 = CARTESIAN_POINT('',(8.3E-16,-6.25,6.75));
#2989 = VECTOR('',#2990,1.);
#2990 = DIRECTION('',(1.,-2.2E-16,1.1E-16));
#2991 = PLANE('',#2992);
#2992 = AXIS2_PLACEMENT_3D('',#2993,#2994,#2995);
#2993 = CARTESIAN_POINT('',(8.5E-16,-6.175,6.675));
#2994 = DIRECTION('',(5.E-17,0.707106781187,0.707106781187));
#2995 = DIRECTION('',(-1.,2.003553390593E-16,-1.296446609407E-16));
#2996 = ADVANCED_FACE('',(#2997),#3026,.T.);
#2997 = FACE_BOUND('',#2998,.F.);
#2998 = EDGE_LOOP('',(#2999,#3007,#3016,#3023,#3024,#3025));
#2999 = ORIENTED_EDGE('',*,*,#3000,.F.);
#3000 = EDGE_CURVE('',#3001,#2909,#3003,.T.);
#3001 = VERTEX_POINT('',#3002);
#3002 = CARTESIAN_POINT('',(0.5,-6.9,-5.540408205773));
#3003 = LINE('',#3004,#3005);
#3004 = CARTESIAN_POINT('',(4.04E-15,-6.9,-5.540408205773));
#3005 = VECTOR('',#3006,1.);
#3006 = DIRECTION('',(-1.,2.2E-16,-4.4E-16));
#3007 = ORIENTED_EDGE('',*,*,#3008,.T.);
#3008 = EDGE_CURVE('',#3001,#3009,#3011,.T.);
#3009 = VERTEX_POINT('',#3010);
#3010 = CARTESIAN_POINT('',(0.5,-4.5,-7.5));
#3011 = CIRCLE('',#3012,2.);
#3012 = AXIS2_PLACEMENT_3D('',#3013,#3014,#3015);
#3013 = CARTESIAN_POINT('',(0.5,-6.5,-7.5));
#3014 = DIRECTION('',(1.,5.6E-16,6.7E-16));
#3015 = DIRECTION('',(-5.6E-16,1.,-5.6E-16));
#3016 = ORIENTED_EDGE('',*,*,#3017,.T.);
#3017 = EDGE_CURVE('',#3009,#2887,#3018,.T.);
#3018 = CIRCLE('',#3019,2.);
#3019 = AXIS2_PLACEMENT_3D('',#3020,#3021,#3022);
#3020 = CARTESIAN_POINT('',(0.5,-6.5,-7.5));
#3021 = DIRECTION('',(1.,5.6E-16,6.7E-16));
#3022 = DIRECTION('',(-5.6E-16,1.,-5.6E-16));
#3023 = ORIENTED_EDGE('',*,*,#2894,.T.);
#3024 = ORIENTED_EDGE('',*,*,#2941,.F.);
#3025 = ORIENTED_EDGE('',*,*,#2950,.F.);
#3026 = CYLINDRICAL_SURFACE('',#3027,2.);
#3027 = AXIS2_PLACEMENT_3D('',#3028,#3029,#3030);
#3028 = CARTESIAN_POINT('',(5.E-15,-6.5,-7.5));
#3029 = DIRECTION('',(-1.,2.2E-16,-4.4E-16));
#3030 = DIRECTION('',(2.2E-16,1.,-6.7E-16));
#3031 = ADVANCED_FACE('',(#3032,#3060),#3071,.T.);
#3032 = FACE_BOUND('',#3033,.T.);
#3033 = EDGE_LOOP('',(#3034,#3035,#3036,#3044,#3052,#3058,#3059));
#3034 = ORIENTED_EDGE('',*,*,#2886,.F.);
#3035 = ORIENTED_EDGE('',*,*,#2978,.T.);
#3036 = ORIENTED_EDGE('',*,*,#3037,.F.);
#3037 = EDGE_CURVE('',#3038,#2979,#3040,.T.);
#3038 = VERTEX_POINT('',#3039);
#3039 = CARTESIAN_POINT('',(0.5,-6.75,6.75));
#3040 = LINE('',#3041,#3042);
#3041 = CARTESIAN_POINT('',(0.5,-6.9,6.75));
#3042 = VECTOR('',#3043,1.);
#3043 = DIRECTION('',(-2.2E-16,1.,-3.3E-16));
#3044 = ORIENTED_EDGE('',*,*,#3045,.T.);
#3045 = EDGE_CURVE('',#3038,#3046,#3048,.T.);
#3046 = VERTEX_POINT('',#3047);
#3047 = CARTESIAN_POINT('',(0.5,-6.9,6.6));
#3048 = LINE('',#3049,#3050);
#3049 = CARTESIAN_POINT('',(0.5,-8.832705514538,4.667294485462));
#3050 = VECTOR('',#3051,1.);
#3051 = DIRECTION('',(8.E-17,-0.707106781187,-0.707106781187));
#3052 = ORIENTED_EDGE('',*,*,#3053,.F.);
#3053 = EDGE_CURVE('',#3001,#3046,#3054,.T.);
#3054 = LINE('',#3055,#3056);
#3055 = CARTESIAN_POINT('',(0.5,-6.9,-5.75));
#3056 = VECTOR('',#3057,1.);
#3057 = DIRECTION('',(-3.3E-16,-1.1E-16,1.));
#3058 = ORIENTED_EDGE('',*,*,#3008,.T.);
#3059 = ORIENTED_EDGE('',*,*,#3017,.T.);
#3060 = FACE_BOUND('',#3061,.T.);
#3061 = EDGE_LOOP('',(#3062));
#3062 = ORIENTED_EDGE('',*,*,#3063,.F.);
#3063 = EDGE_CURVE('',#3064,#3064,#3066,.T.);
#3064 = VERTEX_POINT('',#3065);
#3065 = CARTESIAN_POINT('',(0.5,-5.,-7.5));
#3066 = CIRCLE('',#3067,1.5);
#3067 = AXIS2_PLACEMENT_3D('',#3068,#3069,#3070);
#3068 = CARTESIAN_POINT('',(0.5,-6.5,-7.5));
#3069 = DIRECTION('',(1.,5.6E-16,6.7E-16));
#3070 = DIRECTION('',(-5.6E-16,1.,-5.6E-16));
#3071 = PLANE('',#3072);
#3072 = AXIS2_PLACEMENT_3D('',#3073,#3074,#3075);
#3073 = CARTESIAN_POINT('',(0.5,-6.473689969185,-1.707132088967));
#3074 = DIRECTION('',(1.,0.,1.1E-16));
#3075 = DIRECTION('',(1.21E-32,1.,-1.1E-16));
#3076 = ADVANCED_FACE('',(#3077),#3088,.T.);
#3077 = FACE_BOUND('',#3078,.T.);
#3078 = EDGE_LOOP('',(#3079,#3080,#3081,#3082));
#3079 = ORIENTED_EDGE('',*,*,#2908,.F.);
#3080 = ORIENTED_EDGE('',*,*,#3000,.F.);
#3081 = ORIENTED_EDGE('',*,*,#3053,.T.);
#3082 = ORIENTED_EDGE('',*,*,#3083,.F.);
#3083 = EDGE_CURVE('',#2911,#3046,#3084,.T.);
#3084 = LINE('',#3085,#3086);
#3085 = CARTESIAN_POINT('',(8.8E-16,-6.9,6.6));
#3086 = VECTOR('',#3087,1.);
#3087 = DIRECTION('',(1.,-2.2E-16,1.1E-16));
#3088 = PLANE('',#3089);
#3089 = AXIS2_PLACEMENT_3D('',#3090,#3091,#3092);
#3090 = CARTESIAN_POINT('',(5.02E-15,-6.9,-5.75));
#3091 = DIRECTION('',(-2.2E-16,-1.,1.1E-16));
#3092 = DIRECTION('',(-3.3E-16,1.1E-16,1.));
#3093 = ADVANCED_FACE('',(#3094),#3105,.T.);
#3094 = FACE_BOUND('',#3095,.F.);
#3095 = EDGE_LOOP('',(#3096,#3097,#3103,#3104));
#3096 = ORIENTED_EDGE('',*,*,#2918,.F.);
#3097 = ORIENTED_EDGE('',*,*,#3098,.T.);
#3098 = EDGE_CURVE('',#2919,#3038,#3099,.T.);
#3099 = LINE('',#3100,#3101);
#3100 = CARTESIAN_POINT('',(8.9E-16,-6.75,6.75));
#3101 = VECTOR('',#3102,1.);
#3102 = DIRECTION('',(1.,-2.2E-16,1.1E-16));
#3103 = ORIENTED_EDGE('',*,*,#3045,.T.);
#3104 = ORIENTED_EDGE('',*,*,#3083,.F.);
#3105 = PLANE('',#3106);
#3106 = AXIS2_PLACEMENT_3D('',#3107,#3108,#3109);
#3107 = CARTESIAN_POINT('',(8.9E-16,-6.825,6.675));
#3108 = DIRECTION('',(-2.E-16,-0.707106781187,0.707106781187));
#3109 = DIRECTION('',(-1.,1.964213562373E-16,-8.642135623731E-17));
#3110 = ADVANCED_FACE('',(#3111),#3117,.T.);
#3111 = FACE_BOUND('',#3112,.T.);
#3112 = EDGE_LOOP('',(#3113,#3114,#3115,#3116));
#3113 = ORIENTED_EDGE('',*,*,#2926,.F.);
#3114 = ORIENTED_EDGE('',*,*,#3098,.T.);
#3115 = ORIENTED_EDGE('',*,*,#3037,.T.);
#3116 = ORIENTED_EDGE('',*,*,#2986,.F.);
#3117 = PLANE('',#3118);
#3118 = AXIS2_PLACEMENT_3D('',#3119,#3120,#3121);
#3119 = CARTESIAN_POINT('',(8.6E-16,-6.9,6.75));
#3120 = DIRECTION('',(-1.1E-16,3.3E-16,1.));
#3121 = DIRECTION('',(-1.29368257903E-48,1.,-3.3E-16));
#3122 = ADVANCED_FACE('',(#3123),#3134,.F.);
#3123 = FACE_BOUND('',#3124,.T.);
#3124 = EDGE_LOOP('',(#3125,#3131,#3132,#3133));
#3125 = ORIENTED_EDGE('',*,*,#3126,.T.);
#3126 = EDGE_CURVE('',#2960,#3064,#3127,.T.);
#3127 = LINE('',#3128,#3129);
#3128 = CARTESIAN_POINT('',(6.66E-15,-5.,-7.5));
#3129 = VECTOR('',#3130,1.);
#3130 = DIRECTION('',(1.,-3.3E-16,0.));
#3131 = ORIENTED_EDGE('',*,*,#3063,.T.);
#3132 = ORIENTED_EDGE('',*,*,#3126,.F.);
#3133 = ORIENTED_EDGE('',*,*,#2959,.F.);
#3134 = CYLINDRICAL_SURFACE('',#3135,1.5);
#3135 = AXIS2_PLACEMENT_3D('',#3136,#3137,#3138);
#3136 = CARTESIAN_POINT('',(7.16E-15,-6.5,-7.5));
#3137 = DIRECTION('',(-1.,1.1E-16,-2.2E-16));
#3138 = DIRECTION('',(1.1E-16,1.,-5.6E-16));
#3139 = ( GEOMETRIC_REPRESENTATION_CONTEXT(3) 
GLOBAL_UNCERTAINTY_ASSIGNED_CONTEXT((#3143)) 
GLOBAL_UNIT_ASSIGNED_CONTEXT((#3140,#3141,#3142)) REPRESENTATION_CONTEXT
('Context #1','3D Context with UNIT and UNCERTAINTY') );
#3140 = ( LENGTH_UNIT() NAMED_UNIT(*) SI_UNIT(.MILLI.,.METRE.) );
#3141 = ( NAMED_UNIT(*) PLANE_ANGLE_UNIT() SI_UNIT($,.RADIAN.) );
#3142 = ( NAMED_UNIT(*) SI_UNIT($,.STERADIAN.) SOLID_ANGLE_UNIT() );
#3143 = UNCERTAINTY_MEASURE_WITH_UNIT(LENGTH_MEASURE(1.E-07),#3140,
  'distance_accuracy_value','confusion accuracy');
#3144 = CONTEXT_DEPENDENT_SHAPE_REPRESENTATION(#3145,#3147);
#3145 = ( REPRESENTATION_RELATIONSHIP('','',#2861,#10) 
REPRESENTATION_RELATIONSHIP_WITH_TRANSFORMATION(#3146) 
SHAPE_REPRESENTATION_RELATIONSHIP() );
#3146 = ITEM_DEFINED_TRANSFORMATION('','',#11,#23);
#3147 = PRODUCT_DEFINITION_SHAPE('Placement','Placement of an item',
  #3148);
#3148 = NEXT_ASSEMBLY_USAGE_OCCURRENCE('3','pin002','',#5,#2856,$);
#3149 = PRODUCT_RELATED_PRODUCT_CATEGORY('part',$,(#2858));
#3150 = SHAPE_DEFINITION_REPRESENTATION(#3151,#3157);
#3151 = PRODUCT_DEFINITION_SHAPE('','',#3152);
#3152 = PRODUCT_DEFINITION('design','',#3153,#3156);
#3153 = PRODUCT_DEFINITION_FORMATION('','',#3154);
#3154 = PRODUCT('batterie','batterie','',(#3155));
#3155 = PRODUCT_CONTEXT('',#2,'mechanical');
#3156 = PRODUCT_DEFINITION_CONTEXT('part definition',#2,'design');
#3157 = ADVANCED_BREP_SHAPE_REPRESENTATION('',(#11,#3158),#3776);
#3158 = MANIFOLD_SOLID_BREP('',#3159);
#3159 = CLOSED_SHELL('',(#3160,#3200,#3233,#3266,#3299,#3332,#3349,#3366
    ,#3397,#3428,#3445,#3476,#3493,#3524,#3542,#3560,#3593,#3611,#3642,
    #3660,#3691,#3720,#3731,#3742,#3754,#3765));
#3160 = ADVANCED_FACE('',(#3161),#3195,.F.);
#3161 = FACE_BOUND('',#3162,.F.);
#3162 = EDGE_LOOP('',(#3163,#3173,#3181,#3189));
#3163 = ORIENTED_EDGE('',*,*,#3164,.T.);
#3164 = EDGE_CURVE('',#3165,#3167,#3169,.T.);
#3165 = VERTEX_POINT('',#3166);
#3166 = CARTESIAN_POINT('',(-22.5,12.,1.));
#3167 = VERTEX_POINT('',#3168);
#3168 = CARTESIAN_POINT('',(-22.5,12.,16.));
#3169 = LINE('',#3170,#3171);
#3170 = CARTESIAN_POINT('',(-22.5,12.,0.));
#3171 = VECTOR('',#3172,1.);
#3172 = DIRECTION('',(0.,0.,1.));
#3173 = ORIENTED_EDGE('',*,*,#3174,.T.);
#3174 = EDGE_CURVE('',#3167,#3175,#3177,.T.);
#3175 = VERTEX_POINT('',#3176);
#3176 = CARTESIAN_POINT('',(-22.5,-12.,16.));
#3177 = LINE('',#3178,#3179);
#3178 = CARTESIAN_POINT('',(-22.5,13.,16.));
#3179 = VECTOR('',#3180,1.);
#3180 = DIRECTION('',(0.,-1.,0.));
#3181 = ORIENTED_EDGE('',*,*,#3182,.F.);
#3182 = EDGE_CURVE('',#3183,#3175,#3185,.T.);
#3183 = VERTEX_POINT('',#3184);
#3184 = CARTESIAN_POINT('',(-22.5,-12.,1.));
#3185 = LINE('',#3186,#3187);
#3186 = CARTESIAN_POINT('',(-22.5,-12.,0.));
#3187 = VECTOR('',#3188,1.);
#3188 = DIRECTION('',(0.,0.,1.));
#3189 = ORIENTED_EDGE('',*,*,#3190,.F.);
#3190 = EDGE_CURVE('',#3165,#3183,#3191,.T.);
#3191 = LINE('',#3192,#3193);
#3192 = CARTESIAN_POINT('',(-22.5,13.,1.));
#3193 = VECTOR('',#3194,1.);
#3194 = DIRECTION('',(0.,-1.,0.));
#3195 = PLANE('',#3196);
#3196 = AXIS2_PLACEMENT_3D('',#3197,#3198,#3199);
#3197 = CARTESIAN_POINT('',(-22.5,13.,0.));
#3198 = DIRECTION('',(1.,0.,0.));
#3199 = DIRECTION('',(0.,-1.,0.));
#3200 = ADVANCED_FACE('',(#3201),#3228,.T.);
#3201 = FACE_BOUND('',#3202,.F.);
#3202 = EDGE_LOOP('',(#3203,#3204,#3213,#3221));
#3203 = ORIENTED_EDGE('',*,*,#3164,.F.);
#3204 = ORIENTED_EDGE('',*,*,#3205,.T.);
#3205 = EDGE_CURVE('',#3165,#3206,#3208,.T.);
#3206 = VERTEX_POINT('',#3207);
#3207 = CARTESIAN_POINT('',(-21.5,13.,1.));
#3208 = CIRCLE('',#3209,1.);
#3209 = AXIS2_PLACEMENT_3D('',#3210,#3211,#3212);
#3210 = CARTESIAN_POINT('',(-21.5,12.,1.));
#3211 = DIRECTION('',(0.,0.,-1.));
#3212 = DIRECTION('',(-1.,0.,0.));
#3213 = ORIENTED_EDGE('',*,*,#3214,.T.);
#3214 = EDGE_CURVE('',#3206,#3215,#3217,.T.);
#3215 = VERTEX_POINT('',#3216);
#3216 = CARTESIAN_POINT('',(-21.5,13.,16.));
#3217 = LINE('',#3218,#3219);
#3218 = CARTESIAN_POINT('',(-21.5,13.,0.));
#3219 = VECTOR('',#3220,1.);
#3220 = DIRECTION('',(0.,0.,1.));
#3221 = ORIENTED_EDGE('',*,*,#3222,.F.);
#3222 = EDGE_CURVE('',#3167,#3215,#3223,.T.);
#3223 = CIRCLE('',#3224,1.);
#3224 = AXIS2_PLACEMENT_3D('',#3225,#3226,#3227);
#3225 = CARTESIAN_POINT('',(-21.5,12.,16.));
#3226 = DIRECTION('',(0.,0.,-1.));
#3227 = DIRECTION('',(-1.,0.,0.));
#3228 = CYLINDRICAL_SURFACE('',#3229,1.);
#3229 = AXIS2_PLACEMENT_3D('',#3230,#3231,#3232);
#3230 = CARTESIAN_POINT('',(-21.5,12.,0.));
#3231 = DIRECTION('',(0.,0.,1.));
#3232 = DIRECTION('',(-1.,0.,0.));
#3233 = ADVANCED_FACE('',(#3234),#3261,.T.);
#3234 = FACE_BOUND('',#3235,.T.);
#3235 = EDGE_LOOP('',(#3236,#3245,#3253,#3260));
#3236 = ORIENTED_EDGE('',*,*,#3237,.F.);
#3237 = EDGE_CURVE('',#3238,#3165,#3240,.T.);
#3238 = VERTEX_POINT('',#3239);
#3239 = CARTESIAN_POINT('',(-21.5,12.,0.));
#3240 = CIRCLE('',#3241,1.);
#3241 = AXIS2_PLACEMENT_3D('',#3242,#3243,#3244);
#3242 = CARTESIAN_POINT('',(-21.5,12.,1.));
#3243 = DIRECTION('',(0.,1.,-0.));
#3244 = DIRECTION('',(-1.,0.,0.));
#3245 = ORIENTED_EDGE('',*,*,#3246,.T.);
#3246 = EDGE_CURVE('',#3238,#3247,#3249,.T.);
#3247 = VERTEX_POINT('',#3248);
#3248 = CARTESIAN_POINT('',(-21.5,-12.,0.));
#3249 = LINE('',#3250,#3251);
#3250 = CARTESIAN_POINT('',(-21.5,13.,-2.2E-16));
#3251 = VECTOR('',#3252,1.);
#3252 = DIRECTION('',(0.,-1.,0.));
#3253 = ORIENTED_EDGE('',*,*,#3254,.T.);
#3254 = EDGE_CURVE('',#3247,#3183,#3255,.T.);
#3255 = CIRCLE('',#3256,1.);
#3256 = AXIS2_PLACEMENT_3D('',#3257,#3258,#3259);
#3257 = CARTESIAN_POINT('',(-21.5,-12.,1.));
#3258 = DIRECTION('',(0.,1.,-0.));
#3259 = DIRECTION('',(-1.,0.,0.));
#3260 = ORIENTED_EDGE('',*,*,#3190,.F.);
#3261 = CYLINDRICAL_SURFACE('',#3262,1.);
#3262 = AXIS2_PLACEMENT_3D('',#3263,#3264,#3265);
#3263 = CARTESIAN_POINT('',(-21.5,13.,1.));
#3264 = DIRECTION('',(0.,-1.,0.));
#3265 = DIRECTION('',(-1.,0.,0.));
#3266 = ADVANCED_FACE('',(#3267),#3294,.T.);
#3267 = FACE_BOUND('',#3268,.F.);
#3268 = EDGE_LOOP('',(#3269,#3278,#3286,#3293));
#3269 = ORIENTED_EDGE('',*,*,#3270,.F.);
#3270 = EDGE_CURVE('',#3271,#3167,#3273,.T.);
#3271 = VERTEX_POINT('',#3272);
#3272 = CARTESIAN_POINT('',(-21.5,12.,17.));
#3273 = CIRCLE('',#3274,1.);
#3274 = AXIS2_PLACEMENT_3D('',#3275,#3276,#3277);
#3275 = CARTESIAN_POINT('',(-21.5,12.,16.));
#3276 = DIRECTION('',(0.,-1.,0.));
#3277 = DIRECTION('',(-1.,0.,0.));
#3278 = ORIENTED_EDGE('',*,*,#3279,.T.);
#3279 = EDGE_CURVE('',#3271,#3280,#3282,.T.);
#3280 = VERTEX_POINT('',#3281);
#3281 = CARTESIAN_POINT('',(-21.5,-12.,17.));
#3282 = LINE('',#3283,#3284);
#3283 = CARTESIAN_POINT('',(-21.5,13.,17.));
#3284 = VECTOR('',#3285,1.);
#3285 = DIRECTION('',(0.,-1.,0.));
#3286 = ORIENTED_EDGE('',*,*,#3287,.T.);
#3287 = EDGE_CURVE('',#3280,#3175,#3288,.T.);
#3288 = CIRCLE('',#3289,1.);
#3289 = AXIS2_PLACEMENT_3D('',#3290,#3291,#3292);
#3290 = CARTESIAN_POINT('',(-21.5,-12.,16.));
#3291 = DIRECTION('',(0.,-1.,0.));
#3292 = DIRECTION('',(-1.,0.,0.));
#3293 = ORIENTED_EDGE('',*,*,#3174,.F.);
#3294 = CYLINDRICAL_SURFACE('',#3295,1.);
#3295 = AXIS2_PLACEMENT_3D('',#3296,#3297,#3298);
#3296 = CARTESIAN_POINT('',(-21.5,13.,16.));
#3297 = DIRECTION('',(0.,-1.,0.));
#3298 = DIRECTION('',(-1.,0.,0.));
#3299 = ADVANCED_FACE('',(#3300),#3327,.T.);
#3300 = FACE_BOUND('',#3301,.T.);
#3301 = EDGE_LOOP('',(#3302,#3303,#3312,#3320));
#3302 = ORIENTED_EDGE('',*,*,#3182,.F.);
#3303 = ORIENTED_EDGE('',*,*,#3304,.T.);
#3304 = EDGE_CURVE('',#3183,#3305,#3307,.T.);
#3305 = VERTEX_POINT('',#3306);
#3306 = CARTESIAN_POINT('',(-21.5,-13.,1.));
#3307 = CIRCLE('',#3308,1.);
#3308 = AXIS2_PLACEMENT_3D('',#3309,#3310,#3311);
#3309 = CARTESIAN_POINT('',(-21.5,-12.,1.));
#3310 = DIRECTION('',(0.,0.,1.));
#3311 = DIRECTION('',(-1.,0.,0.));
#3312 = ORIENTED_EDGE('',*,*,#3313,.T.);
#3313 = EDGE_CURVE('',#3305,#3314,#3316,.T.);
#3314 = VERTEX_POINT('',#3315);
#3315 = CARTESIAN_POINT('',(-21.5,-13.,16.));
#3316 = LINE('',#3317,#3318);
#3317 = CARTESIAN_POINT('',(-21.5,-13.,0.));
#3318 = VECTOR('',#3319,1.);
#3319 = DIRECTION('',(0.,0.,1.));
#3320 = ORIENTED_EDGE('',*,*,#3321,.F.);
#3321 = EDGE_CURVE('',#3175,#3314,#3322,.T.);
#3322 = CIRCLE('',#3323,1.);
#3323 = AXIS2_PLACEMENT_3D('',#3324,#3325,#3326);
#3324 = CARTESIAN_POINT('',(-21.5,-12.,16.));
#3325 = DIRECTION('',(0.,0.,1.));
#3326 = DIRECTION('',(-1.,0.,0.));
#3327 = CYLINDRICAL_SURFACE('',#3328,1.);
#3328 = AXIS2_PLACEMENT_3D('',#3329,#3330,#3331);
#3329 = CARTESIAN_POINT('',(-21.5,-12.,0.));
#3330 = DIRECTION('',(0.,0.,1.));
#3331 = DIRECTION('',(-1.,0.,0.));
#3332 = ADVANCED_FACE('',(#3333),#3344,.T.);
#3333 = FACE_BOUND('',#3334,.F.);
#3334 = EDGE_LOOP('',(#3335,#3336,#3343));
#3335 = ORIENTED_EDGE('',*,*,#3237,.F.);
#3336 = ORIENTED_EDGE('',*,*,#3337,.T.);
#3337 = EDGE_CURVE('',#3238,#3206,#3338,.T.);
#3338 = CIRCLE('',#3339,1.);
#3339 = AXIS2_PLACEMENT_3D('',#3340,#3341,#3342);
#3340 = CARTESIAN_POINT('',(-21.5,12.,1.));
#3341 = DIRECTION('',(1.,6.E-17,-0.));
#3342 = DIRECTION('',(-6.E-17,1.,0.));
#3343 = ORIENTED_EDGE('',*,*,#3205,.F.);
#3344 = SPHERICAL_SURFACE('',#3345,1.);
#3345 = AXIS2_PLACEMENT_3D('',#3346,#3347,#3348);
#3346 = CARTESIAN_POINT('',(-21.5,12.,1.));
#3347 = DIRECTION('',(0.,0.,1.));
#3348 = DIRECTION('',(-1.,0.,0.));
#3349 = ADVANCED_FACE('',(#3350),#3361,.T.);
#3350 = FACE_BOUND('',#3351,.T.);
#3351 = EDGE_LOOP('',(#3352,#3353,#3360));
#3352 = ORIENTED_EDGE('',*,*,#3270,.F.);
#3353 = ORIENTED_EDGE('',*,*,#3354,.T.);
#3354 = EDGE_CURVE('',#3271,#3215,#3355,.T.);
#3355 = CIRCLE('',#3356,1.);
#3356 = AXIS2_PLACEMENT_3D('',#3357,#3358,#3359);
#3357 = CARTESIAN_POINT('',(-21.5,12.,16.));
#3358 = DIRECTION('',(-1.,-6.E-17,-0.));
#3359 = DIRECTION('',(-6.E-17,1.,0.));
#3360 = ORIENTED_EDGE('',*,*,#3222,.F.);
#3361 = SPHERICAL_SURFACE('',#3362,1.);
#3362 = AXIS2_PLACEMENT_3D('',#3363,#3364,#3365);
#3363 = CARTESIAN_POINT('',(-21.5,12.,16.));
#3364 = DIRECTION('',(-0.,-0.,-1.));
#3365 = DIRECTION('',(-1.,0.,0.));
#3366 = ADVANCED_FACE('',(#3367),#3392,.F.);
#3367 = FACE_BOUND('',#3368,.F.);
#3368 = EDGE_LOOP('',(#3369,#3370,#3378,#3386));
#3369 = ORIENTED_EDGE('',*,*,#3214,.F.);
#3370 = ORIENTED_EDGE('',*,*,#3371,.F.);
#3371 = EDGE_CURVE('',#3372,#3206,#3374,.T.);
#3372 = VERTEX_POINT('',#3373);
#3373 = CARTESIAN_POINT('',(21.5,13.,1.));
#3374 = LINE('',#3375,#3376);
#3375 = CARTESIAN_POINT('',(22.5,13.,1.));
#3376 = VECTOR('',#3377,1.);
#3377 = DIRECTION('',(-1.,0.,0.));
#3378 = ORIENTED_EDGE('',*,*,#3379,.T.);
#3379 = EDGE_CURVE('',#3372,#3380,#3382,.T.);
#3380 = VERTEX_POINT('',#3381);
#3381 = CARTESIAN_POINT('',(21.5,13.,16.));
#3382 = LINE('',#3383,#3384);
#3383 = CARTESIAN_POINT('',(21.5,13.,0.));
#3384 = VECTOR('',#3385,1.);
#3385 = DIRECTION('',(0.,0.,1.));
#3386 = ORIENTED_EDGE('',*,*,#3387,.T.);
#3387 = EDGE_CURVE('',#3380,#3215,#3388,.T.);
#3388 = LINE('',#3389,#3390);
#3389 = CARTESIAN_POINT('',(22.5,13.,16.));
#3390 = VECTOR('',#3391,1.);
#3391 = DIRECTION('',(-1.,0.,0.));
#3392 = PLANE('',#3393);
#3393 = AXIS2_PLACEMENT_3D('',#3394,#3395,#3396);
#3394 = CARTESIAN_POINT('',(22.5,13.,0.));
#3395 = DIRECTION('',(0.,-1.,0.));
#3396 = DIRECTION('',(-1.,0.,0.));
#3397 = ADVANCED_FACE('',(#3398),#3423,.F.);
#3398 = FACE_BOUND('',#3399,.F.);
#3399 = EDGE_LOOP('',(#3400,#3401,#3409,#3417));
#3400 = ORIENTED_EDGE('',*,*,#3246,.T.);
#3401 = ORIENTED_EDGE('',*,*,#3402,.T.);
#3402 = EDGE_CURVE('',#3247,#3403,#3405,.T.);
#3403 = VERTEX_POINT('',#3404);
#3404 = CARTESIAN_POINT('',(21.5,-12.,0.));
#3405 = LINE('',#3406,#3407);
#3406 = CARTESIAN_POINT('',(-22.5,-12.,-2.2E-16));
#3407 = VECTOR('',#3408,1.);
#3408 = DIRECTION('',(1.,0.,0.));
#3409 = ORIENTED_EDGE('',*,*,#3410,.T.);
#3410 = EDGE_CURVE('',#3403,#3411,#3413,.T.);
#3411 = VERTEX_POINT('',#3412);
#3412 = CARTESIAN_POINT('',(21.5,12.,0.));
#3413 = LINE('',#3414,#3415);
#3414 = CARTESIAN_POINT('',(21.5,-13.,-2.2E-16));
#3415 = VECTOR('',#3416,1.);
#3416 = DIRECTION('',(0.,1.,0.));
#3417 = ORIENTED_EDGE('',*,*,#3418,.T.);
#3418 = EDGE_CURVE('',#3411,#3238,#3419,.T.);
#3419 = LINE('',#3420,#3421);
#3420 = CARTESIAN_POINT('',(22.5,12.,-2.2E-16));
#3421 = VECTOR('',#3422,1.);
#3422 = DIRECTION('',(-1.,0.,0.));
#3423 = PLANE('',#3424);
#3424 = AXIS2_PLACEMENT_3D('',#3425,#3426,#3427);
#3425 = CARTESIAN_POINT('',(0.,0.,0.));
#3426 = DIRECTION('',(0.,0.,1.));
#3427 = DIRECTION('',(1.,0.,0.));
#3428 = ADVANCED_FACE('',(#3429),#3440,.T.);
#3429 = FACE_BOUND('',#3430,.T.);
#3430 = EDGE_LOOP('',(#3431,#3432,#3439));
#3431 = ORIENTED_EDGE('',*,*,#3254,.F.);
#3432 = ORIENTED_EDGE('',*,*,#3433,.T.);
#3433 = EDGE_CURVE('',#3247,#3305,#3434,.T.);
#3434 = CIRCLE('',#3435,1.);
#3435 = AXIS2_PLACEMENT_3D('',#3436,#3437,#3438);
#3436 = CARTESIAN_POINT('',(-21.5,-12.,1.));
#3437 = DIRECTION('',(-1.,6.E-17,0.));
#3438 = DIRECTION('',(-6.E-17,-1.,0.));
#3439 = ORIENTED_EDGE('',*,*,#3304,.F.);
#3440 = SPHERICAL_SURFACE('',#3441,1.);
#3441 = AXIS2_PLACEMENT_3D('',#3442,#3443,#3444);
#3442 = CARTESIAN_POINT('',(-21.5,-12.,1.));
#3443 = DIRECTION('',(0.,0.,1.));
#3444 = DIRECTION('',(-1.,0.,0.));
#3445 = ADVANCED_FACE('',(#3446),#3471,.T.);
#3446 = FACE_BOUND('',#3447,.T.);
#3447 = EDGE_LOOP('',(#3448,#3449,#3457,#3465));
#3448 = ORIENTED_EDGE('',*,*,#3279,.T.);
#3449 = ORIENTED_EDGE('',*,*,#3450,.T.);
#3450 = EDGE_CURVE('',#3280,#3451,#3453,.T.);
#3451 = VERTEX_POINT('',#3452);
#3452 = CARTESIAN_POINT('',(21.5,-12.,17.));
#3453 = LINE('',#3454,#3455);
#3454 = CARTESIAN_POINT('',(-22.5,-12.,17.));
#3455 = VECTOR('',#3456,1.);
#3456 = DIRECTION('',(1.,0.,0.));
#3457 = ORIENTED_EDGE('',*,*,#3458,.T.);
#3458 = EDGE_CURVE('',#3451,#3459,#3461,.T.);
#3459 = VERTEX_POINT('',#3460);
#3460 = CARTESIAN_POINT('',(21.5,12.,17.));
#3461 = LINE('',#3462,#3463);
#3462 = CARTESIAN_POINT('',(21.5,-13.,17.));
#3463 = VECTOR('',#3464,1.);
#3464 = DIRECTION('',(0.,1.,0.));
#3465 = ORIENTED_EDGE('',*,*,#3466,.T.);
#3466 = EDGE_CURVE('',#3459,#3271,#3467,.T.);
#3467 = LINE('',#3468,#3469);
#3468 = CARTESIAN_POINT('',(22.5,12.,17.));
#3469 = VECTOR('',#3470,1.);
#3470 = DIRECTION('',(-1.,0.,0.));
#3471 = PLANE('',#3472);
#3472 = AXIS2_PLACEMENT_3D('',#3473,#3474,#3475);
#3473 = CARTESIAN_POINT('',(0.,0.,17.));
#3474 = DIRECTION('',(0.,0.,1.));
#3475 = DIRECTION('',(1.,0.,0.));
#3476 = ADVANCED_FACE('',(#3477),#3488,.T.);
#3477 = FACE_BOUND('',#3478,.F.);
#3478 = EDGE_LOOP('',(#3479,#3480,#3487));
#3479 = ORIENTED_EDGE('',*,*,#3287,.F.);
#3480 = ORIENTED_EDGE('',*,*,#3481,.T.);
#3481 = EDGE_CURVE('',#3280,#3314,#3482,.T.);
#3482 = CIRCLE('',#3483,1.);
#3483 = AXIS2_PLACEMENT_3D('',#3484,#3485,#3486);
#3484 = CARTESIAN_POINT('',(-21.5,-12.,16.));
#3485 = DIRECTION('',(1.,-6.E-17,0.));
#3486 = DIRECTION('',(-6.E-17,-1.,0.));
#3487 = ORIENTED_EDGE('',*,*,#3321,.F.);
#3488 = SPHERICAL_SURFACE('',#3489,1.);
#3489 = AXIS2_PLACEMENT_3D('',#3490,#3491,#3492);
#3490 = CARTESIAN_POINT('',(-21.5,-12.,16.));
#3491 = DIRECTION('',(-0.,-0.,-1.));
#3492 = DIRECTION('',(-1.,0.,0.));
#3493 = ADVANCED_FACE('',(#3494),#3519,.F.);
#3494 = FACE_BOUND('',#3495,.F.);
#3495 = EDGE_LOOP('',(#3496,#3497,#3505,#3513));
#3496 = ORIENTED_EDGE('',*,*,#3313,.T.);
#3497 = ORIENTED_EDGE('',*,*,#3498,.T.);
#3498 = EDGE_CURVE('',#3314,#3499,#3501,.T.);
#3499 = VERTEX_POINT('',#3500);
#3500 = CARTESIAN_POINT('',(21.5,-13.,16.));
#3501 = LINE('',#3502,#3503);
#3502 = CARTESIAN_POINT('',(-22.5,-13.,16.));
#3503 = VECTOR('',#3504,1.);
#3504 = DIRECTION('',(1.,0.,0.));
#3505 = ORIENTED_EDGE('',*,*,#3506,.F.);
#3506 = EDGE_CURVE('',#3507,#3499,#3509,.T.);
#3507 = VERTEX_POINT('',#3508);
#3508 = CARTESIAN_POINT('',(21.5,-13.,1.));
#3509 = LINE('',#3510,#3511);
#3510 = CARTESIAN_POINT('',(21.5,-13.,0.));
#3511 = VECTOR('',#3512,1.);
#3512 = DIRECTION('',(0.,0.,1.));
#3513 = ORIENTED_EDGE('',*,*,#3514,.F.);
#3514 = EDGE_CURVE('',#3305,#3507,#3515,.T.);
#3515 = LINE('',#3516,#3517);
#3516 = CARTESIAN_POINT('',(-22.5,-13.,1.));
#3517 = VECTOR('',#3518,1.);
#3518 = DIRECTION('',(1.,0.,0.));
#3519 = PLANE('',#3520);
#3520 = AXIS2_PLACEMENT_3D('',#3521,#3522,#3523);
#3521 = CARTESIAN_POINT('',(-22.5,-13.,0.));
#3522 = DIRECTION('',(0.,1.,0.));
#3523 = DIRECTION('',(1.,0.,0.));
#3524 = ADVANCED_FACE('',(#3525),#3537,.T.);
#3525 = FACE_BOUND('',#3526,.T.);
#3526 = EDGE_LOOP('',(#3527,#3534,#3535,#3536));
#3527 = ORIENTED_EDGE('',*,*,#3528,.F.);
#3528 = EDGE_CURVE('',#3411,#3372,#3529,.T.);
#3529 = CIRCLE('',#3530,1.);
#3530 = AXIS2_PLACEMENT_3D('',#3531,#3532,#3533);
#3531 = CARTESIAN_POINT('',(21.5,12.,1.));
#3532 = DIRECTION('',(1.,-6.E-17,0.));
#3533 = DIRECTION('',(6.E-17,1.,0.));
#3534 = ORIENTED_EDGE('',*,*,#3418,.T.);
#3535 = ORIENTED_EDGE('',*,*,#3337,.T.);
#3536 = ORIENTED_EDGE('',*,*,#3371,.F.);
#3537 = CYLINDRICAL_SURFACE('',#3538,1.);
#3538 = AXIS2_PLACEMENT_3D('',#3539,#3540,#3541);
#3539 = CARTESIAN_POINT('',(22.5,12.,1.));
#3540 = DIRECTION('',(-1.,0.,0.));
#3541 = DIRECTION('',(0.,1.,0.));
#3542 = ADVANCED_FACE('',(#3543),#3555,.T.);
#3543 = FACE_BOUND('',#3544,.F.);
#3544 = EDGE_LOOP('',(#3545,#3552,#3553,#3554));
#3545 = ORIENTED_EDGE('',*,*,#3546,.F.);
#3546 = EDGE_CURVE('',#3459,#3380,#3547,.T.);
#3547 = CIRCLE('',#3548,1.);
#3548 = AXIS2_PLACEMENT_3D('',#3549,#3550,#3551);
#3549 = CARTESIAN_POINT('',(21.5,12.,16.));
#3550 = DIRECTION('',(-1.,6.E-17,0.));
#3551 = DIRECTION('',(6.E-17,1.,0.));
#3552 = ORIENTED_EDGE('',*,*,#3466,.T.);
#3553 = ORIENTED_EDGE('',*,*,#3354,.T.);
#3554 = ORIENTED_EDGE('',*,*,#3387,.F.);
#3555 = CYLINDRICAL_SURFACE('',#3556,1.);
#3556 = AXIS2_PLACEMENT_3D('',#3557,#3558,#3559);
#3557 = CARTESIAN_POINT('',(22.5,12.,16.));
#3558 = DIRECTION('',(-1.,0.,0.));
#3559 = DIRECTION('',(0.,1.,0.));
#3560 = ADVANCED_FACE('',(#3561),#3588,.T.);
#3561 = FACE_BOUND('',#3562,.T.);
#3562 = EDGE_LOOP('',(#3563,#3573,#3580,#3581));
#3563 = ORIENTED_EDGE('',*,*,#3564,.F.);
#3564 = EDGE_CURVE('',#3565,#3567,#3569,.T.);
#3565 = VERTEX_POINT('',#3566);
#3566 = CARTESIAN_POINT('',(22.5,12.,1.));
#3567 = VERTEX_POINT('',#3568);
#3568 = CARTESIAN_POINT('',(22.5,12.,16.));
#3569 = LINE('',#3570,#3571);
#3570 = CARTESIAN_POINT('',(22.5,12.,0.));
#3571 = VECTOR('',#3572,1.);
#3572 = DIRECTION('',(0.,0.,1.));
#3573 = ORIENTED_EDGE('',*,*,#3574,.T.);
#3574 = EDGE_CURVE('',#3565,#3372,#3575,.T.);
#3575 = CIRCLE('',#3576,1.);
#3576 = AXIS2_PLACEMENT_3D('',#3577,#3578,#3579);
#3577 = CARTESIAN_POINT('',(21.5,12.,1.));
#3578 = DIRECTION('',(0.,0.,1.));
#3579 = DIRECTION('',(1.,0.,-0.));
#3580 = ORIENTED_EDGE('',*,*,#3379,.T.);
#3581 = ORIENTED_EDGE('',*,*,#3582,.F.);
#3582 = EDGE_CURVE('',#3567,#3380,#3583,.T.);
#3583 = CIRCLE('',#3584,1.);
#3584 = AXIS2_PLACEMENT_3D('',#3585,#3586,#3587);
#3585 = CARTESIAN_POINT('',(21.5,12.,16.));
#3586 = DIRECTION('',(0.,0.,1.));
#3587 = DIRECTION('',(1.,0.,-0.));
#3588 = CYLINDRICAL_SURFACE('',#3589,1.);
#3589 = AXIS2_PLACEMENT_3D('',#3590,#3591,#3592);
#3590 = CARTESIAN_POINT('',(21.5,12.,0.));
#3591 = DIRECTION('',(0.,0.,1.));
#3592 = DIRECTION('',(1.,0.,-0.));
#3593 = ADVANCED_FACE('',(#3594),#3606,.T.);
#3594 = FACE_BOUND('',#3595,.T.);
#3595 = EDGE_LOOP('',(#3596,#3597,#3598,#3605));
#3596 = ORIENTED_EDGE('',*,*,#3433,.F.);
#3597 = ORIENTED_EDGE('',*,*,#3402,.T.);
#3598 = ORIENTED_EDGE('',*,*,#3599,.T.);
#3599 = EDGE_CURVE('',#3403,#3507,#3600,.T.);
#3600 = CIRCLE('',#3601,1.);
#3601 = AXIS2_PLACEMENT_3D('',#3602,#3603,#3604);
#3602 = CARTESIAN_POINT('',(21.5,-12.,1.));
#3603 = DIRECTION('',(-1.,0.,0.));
#3604 = DIRECTION('',(0.,-1.,0.));
#3605 = ORIENTED_EDGE('',*,*,#3514,.F.);
#3606 = CYLINDRICAL_SURFACE('',#3607,1.);
#3607 = AXIS2_PLACEMENT_3D('',#3608,#3609,#3610);
#3608 = CARTESIAN_POINT('',(-22.5,-12.,1.));
#3609 = DIRECTION('',(1.,0.,0.));
#3610 = DIRECTION('',(0.,-1.,0.));
#3611 = ADVANCED_FACE('',(#3612),#3637,.T.);
#3612 = FACE_BOUND('',#3613,.T.);
#3613 = EDGE_LOOP('',(#3614,#3623,#3624,#3631));
#3614 = ORIENTED_EDGE('',*,*,#3615,.F.);
#3615 = EDGE_CURVE('',#3403,#3616,#3618,.T.);
#3616 = VERTEX_POINT('',#3617);
#3617 = CARTESIAN_POINT('',(22.5,-12.,1.));
#3618 = CIRCLE('',#3619,1.);
#3619 = AXIS2_PLACEMENT_3D('',#3620,#3621,#3622);
#3620 = CARTESIAN_POINT('',(21.5,-12.,1.));
#3621 = DIRECTION('',(-6.E-17,-1.,0.));
#3622 = DIRECTION('',(1.,-6.E-17,0.));
#3623 = ORIENTED_EDGE('',*,*,#3410,.T.);
#3624 = ORIENTED_EDGE('',*,*,#3625,.T.);
#3625 = EDGE_CURVE('',#3411,#3565,#3626,.T.);
#3626 = CIRCLE('',#3627,1.);
#3627 = AXIS2_PLACEMENT_3D('',#3628,#3629,#3630);
#3628 = CARTESIAN_POINT('',(21.5,12.,1.));
#3629 = DIRECTION('',(0.,-1.,0.));
#3630 = DIRECTION('',(1.,0.,0.));
#3631 = ORIENTED_EDGE('',*,*,#3632,.F.);
#3632 = EDGE_CURVE('',#3616,#3565,#3633,.T.);
#3633 = LINE('',#3634,#3635);
#3634 = CARTESIAN_POINT('',(22.5,-13.,1.));
#3635 = VECTOR('',#3636,1.);
#3636 = DIRECTION('',(0.,1.,0.));
#3637 = CYLINDRICAL_SURFACE('',#3638,1.);
#3638 = AXIS2_PLACEMENT_3D('',#3639,#3640,#3641);
#3639 = CARTESIAN_POINT('',(21.5,-13.,1.));
#3640 = DIRECTION('',(0.,1.,0.));
#3641 = DIRECTION('',(1.,0.,0.));
#3642 = ADVANCED_FACE('',(#3643),#3655,.T.);
#3643 = FACE_BOUND('',#3644,.F.);
#3644 = EDGE_LOOP('',(#3645,#3646,#3647,#3654));
#3645 = ORIENTED_EDGE('',*,*,#3481,.F.);
#3646 = ORIENTED_EDGE('',*,*,#3450,.T.);
#3647 = ORIENTED_EDGE('',*,*,#3648,.T.);
#3648 = EDGE_CURVE('',#3451,#3499,#3649,.T.);
#3649 = CIRCLE('',#3650,1.);
#3650 = AXIS2_PLACEMENT_3D('',#3651,#3652,#3653);
#3651 = CARTESIAN_POINT('',(21.5,-12.,16.));
#3652 = DIRECTION('',(1.,0.,0.));
#3653 = DIRECTION('',(0.,-1.,0.));
#3654 = ORIENTED_EDGE('',*,*,#3498,.F.);
#3655 = CYLINDRICAL_SURFACE('',#3656,1.);
#3656 = AXIS2_PLACEMENT_3D('',#3657,#3658,#3659);
#3657 = CARTESIAN_POINT('',(-22.5,-12.,16.));
#3658 = DIRECTION('',(1.,0.,0.));
#3659 = DIRECTION('',(0.,-1.,0.));
#3660 = ADVANCED_FACE('',(#3661),#3686,.T.);
#3661 = FACE_BOUND('',#3662,.F.);
#3662 = EDGE_LOOP('',(#3663,#3672,#3673,#3680));
#3663 = ORIENTED_EDGE('',*,*,#3664,.F.);
#3664 = EDGE_CURVE('',#3451,#3665,#3667,.T.);
#3665 = VERTEX_POINT('',#3666);
#3666 = CARTESIAN_POINT('',(22.5,-12.,16.));
#3667 = CIRCLE('',#3668,1.);
#3668 = AXIS2_PLACEMENT_3D('',#3669,#3670,#3671);
#3669 = CARTESIAN_POINT('',(21.5,-12.,16.));
#3670 = DIRECTION('',(6.E-17,1.,0.));
#3671 = DIRECTION('',(1.,-6.E-17,0.));
#3672 = ORIENTED_EDGE('',*,*,#3458,.T.);
#3673 = ORIENTED_EDGE('',*,*,#3674,.T.);
#3674 = EDGE_CURVE('',#3459,#3567,#3675,.T.);
#3675 = CIRCLE('',#3676,1.);
#3676 = AXIS2_PLACEMENT_3D('',#3677,#3678,#3679);
#3677 = CARTESIAN_POINT('',(21.5,12.,16.));
#3678 = DIRECTION('',(-0.,1.,0.));
#3679 = DIRECTION('',(1.,0.,0.));
#3680 = ORIENTED_EDGE('',*,*,#3681,.F.);
#3681 = EDGE_CURVE('',#3665,#3567,#3682,.T.);
#3682 = LINE('',#3683,#3684);
#3683 = CARTESIAN_POINT('',(22.5,-13.,16.));
#3684 = VECTOR('',#3685,1.);
#3685 = DIRECTION('',(0.,1.,0.));
#3686 = CYLINDRICAL_SURFACE('',#3687,1.);
#3687 = AXIS2_PLACEMENT_3D('',#3688,#3689,#3690);
#3688 = CARTESIAN_POINT('',(21.5,-13.,16.));
#3689 = DIRECTION('',(0.,1.,0.));
#3690 = DIRECTION('',(1.,0.,0.));
#3691 = ADVANCED_FACE('',(#3692),#3715,.T.);
#3692 = FACE_BOUND('',#3693,.T.);
#3693 = EDGE_LOOP('',(#3694,#3695,#3702,#3708));
#3694 = ORIENTED_EDGE('',*,*,#3506,.F.);
#3695 = ORIENTED_EDGE('',*,*,#3696,.T.);
#3696 = EDGE_CURVE('',#3507,#3616,#3697,.T.);
#3697 = CIRCLE('',#3698,1.);
#3698 = AXIS2_PLACEMENT_3D('',#3699,#3700,#3701);
#3699 = CARTESIAN_POINT('',(21.5,-12.,1.));
#3700 = DIRECTION('',(-0.,0.,1.));
#3701 = DIRECTION('',(0.,-1.,0.));
#3702 = ORIENTED_EDGE('',*,*,#3703,.T.);
#3703 = EDGE_CURVE('',#3616,#3665,#3704,.T.);
#3704 = LINE('',#3705,#3706);
#3705 = CARTESIAN_POINT('',(22.5,-12.,0.));
#3706 = VECTOR('',#3707,1.);
#3707 = DIRECTION('',(0.,0.,1.));
#3708 = ORIENTED_EDGE('',*,*,#3709,.F.);
#3709 = EDGE_CURVE('',#3499,#3665,#3710,.T.);
#3710 = CIRCLE('',#3711,1.);
#3711 = AXIS2_PLACEMENT_3D('',#3712,#3713,#3714);
#3712 = CARTESIAN_POINT('',(21.5,-12.,16.));
#3713 = DIRECTION('',(-0.,0.,1.));
#3714 = DIRECTION('',(0.,-1.,0.));
#3715 = CYLINDRICAL_SURFACE('',#3716,1.);
#3716 = AXIS2_PLACEMENT_3D('',#3717,#3718,#3719);
#3717 = CARTESIAN_POINT('',(21.5,-12.,0.));
#3718 = DIRECTION('',(0.,0.,1.));
#3719 = DIRECTION('',(0.,-1.,0.));
#3720 = ADVANCED_FACE('',(#3721),#3726,.T.);
#3721 = FACE_BOUND('',#3722,.T.);
#3722 = EDGE_LOOP('',(#3723,#3724,#3725));
#3723 = ORIENTED_EDGE('',*,*,#3625,.F.);
#3724 = ORIENTED_EDGE('',*,*,#3528,.T.);
#3725 = ORIENTED_EDGE('',*,*,#3574,.F.);
#3726 = SPHERICAL_SURFACE('',#3727,1.);
#3727 = AXIS2_PLACEMENT_3D('',#3728,#3729,#3730);
#3728 = CARTESIAN_POINT('',(21.5,12.,1.));
#3729 = DIRECTION('',(0.,0.,1.));
#3730 = DIRECTION('',(1.,0.,-0.));
#3731 = ADVANCED_FACE('',(#3732),#3737,.T.);
#3732 = FACE_BOUND('',#3733,.F.);
#3733 = EDGE_LOOP('',(#3734,#3735,#3736));
#3734 = ORIENTED_EDGE('',*,*,#3674,.F.);
#3735 = ORIENTED_EDGE('',*,*,#3546,.T.);
#3736 = ORIENTED_EDGE('',*,*,#3582,.F.);
#3737 = SPHERICAL_SURFACE('',#3738,1.);
#3738 = AXIS2_PLACEMENT_3D('',#3739,#3740,#3741);
#3739 = CARTESIAN_POINT('',(21.5,12.,16.));
#3740 = DIRECTION('',(-0.,-0.,-1.));
#3741 = DIRECTION('',(1.,0.,0.));
#3742 = ADVANCED_FACE('',(#3743),#3749,.F.);
#3743 = FACE_BOUND('',#3744,.F.);
#3744 = EDGE_LOOP('',(#3745,#3746,#3747,#3748));
#3745 = ORIENTED_EDGE('',*,*,#3703,.T.);
#3746 = ORIENTED_EDGE('',*,*,#3681,.T.);
#3747 = ORIENTED_EDGE('',*,*,#3564,.F.);
#3748 = ORIENTED_EDGE('',*,*,#3632,.F.);
#3749 = PLANE('',#3750);
#3750 = AXIS2_PLACEMENT_3D('',#3751,#3752,#3753);
#3751 = CARTESIAN_POINT('',(22.5,-13.,0.));
#3752 = DIRECTION('',(-1.,0.,0.));
#3753 = DIRECTION('',(0.,1.,0.));
#3754 = ADVANCED_FACE('',(#3755),#3760,.T.);
#3755 = FACE_BOUND('',#3756,.T.);
#3756 = EDGE_LOOP('',(#3757,#3758,#3759));
#3757 = ORIENTED_EDGE('',*,*,#3599,.F.);
#3758 = ORIENTED_EDGE('',*,*,#3615,.T.);
#3759 = ORIENTED_EDGE('',*,*,#3696,.F.);
#3760 = SPHERICAL_SURFACE('',#3761,1.);
#3761 = AXIS2_PLACEMENT_3D('',#3762,#3763,#3764);
#3762 = CARTESIAN_POINT('',(21.5,-12.,1.));
#3763 = DIRECTION('',(0.,0.,1.));
#3764 = DIRECTION('',(0.,-1.,0.));
#3765 = ADVANCED_FACE('',(#3766),#3771,.T.);
#3766 = FACE_BOUND('',#3767,.F.);
#3767 = EDGE_LOOP('',(#3768,#3769,#3770));
#3768 = ORIENTED_EDGE('',*,*,#3648,.F.);
#3769 = ORIENTED_EDGE('',*,*,#3664,.T.);
#3770 = ORIENTED_EDGE('',*,*,#3709,.F.);
#3771 = SPHERICAL_SURFACE('',#3772,1.);
#3772 = AXIS2_PLACEMENT_3D('',#3773,#3774,#3775);
#3773 = CARTESIAN_POINT('',(21.5,-12.,16.));
#3774 = DIRECTION('',(-0.,-0.,-1.));
#3775 = DIRECTION('',(0.,-1.,0.));
#3776 = ( GEOMETRIC_REPRESENTATION_CONTEXT(3) 
GLOBAL_UNCERTAINTY_ASSIGNED_CONTEXT((#3780)) 
GLOBAL_UNIT_ASSIGNED_CONTEXT((#3777,#3778,#3779)) REPRESENTATION_CONTEXT
('Context #1','3D Context with UNIT and UNCERTAINTY') );
#3777 = ( LENGTH_UNIT() NAMED_UNIT(*) SI_UNIT(.MILLI.,.METRE.) );
#3778 = ( NAMED_UNIT(*) PLANE_ANGLE_UNIT() SI_UNIT($,.RADIAN.) );
#3779 = ( NAMED_UNIT(*) SI_UNIT($,.STERADIAN.) SOLID_ANGLE_UNIT() );
#3780 = UNCERTAINTY_MEASURE_WITH_UNIT(LENGTH_MEASURE(1.E-07),#3777,
  'distance_accuracy_value','confusion accuracy');
#3781 = CONTEXT_DEPENDENT_SHAPE_REPRESENTATION(#3782,#3784);
#3782 = ( REPRESENTATION_RELATIONSHIP('','',#3157,#10) 
REPRESENTATION_RELATIONSHIP_WITH_TRANSFORMATION(#3783) 
SHAPE_REPRESENTATION_RELATIONSHIP() );
#3783 = ITEM_DEFINED_TRANSFORMATION('','',#11,#27);
#3784 = PRODUCT_DEFINITION_SHAPE('Placement','Placement of an item',
  #3785);
#3785 = NEXT_ASSEMBLY_USAGE_OCCURRENCE('4','batterie','',#5,#3152,$);
#3786 = PRODUCT_RELATED_PRODUCT_CATEGORY('part',$,(#3154));
#3787 = SHAPE_DEFINITION_REPRESENTATION(#3788,#3794);
#3788 = PRODUCT_DEFINITION_SHAPE('','',#3789);
#3789 = PRODUCT_DEFINITION('design','',#3790,#3793);
#3790 = PRODUCT_DEFINITION_FORMATION('','',#3791);
#3791 = PRODUCT('connecteur001','connecteur001','',(#3792));
#3792 = PRODUCT_CONTEXT('',#2,'mechanical');
#3793 = PRODUCT_DEFINITION_CONTEXT('part definition',#2,'design');
#3794 = ADVANCED_BREP_SHAPE_REPRESENTATION('',(#11,#3795),#5056);
#3795 = MANIFOLD_SOLID_BREP('',#3796);
#3796 = CLOSED_SHELL('',(#3797,#3855,#3914,#3947,#3980,#4029,#4066,#4091
    ,#4140,#4165,#4198,#4235,#4259,#4289,#4340,#4358,#4375,#4400,#4449,
    #4486,#4511,#4611,#4622,#4662,#4680,#4711,#4739,#4756,#4767,#4785,
    #4797,#4822,#4845,#4873,#4898,#4909,#4925,#4945,#4979,#4995,#5007,
    #5019,#5039));
#3797 = ADVANCED_FACE('',(#3798),#3850,.F.);
#3798 = FACE_BOUND('',#3799,.F.);
#3799 = EDGE_LOOP('',(#3800,#3810,#3818,#3826,#3834,#3844));
#3800 = ORIENTED_EDGE('',*,*,#3801,.T.);
#3801 = EDGE_CURVE('',#3802,#3804,#3806,.T.);
#3802 = VERTEX_POINT('',#3803);
#3803 = CARTESIAN_POINT('',(1.,-3.035898384862,-5.5));
#3804 = VERTEX_POINT('',#3805);
#3805 = CARTESIAN_POINT('',(2.,-3.035898384862,-5.5));
#3806 = LINE('',#3807,#3808);
#3807 = CARTESIAN_POINT('',(1.036E-14,-3.035898384862,-5.5));
#3808 = VECTOR('',#3809,1.);
#3809 = DIRECTION('',(1.,-5.6E-16,-2.2E-16));
#3810 = ORIENTED_EDGE('',*,*,#3811,.T.);
#3811 = EDGE_CURVE('',#3804,#3812,#3814,.T.);
#3812 = VERTEX_POINT('',#3813);
#3813 = CARTESIAN_POINT('',(2.,-6.5,-3.5));
#3814 = LINE('',#3815,#3816);
#3815 = CARTESIAN_POINT('',(2.,-3.035898384862,-5.5));
#3816 = VECTOR('',#3817,1.);
#3817 = DIRECTION('',(-6.7E-16,-0.866025403784,0.5));
#3818 = ORIENTED_EDGE('',*,*,#3819,.F.);
#3819 = EDGE_CURVE('',#3820,#3812,#3822,.T.);
#3820 = VERTEX_POINT('',#3821);
#3821 = CARTESIAN_POINT('',(1.,-6.5,-3.5));
#3822 = LINE('',#3823,#3824);
#3823 = CARTESIAN_POINT('',(1.116E-14,-6.5,-3.5));
#3824 = VECTOR('',#3825,1.);
#3825 = DIRECTION('',(1.,-5.6E-16,-2.2E-16));
#3826 = ORIENTED_EDGE('',*,*,#3827,.F.);
#3827 = EDGE_CURVE('',#3828,#3820,#3830,.T.);
#3828 = VERTEX_POINT('',#3829);
#3829 = CARTESIAN_POINT('',(1.,-5.13353423412,-4.288929377769));
#3830 = LINE('',#3831,#3832);
#3831 = CARTESIAN_POINT('',(1.,-3.035898384862,-5.5));
#3832 = VECTOR('',#3833,1.);
#3833 = DIRECTION('',(-6.7E-16,-0.866025403784,0.5));
#3834 = ORIENTED_EDGE('',*,*,#3835,.F.);
#3835 = EDGE_CURVE('',#3836,#3828,#3838,.T.);
#3836 = VERTEX_POINT('',#3837);
#3837 = CARTESIAN_POINT('',(1.,-4.402364150742,-4.711070622231));
#3838 = ( BOUNDED_CURVE() B_SPLINE_CURVE(4,(#3839,#3840,#3841,#3842,
#3843),.UNSPECIFIED.,.F.,.F.) B_SPLINE_CURVE_WITH_KNOTS((5,5),(
1.577858755539,2.422141244461),.PIECEWISE_BEZIER_KNOTS.) CURVE() 
GEOMETRIC_REPRESENTATION_ITEM() RATIONAL_B_SPLINE_CURVE((1.,1.,1.,1.,1.)
) REPRESENTATION_ITEM('') );
#3839 = CARTESIAN_POINT('',(1.,-4.402364150742,-4.711070622231));
#3840 = CARTESIAN_POINT('',(1.,-4.585156671587,-4.605535311115));
#3841 = CARTESIAN_POINT('',(0.998279023254,-4.767949192431,-4.5));
#3842 = CARTESIAN_POINT('',(1.,-4.950741713276,-4.394464688885));
#3843 = CARTESIAN_POINT('',(1.,-5.13353423412,-4.288929377769));
#3844 = ORIENTED_EDGE('',*,*,#3845,.F.);
#3845 = EDGE_CURVE('',#3802,#3836,#3846,.T.);
#3846 = LINE('',#3847,#3848);
#3847 = CARTESIAN_POINT('',(1.,-3.035898384862,-5.5));
#3848 = VECTOR('',#3849,1.);
#3849 = DIRECTION('',(-6.7E-16,-0.866025403784,0.5));
#3850 = PLANE('',#3851);
#3851 = AXIS2_PLACEMENT_3D('',#3852,#3853,#3854);
#3852 = CARTESIAN_POINT('',(1.036E-14,-3.035898384862,-5.5));
#3853 = DIRECTION('',(1.35E-15,-0.5,-0.866025403784));
#3854 = DIRECTION('',(2.E-16,-0.866025403784,0.5));
#3855 = ADVANCED_FACE('',(#3856),#3909,.F.);
#3856 = FACE_BOUND('',#3857,.F.);
#3857 = EDGE_LOOP('',(#3858,#3868,#3874,#3875,#3883,#3893,#3903));
#3858 = ORIENTED_EDGE('',*,*,#3859,.T.);
#3859 = EDGE_CURVE('',#3860,#3862,#3864,.T.);
#3860 = VERTEX_POINT('',#3861);
#3861 = CARTESIAN_POINT('',(1.,-3.035898384862,-9.5));
#3862 = VERTEX_POINT('',#3863);
#3863 = CARTESIAN_POINT('',(2.,-3.035898384862,-9.5));
#3864 = LINE('',#3865,#3866);
#3865 = CARTESIAN_POINT('',(1.569E-14,-3.035898384862,-9.5));
#3866 = VECTOR('',#3867,1.);
#3867 = DIRECTION('',(1.,-5.6E-16,-2.2E-16));
#3868 = ORIENTED_EDGE('',*,*,#3869,.T.);
#3869 = EDGE_CURVE('',#3862,#3804,#3870,.T.);
#3870 = LINE('',#3871,#3872);
#3871 = CARTESIAN_POINT('',(2.,-3.035898384862,-9.5));
#3872 = VECTOR('',#3873,1.);
#3873 = DIRECTION('',(-1.33E-15,-5.22E-15,1.));
#3874 = ORIENTED_EDGE('',*,*,#3801,.F.);
#3875 = ORIENTED_EDGE('',*,*,#3876,.F.);
#3876 = EDGE_CURVE('',#3877,#3802,#3879,.T.);
#3877 = VERTEX_POINT('',#3878);
#3878 = CARTESIAN_POINT('',(1.,-3.035898384862,-7.077858755539));
#3879 = LINE('',#3880,#3881);
#3880 = CARTESIAN_POINT('',(1.,-3.035898384862,-9.5));
#3881 = VECTOR('',#3882,1.);
#3882 = DIRECTION('',(-1.33E-15,-5.22E-15,1.));
#3883 = ORIENTED_EDGE('',*,*,#3884,.F.);
#3884 = EDGE_CURVE('',#3885,#3877,#3887,.T.);
#3885 = VERTEX_POINT('',#3886);
#3886 = CARTESIAN_POINT('',(0.999355445257,-3.035898384862,-7.5));
#3887 = ( BOUNDED_CURVE() B_SPLINE_CURVE(4,(#3888,#3889,#3890,#3891,
#3892),.UNSPECIFIED.,.F.,.F.) B_SPLINE_CURVE_WITH_KNOTS((5,5),(2.,
2.422141244461),.PIECEWISE_BEZIER_KNOTS.) CURVE() 
GEOMETRIC_REPRESENTATION_ITEM() RATIONAL_B_SPLINE_CURVE((1.,1.,1.,1.,1.)
) REPRESENTATION_ITEM('') );
#3888 = CARTESIAN_POINT('',(0.999355445257,-3.035898384862,-7.5));
#3889 = CARTESIAN_POINT('',(0.999355445257,-3.035898384862,
    -7.394464688885));
#3890 = CARTESIAN_POINT('',(0.999566905384,-3.035898384862,
    -7.288929377769));
#3891 = CARTESIAN_POINT('',(1.,-3.035898384862,-7.183394066654));
#3892 = CARTESIAN_POINT('',(1.,-3.035898384862,-7.077858755539));
#3893 = ORIENTED_EDGE('',*,*,#3894,.F.);
#3894 = EDGE_CURVE('',#3895,#3885,#3897,.T.);
#3895 = VERTEX_POINT('',#3896);
#3896 = CARTESIAN_POINT('',(1.,-3.035898384862,-7.922141244461));
#3897 = ( BOUNDED_CURVE() B_SPLINE_CURVE(4,(#3898,#3899,#3900,#3901,
#3902),.UNSPECIFIED.,.F.,.F.) B_SPLINE_CURVE_WITH_KNOTS((5,5),(
1.577858755539,2.),.PIECEWISE_BEZIER_KNOTS.) CURVE() 
GEOMETRIC_REPRESENTATION_ITEM() RATIONAL_B_SPLINE_CURVE((1.,1.,1.,1.,1.)
) REPRESENTATION_ITEM('') );
#3898 = CARTESIAN_POINT('',(1.,-3.035898384862,-7.922141244461));
#3899 = CARTESIAN_POINT('',(1.,-3.035898384862,-7.816605933346));
#3900 = CARTESIAN_POINT('',(0.999566905384,-3.035898384862,
    -7.711070622231));
#3901 = CARTESIAN_POINT('',(0.999355445257,-3.035898384862,
    -7.605535311115));
#3902 = CARTESIAN_POINT('',(0.999355445257,-3.035898384862,-7.5));
#3903 = ORIENTED_EDGE('',*,*,#3904,.F.);
#3904 = EDGE_CURVE('',#3860,#3895,#3905,.T.);
#3905 = LINE('',#3906,#3907);
#3906 = CARTESIAN_POINT('',(1.,-3.035898384862,-9.5));
#3907 = VECTOR('',#3908,1.);
#3908 = DIRECTION('',(-1.33E-15,-5.22E-15,1.));
#3909 = PLANE('',#3910);
#3910 = AXIS2_PLACEMENT_3D('',#3911,#3912,#3913);
#3911 = CARTESIAN_POINT('',(1.569E-14,-3.035898384862,-9.5));
#3912 = DIRECTION('',(7.8E-16,-1.,-4.88E-15));
#3913 = DIRECTION('',(-1.33E-15,-4.88E-15,1.));
#3914 = ADVANCED_FACE('',(#3915),#3942,.T.);
#3915 = FACE_BOUND('',#3916,.F.);
#3916 = EDGE_LOOP('',(#3917,#3926,#3934,#3941));
#3917 = ORIENTED_EDGE('',*,*,#3918,.T.);
#3918 = EDGE_CURVE('',#3804,#3919,#3921,.T.);
#3919 = VERTEX_POINT('',#3920);
#3920 = CARTESIAN_POINT('',(2.2,-3.235898384862,-5.615470053838));
#3921 = ELLIPSE('',#3922,0.230940107676,0.2);
#3922 = AXIS2_PLACEMENT_3D('',#3923,#3924,#3925);
#3923 = CARTESIAN_POINT('',(2.,-3.235898384862,-5.615470053838));
#3924 = DIRECTION('',(1.15E-15,0.5,-0.866025403784));
#3925 = DIRECTION('',(-6.7E-16,0.866025403784,0.5));
#3926 = ORIENTED_EDGE('',*,*,#3927,.T.);
#3927 = EDGE_CURVE('',#3919,#3928,#3930,.T.);
#3928 = VERTEX_POINT('',#3929);
#3929 = CARTESIAN_POINT('',(2.2,-6.5,-3.730940107676));
#3930 = LINE('',#3931,#3932);
#3931 = CARTESIAN_POINT('',(2.2,-3.135898384862,-5.673205080757));
#3932 = VECTOR('',#3933,1.);
#3933 = DIRECTION('',(-6.7E-16,-0.866025403784,0.5));
#3934 = ORIENTED_EDGE('',*,*,#3935,.F.);
#3935 = EDGE_CURVE('',#3812,#3928,#3936,.T.);
#3936 = ELLIPSE('',#3937,0.230940107676,0.2);
#3937 = AXIS2_PLACEMENT_3D('',#3938,#3939,#3940);
#3938 = CARTESIAN_POINT('',(2.,-6.5,-3.730940107676));
#3939 = DIRECTION('',(-4.085409691748E-47,1.,-5.9E-16));
#3940 = DIRECTION('',(-1.33E-15,5.9E-16,1.));
#3941 = ORIENTED_EDGE('',*,*,#3811,.F.);
#3942 = CYLINDRICAL_SURFACE('',#3943,0.2);
#3943 = AXIS2_PLACEMENT_3D('',#3944,#3945,#3946);
#3944 = CARTESIAN_POINT('',(2.,-3.135898384862,-5.673205080757));
#3945 = DIRECTION('',(-6.7E-16,-0.866025403784,0.5));
#3946 = DIRECTION('',(6.E-17,0.5,0.866025403784));
#3947 = ADVANCED_FACE('',(#3948),#3975,.T.);
#3948 = FACE_BOUND('',#3949,.T.);
#3949 = EDGE_LOOP('',(#3950,#3959,#3967,#3974));
#3950 = ORIENTED_EDGE('',*,*,#3951,.T.);
#3951 = EDGE_CURVE('',#3802,#3952,#3954,.T.);
#3952 = VERTEX_POINT('',#3953);
#3953 = CARTESIAN_POINT('',(9.E-15,-4.035898384862,-6.07735026919));
#3954 = ELLIPSE('',#3955,1.154700538379,1.);
#3955 = AXIS2_PLACEMENT_3D('',#3956,#3957,#3958);
#3956 = CARTESIAN_POINT('',(1.,-4.035898384862,-6.07735026919));
#3957 = DIRECTION('',(-1.15E-15,-0.5,0.866025403784));
#3958 = DIRECTION('',(-6.7E-16,0.866025403784,0.5));
#3959 = ORIENTED_EDGE('',*,*,#3960,.T.);
#3960 = EDGE_CURVE('',#3952,#3961,#3963,.T.);
#3961 = VERTEX_POINT('',#3962);
#3962 = CARTESIAN_POINT('',(1.2E-14,-4.902364150742,-5.577096026015));
#3963 = LINE('',#3964,#3965);
#3964 = CARTESIAN_POINT('',(1.314E-14,-3.535898384862,-6.366025403784));
#3965 = VECTOR('',#3966,1.);
#3966 = DIRECTION('',(-6.7E-16,-0.866025403784,0.5));
#3967 = ORIENTED_EDGE('',*,*,#3968,.F.);
#3968 = EDGE_CURVE('',#3836,#3961,#3969,.T.);
#3969 = CIRCLE('',#3970,1.);
#3970 = AXIS2_PLACEMENT_3D('',#3971,#3972,#3973);
#3971 = CARTESIAN_POINT('',(1.,-4.902364150742,-5.577096026015));
#3972 = DIRECTION('',(-6.7E-16,-0.866025403784,0.5));
#3973 = DIRECTION('',(6.E-17,0.5,0.866025403784));
#3974 = ORIENTED_EDGE('',*,*,#3845,.F.);
#3975 = CYLINDRICAL_SURFACE('',#3976,1.);
#3976 = AXIS2_PLACEMENT_3D('',#3977,#3978,#3979);
#3977 = CARTESIAN_POINT('',(1.,-3.535898384862,-6.366025403784));
#3978 = DIRECTION('',(-6.7E-16,-0.866025403784,0.5));
#3979 = DIRECTION('',(6.E-17,0.5,0.866025403784));
#3980 = ADVANCED_FACE('',(#3981),#4024,.F.);
#3981 = FACE_BOUND('',#3982,.F.);
#3982 = EDGE_LOOP('',(#3983,#3984,#3992,#4000,#4008,#4018));
#3983 = ORIENTED_EDGE('',*,*,#3819,.T.);
#3984 = ORIENTED_EDGE('',*,*,#3985,.T.);
#3985 = EDGE_CURVE('',#3812,#3986,#3988,.T.);
#3986 = VERTEX_POINT('',#3987);
#3987 = CARTESIAN_POINT('',(2.,-9.964101615138,-5.5));
#3988 = LINE('',#3989,#3990);
#3989 = CARTESIAN_POINT('',(2.,-6.5,-3.5));
#3990 = VECTOR('',#3991,1.);
#3991 = DIRECTION('',(6.7E-16,-0.866025403784,-0.5));
#3992 = ORIENTED_EDGE('',*,*,#3993,.F.);
#3993 = EDGE_CURVE('',#3994,#3986,#3996,.T.);
#3994 = VERTEX_POINT('',#3995);
#3995 = CARTESIAN_POINT('',(1.,-9.964101615138,-5.5));
#3996 = LINE('',#3997,#3998);
#3997 = CARTESIAN_POINT('',(1.728E-14,-9.964101615138,-5.5));
#3998 = VECTOR('',#3999,1.);
#3999 = DIRECTION('',(1.,-5.6E-16,-2.2E-16));
#4000 = ORIENTED_EDGE('',*,*,#4001,.F.);
#4001 = EDGE_CURVE('',#4002,#3994,#4004,.T.);
#4002 = VERTEX_POINT('',#4003);
#4003 = CARTESIAN_POINT('',(1.,-8.597635849258,-4.711070622231));
#4004 = LINE('',#4005,#4006);
#4005 = CARTESIAN_POINT('',(1.,-6.5,-3.5));
#4006 = VECTOR('',#4007,1.);
#4007 = DIRECTION('',(6.7E-16,-0.866025403784,-0.5));
#4008 = ORIENTED_EDGE('',*,*,#4009,.F.);
#4009 = EDGE_CURVE('',#4010,#4002,#4012,.T.);
#4010 = VERTEX_POINT('',#4011);
#4011 = CARTESIAN_POINT('',(1.,-7.86646576588,-4.288929377769));
#4012 = ( BOUNDED_CURVE() B_SPLINE_CURVE(4,(#4013,#4014,#4015,#4016,
#4017),.UNSPECIFIED.,.F.,.F.) B_SPLINE_CURVE_WITH_KNOTS((5,5),(
1.577858755539,2.422141244462),.PIECEWISE_BEZIER_KNOTS.) CURVE() 
GEOMETRIC_REPRESENTATION_ITEM() RATIONAL_B_SPLINE_CURVE((1.,1.,1.,1.,1.)
) REPRESENTATION_ITEM('') );
#4013 = CARTESIAN_POINT('',(1.,-7.86646576588,-4.288929377769));
#4014 = CARTESIAN_POINT('',(1.,-8.049258286724,-4.394464688885));
#4015 = CARTESIAN_POINT('',(0.998279023254,-8.232050807569,-4.5));
#4016 = CARTESIAN_POINT('',(1.,-8.414843328413,-4.605535311115));
#4017 = CARTESIAN_POINT('',(1.,-8.597635849258,-4.711070622231));
#4018 = ORIENTED_EDGE('',*,*,#4019,.F.);
#4019 = EDGE_CURVE('',#3820,#4010,#4020,.T.);
#4020 = LINE('',#4021,#4022);
#4021 = CARTESIAN_POINT('',(1.,-6.5,-3.5));
#4022 = VECTOR('',#4023,1.);
#4023 = DIRECTION('',(6.7E-16,-0.866025403784,-0.5));
#4024 = PLANE('',#4025);
#4025 = AXIS2_PLACEMENT_3D('',#4026,#4027,#4028);
#4026 = CARTESIAN_POINT('',(1.116E-14,-6.5,-3.5));
#4027 = DIRECTION('',(5.7E-16,0.5,-0.866025403784));
#4028 = DIRECTION('',(1.53E-15,-0.866025403784,-0.5));
#4029 = ADVANCED_FACE('',(#4030),#4050,.T.);
#4030 = FACE_BOUND('',#4031,.T.);
#4031 = EDGE_LOOP('',(#4032,#4033,#4043,#4049));
#4032 = ORIENTED_EDGE('',*,*,#3968,.T.);
#4033 = ORIENTED_EDGE('',*,*,#4034,.T.);
#4034 = EDGE_CURVE('',#3961,#4035,#4037,.T.);
#4035 = VERTEX_POINT('',#4036);
#4036 = CARTESIAN_POINT('',(8.E-15,-5.63353423412,-5.154954781554));
#4037 = ( BOUNDED_CURVE() B_SPLINE_CURVE(4,(#4038,#4039,#4040,#4041,
#4042),.UNSPECIFIED.,.F.,.F.) B_SPLINE_CURVE_WITH_KNOTS((5,5),(
1.577858755539,2.422141244461),.PIECEWISE_BEZIER_KNOTS.) CURVE() 
GEOMETRIC_REPRESENTATION_ITEM() RATIONAL_B_SPLINE_CURVE((1.,1.,1.,1.,1.)
) REPRESENTATION_ITEM('') );
#4038 = CARTESIAN_POINT('',(9.13E-15,-4.902364150742,-5.577096026015));
#4039 = CARTESIAN_POINT('',(9.26E-15,-5.067076732312,-5.440245341478));
#4040 = CARTESIAN_POINT('',(8.58E-15,-5.244191722011,-5.324876257957));
#4041 = CARTESIAN_POINT('',(9.02E-15,-5.432661774001,-5.229174719247));
#4042 = CARTESIAN_POINT('',(8.58E-15,-5.63353423412,-5.154954781554));
#4043 = ORIENTED_EDGE('',*,*,#4044,.F.);
#4044 = EDGE_CURVE('',#3828,#4035,#4045,.T.);
#4045 = ( BOUNDED_CURVE() B_SPLINE_CURVE(2,(#4046,#4047,#4048),
.UNSPECIFIED.,.F.,.F.) B_SPLINE_CURVE_WITH_KNOTS((3,3),(0.,
0.844282488923),.PIECEWISE_BEZIER_KNOTS.) CURVE() 
GEOMETRIC_REPRESENTATION_ITEM() RATIONAL_B_SPLINE_CURVE((1.,
0.707106781187,1.)) REPRESENTATION_ITEM('') );
#4046 = CARTESIAN_POINT('',(1.,-5.13353423412,-4.288929377769));
#4047 = CARTESIAN_POINT('',(5.47E-15,-5.13353423412,-4.288929377769));
#4048 = CARTESIAN_POINT('',(8.58E-15,-5.63353423412,-5.154954781554));
#4049 = ORIENTED_EDGE('',*,*,#3835,.F.);
#4050 = ( BOUNDED_SURFACE() B_SPLINE_SURFACE(2,4,(
    (#4051,#4052,#4053,#4054,#4055)
    ,(#4056,#4057,#4058,#4059,#4060)
    ,(#4061,#4062,#4063,#4064,#4065
)),.UNSPECIFIED.,.F.,.F.,.F.) B_SPLINE_SURFACE_WITH_KNOTS((3,3),(5,5),(
    0.,0.844282488923),(1.577858755539,2.422141244461),
.PIECEWISE_BEZIER_KNOTS.) GEOMETRIC_REPRESENTATION_ITEM() 
RATIONAL_B_SPLINE_SURFACE((
    (1.,1.,1.,1.,1.)
    ,(0.707106781187,0.719891228851,0.723606567514,0.719891228851
      ,0.707106781187)
,(1.,1.,1.,1.,1.))) REPRESENTATION_ITEM('') SURFACE() );
#4051 = CARTESIAN_POINT('',(1.,-4.402364150742,-4.711070622231));
#4052 = CARTESIAN_POINT('',(1.,-4.585156671587,-4.605535311115));
#4053 = CARTESIAN_POINT('',(0.998279023254,-4.767949192431,-4.5));
#4054 = CARTESIAN_POINT('',(1.,-4.950741713276,-4.394464688885));
#4055 = CARTESIAN_POINT('',(1.,-5.13353423412,-4.288929377769));
#4056 = CARTESIAN_POINT('',(8.85E-15,-4.402364150742,-4.711070622231));
#4057 = CARTESIAN_POINT('',(3.551772032318E-02,-4.58191048477,
    -4.607409497948));
#4058 = CARTESIAN_POINT('',(4.473626405767E-02,-4.767949192431,-4.5));
#4059 = CARTESIAN_POINT('',(3.551772032318E-02,-4.953987900092,
    -4.392590502052));
#4060 = CARTESIAN_POINT('',(5.47E-15,-5.13353423412,-4.288929377769));
#4061 = CARTESIAN_POINT('',(9.13E-15,-4.902364150742,-5.577096026015));
#4062 = CARTESIAN_POINT('',(9.26E-15,-5.067076732312,-5.440245341478));
#4063 = CARTESIAN_POINT('',(8.58E-15,-5.244191722011,-5.324876257957));
#4064 = CARTESIAN_POINT('',(9.02E-15,-5.432661774001,-5.229174719247));
#4065 = CARTESIAN_POINT('',(8.58E-15,-5.63353423412,-5.154954781554));
#4066 = ADVANCED_FACE('',(#4067),#4086,.T.);
#4067 = FACE_BOUND('',#4068,.T.);
#4068 = EDGE_LOOP('',(#4069,#4070,#4078,#4085));
#4069 = ORIENTED_EDGE('',*,*,#4044,.T.);
#4070 = ORIENTED_EDGE('',*,*,#4071,.T.);
#4071 = EDGE_CURVE('',#4035,#4072,#4074,.T.);
#4072 = VERTEX_POINT('',#4073);
#4073 = CARTESIAN_POINT('',(1.E-14,-6.5,-4.654700538379));
#4074 = LINE('',#4075,#4076);
#4075 = CARTESIAN_POINT('',(1.314E-14,-3.535898384862,-6.366025403784));
#4076 = VECTOR('',#4077,1.);
#4077 = DIRECTION('',(-6.7E-16,-0.866025403784,0.5));
#4078 = ORIENTED_EDGE('',*,*,#4079,.F.);
#4079 = EDGE_CURVE('',#3820,#4072,#4080,.T.);
#4080 = ELLIPSE('',#4081,1.154700538379,1.);
#4081 = AXIS2_PLACEMENT_3D('',#4082,#4083,#4084);
#4082 = CARTESIAN_POINT('',(1.,-6.5,-4.654700538379));
#4083 = DIRECTION('',(4.085409691748E-47,-1.,5.9E-16));
#4084 = DIRECTION('',(-1.33E-15,5.9E-16,1.));
#4085 = ORIENTED_EDGE('',*,*,#3827,.F.);
#4086 = CYLINDRICAL_SURFACE('',#4087,1.);
#4087 = AXIS2_PLACEMENT_3D('',#4088,#4089,#4090);
#4088 = CARTESIAN_POINT('',(1.,-3.535898384862,-6.366025403784));
#4089 = DIRECTION('',(-6.7E-16,-0.866025403784,0.5));
#4090 = DIRECTION('',(6.E-17,0.5,0.866025403784));
#4091 = ADVANCED_FACE('',(#4092),#4135,.F.);
#4092 = FACE_BOUND('',#4093,.F.);
#4093 = EDGE_LOOP('',(#4094,#4104,#4110,#4111,#4119,#4129));
#4094 = ORIENTED_EDGE('',*,*,#4095,.T.);
#4095 = EDGE_CURVE('',#4096,#4098,#4100,.T.);
#4096 = VERTEX_POINT('',#4097);
#4097 = CARTESIAN_POINT('',(1.,-6.5,-11.5));
#4098 = VERTEX_POINT('',#4099);
#4099 = CARTESIAN_POINT('',(2.,-6.5,-11.5));
#4100 = LINE('',#4101,#4102);
#4101 = CARTESIAN_POINT('',(2.182E-14,-6.5,-11.5));
#4102 = VECTOR('',#4103,1.);
#4103 = DIRECTION('',(1.,-5.6E-16,-2.2E-16));
#4104 = ORIENTED_EDGE('',*,*,#4105,.T.);
#4105 = EDGE_CURVE('',#4098,#3862,#4106,.T.);
#4106 = LINE('',#4107,#4108);
#4107 = CARTESIAN_POINT('',(2.,-6.5,-11.5));
#4108 = VECTOR('',#4109,1.);
#4109 = DIRECTION('',(-6.7E-16,0.866025403784,0.5));
#4110 = ORIENTED_EDGE('',*,*,#3859,.F.);
#4111 = ORIENTED_EDGE('',*,*,#4112,.F.);
#4112 = EDGE_CURVE('',#4113,#3860,#4115,.T.);
#4113 = VERTEX_POINT('',#4114);
#4114 = CARTESIAN_POINT('',(1.,-4.402364150742,-10.28892937776));
#4115 = LINE('',#4116,#4117);
#4116 = CARTESIAN_POINT('',(1.,-6.5,-11.5));
#4117 = VECTOR('',#4118,1.);
#4118 = DIRECTION('',(-6.7E-16,0.866025403784,0.5));
#4119 = ORIENTED_EDGE('',*,*,#4120,.F.);
#4120 = EDGE_CURVE('',#4121,#4113,#4123,.T.);
#4121 = VERTEX_POINT('',#4122);
#4122 = CARTESIAN_POINT('',(1.,-5.13353423412,-10.71107062223));
#4123 = ( BOUNDED_CURVE() B_SPLINE_CURVE(4,(#4124,#4125,#4126,#4127,
#4128),.UNSPECIFIED.,.F.,.F.) B_SPLINE_CURVE_WITH_KNOTS((5,5),(
1.577858755539,2.422141244461),.PIECEWISE_BEZIER_KNOTS.) CURVE() 
GEOMETRIC_REPRESENTATION_ITEM() RATIONAL_B_SPLINE_CURVE((1.,1.,1.,1.,1.)
) REPRESENTATION_ITEM('') );
#4124 = CARTESIAN_POINT('',(1.,-5.13353423412,-10.71107062223));
#4125 = CARTESIAN_POINT('',(1.,-4.950741713276,-10.60553531111));
#4126 = CARTESIAN_POINT('',(0.998279023254,-4.767949192431,-10.5));
#4127 = CARTESIAN_POINT('',(1.,-4.585156671587,-10.39446468888));
#4128 = CARTESIAN_POINT('',(1.,-4.402364150742,-10.28892937776));
#4129 = ORIENTED_EDGE('',*,*,#4130,.F.);
#4130 = EDGE_CURVE('',#4096,#4121,#4131,.T.);
#4131 = LINE('',#4132,#4133);
#4132 = CARTESIAN_POINT('',(1.,-6.5,-11.5));
#4133 = VECTOR('',#4134,1.);
#4134 = DIRECTION('',(-6.7E-16,0.866025403784,0.5));
#4135 = PLANE('',#4136);
#4136 = AXIS2_PLACEMENT_3D('',#4137,#4138,#4139);
#4137 = CARTESIAN_POINT('',(2.182E-14,-6.5,-11.5));
#4138 = DIRECTION('',(-5.7E-16,-0.5,0.866025403784));
#4139 = DIRECTION('',(-1.53E-15,0.866025403784,0.5));
#4140 = ADVANCED_FACE('',(#4141),#4160,.T.);
#4141 = FACE_BOUND('',#4142,.F.);
#4142 = EDGE_LOOP('',(#4143,#4152,#4158,#4159));
#4143 = ORIENTED_EDGE('',*,*,#4144,.F.);
#4144 = EDGE_CURVE('',#4145,#3862,#4147,.T.);
#4145 = VERTEX_POINT('',#4146);
#4146 = CARTESIAN_POINT('',(2.2,-3.235898384862,-9.384529946162));
#4147 = ELLIPSE('',#4148,0.230940107676,0.2);
#4148 = AXIS2_PLACEMENT_3D('',#4149,#4150,#4151);
#4149 = CARTESIAN_POINT('',(2.,-3.235898384862,-9.384529946162));
#4150 = DIRECTION('',(-1.15E-15,0.5,0.866025403784));
#4151 = DIRECTION('',(6.7E-16,0.866025403784,-0.5));
#4152 = ORIENTED_EDGE('',*,*,#4153,.T.);
#4153 = EDGE_CURVE('',#4145,#3919,#4154,.T.);
#4154 = LINE('',#4155,#4156);
#4155 = CARTESIAN_POINT('',(2.2,-3.235898384862,-9.5));
#4156 = VECTOR('',#4157,1.);
#4157 = DIRECTION('',(-1.33E-15,-5.22E-15,1.));
#4158 = ORIENTED_EDGE('',*,*,#3918,.F.);
#4159 = ORIENTED_EDGE('',*,*,#3869,.F.);
#4160 = CYLINDRICAL_SURFACE('',#4161,0.2);
#4161 = AXIS2_PLACEMENT_3D('',#4162,#4163,#4164);
#4162 = CARTESIAN_POINT('',(2.,-3.235898384862,-9.5));
#4163 = DIRECTION('',(-1.33E-15,-5.22E-15,1.));
#4164 = DIRECTION('',(8.9E-16,1.,5.22E-15));
#4165 = ADVANCED_FACE('',(#4166),#4193,.T.);
#4166 = FACE_BOUND('',#4167,.T.);
#4167 = EDGE_LOOP('',(#4168,#4177,#4185,#4192));
#4168 = ORIENTED_EDGE('',*,*,#4169,.F.);
#4169 = EDGE_CURVE('',#4170,#3860,#4172,.T.);
#4170 = VERTEX_POINT('',#4171);
#4171 = CARTESIAN_POINT('',(8.E-15,-4.035898384862,-8.92264973081));
#4172 = ELLIPSE('',#4173,1.154700538379,1.);
#4173 = AXIS2_PLACEMENT_3D('',#4174,#4175,#4176);
#4174 = CARTESIAN_POINT('',(1.,-4.035898384862,-8.92264973081));
#4175 = DIRECTION('',(1.15E-15,-0.5,-0.866025403784));
#4176 = DIRECTION('',(6.7E-16,0.866025403784,-0.5));
#4177 = ORIENTED_EDGE('',*,*,#4178,.T.);
#4178 = EDGE_CURVE('',#4170,#4179,#4181,.T.);
#4179 = VERTEX_POINT('',#4180);
#4180 = CARTESIAN_POINT('',(1.1E-14,-4.035898384862,-7.922141244461));
#4181 = LINE('',#4182,#4183);
#4182 = CARTESIAN_POINT('',(1.371E-14,-4.035898384862,-9.5));
#4183 = VECTOR('',#4184,1.);
#4184 = DIRECTION('',(-1.33E-15,-5.22E-15,1.));
#4185 = ORIENTED_EDGE('',*,*,#4186,.F.);
#4186 = EDGE_CURVE('',#3895,#4179,#4187,.T.);
#4187 = CIRCLE('',#4188,1.);
#4188 = AXIS2_PLACEMENT_3D('',#4189,#4190,#4191);
#4189 = CARTESIAN_POINT('',(1.,-4.035898384862,-7.922141244461));
#4190 = DIRECTION('',(-1.33E-15,-5.22E-15,1.));
#4191 = DIRECTION('',(8.9E-16,1.,5.22E-15));
#4192 = ORIENTED_EDGE('',*,*,#3904,.F.);
#4193 = CYLINDRICAL_SURFACE('',#4194,1.);
#4194 = AXIS2_PLACEMENT_3D('',#4195,#4196,#4197);
#4195 = CARTESIAN_POINT('',(1.,-4.035898384862,-9.5));
#4196 = DIRECTION('',(-1.33E-15,-5.22E-15,1.));
#4197 = DIRECTION('',(8.9E-16,1.,5.22E-15));
#4198 = ADVANCED_FACE('',(#4199),#4219,.T.);
#4199 = FACE_BOUND('',#4200,.T.);
#4200 = EDGE_LOOP('',(#4201,#4202,#4212,#4218));
#4201 = ORIENTED_EDGE('',*,*,#4186,.T.);
#4202 = ORIENTED_EDGE('',*,*,#4203,.T.);
#4203 = EDGE_CURVE('',#4179,#4204,#4206,.T.);
#4204 = VERTEX_POINT('',#4205);
#4205 = CARTESIAN_POINT('',(2.1E-14,-4.,-7.5));
#4206 = ( BOUNDED_CURVE() B_SPLINE_CURVE(4,(#4207,#4208,#4209,#4210,
#4211),.UNSPECIFIED.,.F.,.F.) B_SPLINE_CURVE_WITH_KNOTS((5,5),(
1.577858755539,2.),.PIECEWISE_BEZIER_KNOTS.) CURVE() 
GEOMETRIC_REPRESENTATION_ITEM() RATIONAL_B_SPLINE_CURVE((1.,1.,1.,1.,1.)
) REPRESENTATION_ITEM('') );
#4207 = CARTESIAN_POINT('',(1.082E-14,-4.035898384862,-7.922141244461));
#4208 = CARTESIAN_POINT('',(1.086E-14,-4.017818445587,-7.816605933346));
#4209 = CARTESIAN_POINT('',(1.107E-14,-4.005940911941,-7.711070622231));
#4210 = CARTESIAN_POINT('',(1.028E-14,-4.,-7.605535311115));
#4211 = CARTESIAN_POINT('',(1.06E-14,-4.,-7.5));
#4212 = ORIENTED_EDGE('',*,*,#4213,.F.);
#4213 = EDGE_CURVE('',#3885,#4204,#4214,.T.);
#4214 = ( BOUNDED_CURVE() B_SPLINE_CURVE(2,(#4215,#4216,#4217),
.UNSPECIFIED.,.F.,.F.) B_SPLINE_CURVE_WITH_KNOTS((3,3),(0.,
0.422141244461),.PIECEWISE_BEZIER_KNOTS.) CURVE() 
GEOMETRIC_REPRESENTATION_ITEM() RATIONAL_B_SPLINE_CURVE((1.,
0.719686871098,1.)) REPRESENTATION_ITEM('') );
#4215 = CARTESIAN_POINT('',(0.999355445257,-3.035898384862,-7.5));
#4216 = CARTESIAN_POINT('',(3.46320130548E-02,-3.035898384862,-7.5));
#4217 = CARTESIAN_POINT('',(1.06E-14,-4.,-7.5));
#4218 = ORIENTED_EDGE('',*,*,#3894,.F.);
#4219 = ( BOUNDED_SURFACE() B_SPLINE_SURFACE(2,4,(
    (#4220,#4221,#4222,#4223,#4224)
    ,(#4225,#4226,#4227,#4228,#4229)
    ,(#4230,#4231,#4232,#4233,#4234
)),.UNSPECIFIED.,.F.,.F.,.F.) B_SPLINE_SURFACE_WITH_KNOTS((3,3),(5,5),(
    0.,0.422141244461),(1.577858755539,2.),.PIECEWISE_BEZIER_KNOTS.) 
GEOMETRIC_REPRESENTATION_ITEM() RATIONAL_B_SPLINE_SURFACE((
    (1.,1.,1.,1.,1.)
    ,(0.707106781187,0.713499005019,0.717622386083,0.719686871098
      ,0.719686871098)
,(1.,1.,1.,1.,1.))) REPRESENTATION_ITEM('') SURFACE() );
#4220 = CARTESIAN_POINT('',(1.,-3.035898384862,-7.922141244461));
#4221 = CARTESIAN_POINT('',(1.,-3.035898384862,-7.816605933346));
#4222 = CARTESIAN_POINT('',(0.999566905384,-3.035898384862,
    -7.711070622231));
#4223 = CARTESIAN_POINT('',(0.999355445257,-3.035898384862,
    -7.605535311115));
#4224 = CARTESIAN_POINT('',(0.999355445257,-3.035898384862,-7.5));
#4225 = CARTESIAN_POINT('',(1.021E-14,-3.035898384862,-7.922141244461));
#4226 = CARTESIAN_POINT('',(1.791796144745E-02,-3.035898384862,
    -7.817551422164));
#4227 = CARTESIAN_POINT('',(2.909007634812E-02,-3.035898384862,
    -7.711667239375));
#4228 = CARTESIAN_POINT('',(3.46320130548E-02,-3.035898384862,
    -7.605535311115));
#4229 = CARTESIAN_POINT('',(3.46320130548E-02,-3.035898384862,-7.5));
#4230 = CARTESIAN_POINT('',(1.082E-14,-4.035898384862,-7.922141244461));
#4231 = CARTESIAN_POINT('',(1.086E-14,-4.017818445587,-7.816605933346));
#4232 = CARTESIAN_POINT('',(1.107E-14,-4.005940911941,-7.711070622231));
#4233 = CARTESIAN_POINT('',(1.028E-14,-4.,-7.605535311115));
#4234 = CARTESIAN_POINT('',(1.06E-14,-4.,-7.5));
#4235 = ADVANCED_FACE('',(#4236),#4254,.T.);
#4236 = FACE_BOUND('',#4237,.T.);
#4237 = EDGE_LOOP('',(#4238,#4246,#4252,#4253));
#4238 = ORIENTED_EDGE('',*,*,#4239,.T.);
#4239 = EDGE_CURVE('',#3877,#4240,#4242,.T.);
#4240 = VERTEX_POINT('',#4241);
#4241 = CARTESIAN_POINT('',(1.E-14,-4.035898384862,-7.077858755539));
#4242 = ( BOUNDED_CURVE() B_SPLINE_CURVE(2,(#4243,#4244,#4245),
.UNSPECIFIED.,.F.,.F.) B_SPLINE_CURVE_WITH_KNOTS((3,3),(0.,
0.422141244461),.PIECEWISE_BEZIER_KNOTS.) CURVE() 
GEOMETRIC_REPRESENTATION_ITEM() RATIONAL_B_SPLINE_CURVE((1.,
0.707106781187,1.)) REPRESENTATION_ITEM('') );
#4243 = CARTESIAN_POINT('',(1.,-3.035898384862,-7.077858755539));
#4244 = CARTESIAN_POINT('',(9.11E-15,-3.035898384862,-7.077858755539));
#4245 = CARTESIAN_POINT('',(1.035E-14,-4.035898384862,-7.077858755539));
#4246 = ORIENTED_EDGE('',*,*,#4247,.T.);
#4247 = EDGE_CURVE('',#4240,#3952,#4248,.T.);
#4248 = LINE('',#4249,#4250);
#4249 = CARTESIAN_POINT('',(1.371E-14,-4.035898384862,-9.5));
#4250 = VECTOR('',#4251,1.);
#4251 = DIRECTION('',(-1.33E-15,-5.22E-15,1.));
#4252 = ORIENTED_EDGE('',*,*,#3951,.F.);
#4253 = ORIENTED_EDGE('',*,*,#3876,.F.);
#4254 = CYLINDRICAL_SURFACE('',#4255,1.);
#4255 = AXIS2_PLACEMENT_3D('',#4256,#4257,#4258);
#4256 = CARTESIAN_POINT('',(1.,-4.035898384862,-9.5));
#4257 = DIRECTION('',(-1.33E-15,-5.22E-15,1.));
#4258 = DIRECTION('',(8.9E-16,1.,5.22E-15));
#4259 = ADVANCED_FACE('',(#4260),#4273,.T.);
#4260 = FACE_BOUND('',#4261,.T.);
#4261 = EDGE_LOOP('',(#4262,#4263,#4271,#4272));
#4262 = ORIENTED_EDGE('',*,*,#4213,.T.);
#4263 = ORIENTED_EDGE('',*,*,#4264,.T.);
#4264 = EDGE_CURVE('',#4204,#4240,#4265,.T.);
#4265 = ( BOUNDED_CURVE() B_SPLINE_CURVE(4,(#4266,#4267,#4268,#4269,
#4270),.UNSPECIFIED.,.F.,.F.) B_SPLINE_CURVE_WITH_KNOTS((5,5),(2.,
2.422141244461),.PIECEWISE_BEZIER_KNOTS.) CURVE() 
GEOMETRIC_REPRESENTATION_ITEM() RATIONAL_B_SPLINE_CURVE((1.,1.,1.,1.,1.)
) REPRESENTATION_ITEM('') );
#4266 = CARTESIAN_POINT('',(1.06E-14,-4.,-7.5));
#4267 = CARTESIAN_POINT('',(1.048E-14,-4.,-7.394464688885));
#4268 = CARTESIAN_POINT('',(1.08E-14,-4.005940911941,-7.288929377769));
#4269 = CARTESIAN_POINT('',(1.012E-14,-4.017818445587,-7.183394066654));
#4270 = CARTESIAN_POINT('',(1.035E-14,-4.035898384862,-7.077858755539));
#4271 = ORIENTED_EDGE('',*,*,#4239,.F.);
#4272 = ORIENTED_EDGE('',*,*,#3884,.F.);
#4273 = ( BOUNDED_SURFACE() B_SPLINE_SURFACE(2,4,(
    (#4274,#4275,#4276,#4277,#4278)
    ,(#4279,#4280,#4281,#4282,#4283)
    ,(#4284,#4285,#4286,#4287,#4288
)),.UNSPECIFIED.,.F.,.F.,.F.) B_SPLINE_SURFACE_WITH_KNOTS((3,3),(5,5),(
    0.,0.422141244461),(2.,2.422141244461),.PIECEWISE_BEZIER_KNOTS.) 
GEOMETRIC_REPRESENTATION_ITEM() RATIONAL_B_SPLINE_SURFACE((
    (1.,1.,1.,1.,1.)
    ,(0.719686871098,0.719686871098,0.717622386083,0.713499005019
      ,0.707106781187)
,(1.,1.,1.,1.,1.))) REPRESENTATION_ITEM('') SURFACE() );
#4274 = CARTESIAN_POINT('',(0.999355445257,-3.035898384862,-7.5));
#4275 = CARTESIAN_POINT('',(0.999355445257,-3.035898384862,
    -7.394464688885));
#4276 = CARTESIAN_POINT('',(0.999566905384,-3.035898384862,
    -7.288929377769));
#4277 = CARTESIAN_POINT('',(1.,-3.035898384862,-7.183394066654));
#4278 = CARTESIAN_POINT('',(1.,-3.035898384862,-7.077858755539));
#4279 = CARTESIAN_POINT('',(3.46320130548E-02,-3.035898384862,-7.5));
#4280 = CARTESIAN_POINT('',(3.46320130548E-02,-3.035898384862,
    -7.394464688885));
#4281 = CARTESIAN_POINT('',(2.909007634812E-02,-3.035898384862,
    -7.288332760625));
#4282 = CARTESIAN_POINT('',(1.791796144745E-02,-3.035898384862,
    -7.182448577836));
#4283 = CARTESIAN_POINT('',(9.11E-15,-3.035898384862,-7.077858755539));
#4284 = CARTESIAN_POINT('',(1.06E-14,-4.,-7.5));
#4285 = CARTESIAN_POINT('',(1.048E-14,-4.,-7.394464688885));
#4286 = CARTESIAN_POINT('',(1.08E-14,-4.005940911941,-7.288929377769));
#4287 = CARTESIAN_POINT('',(1.012E-14,-4.017818445587,-7.183394066654));
#4288 = CARTESIAN_POINT('',(1.035E-14,-4.035898384862,-7.077858755539));
#4289 = ADVANCED_FACE('',(#4290,#4324),#4335,.T.);
#4290 = FACE_BOUND('',#4291,.T.);
#4291 = EDGE_LOOP('',(#4292,#4300,#4301,#4302,#4310,#4318));
#4292 = ORIENTED_EDGE('',*,*,#4293,.T.);
#4293 = EDGE_CURVE('',#4294,#4145,#4296,.T.);
#4294 = VERTEX_POINT('',#4295);
#4295 = CARTESIAN_POINT('',(2.2,-6.5,-11.26905989232));
#4296 = LINE('',#4297,#4298);
#4297 = CARTESIAN_POINT('',(2.2,-6.6,-11.32679491924));
#4298 = VECTOR('',#4299,1.);
#4299 = DIRECTION('',(-6.7E-16,0.866025403784,0.5));
#4300 = ORIENTED_EDGE('',*,*,#4153,.T.);
#4301 = ORIENTED_EDGE('',*,*,#3927,.T.);
#4302 = ORIENTED_EDGE('',*,*,#4303,.T.);
#4303 = EDGE_CURVE('',#3928,#4304,#4306,.T.);
#4304 = VERTEX_POINT('',#4305);
#4305 = CARTESIAN_POINT('',(2.2,-9.764101615138,-5.615470053838));
#4306 = LINE('',#4307,#4308);
#4307 = CARTESIAN_POINT('',(2.2,-6.4,-3.673205080757));
#4308 = VECTOR('',#4309,1.);
#4309 = DIRECTION('',(6.7E-16,-0.866025403784,-0.5));
#4310 = ORIENTED_EDGE('',*,*,#4311,.T.);
#4311 = EDGE_CURVE('',#4304,#4312,#4314,.T.);
#4312 = VERTEX_POINT('',#4313);
#4313 = CARTESIAN_POINT('',(2.2,-9.764101615138,-9.384529946162));
#4314 = LINE('',#4315,#4316);
#4315 = CARTESIAN_POINT('',(2.2,-9.764101615138,-5.5));
#4316 = VECTOR('',#4317,1.);
#4317 = DIRECTION('',(1.33E-15,-4.4E-16,-1.));
#4318 = ORIENTED_EDGE('',*,*,#4319,.T.);
#4319 = EDGE_CURVE('',#4312,#4294,#4320,.T.);
#4320 = LINE('',#4321,#4322);
#4321 = CARTESIAN_POINT('',(2.2,-9.864101615138,-9.326794919243));
#4322 = VECTOR('',#4323,1.);
#4323 = DIRECTION('',(6.7E-16,0.866025403784,-0.5));
#4324 = FACE_BOUND('',#4325,.T.);
#4325 = EDGE_LOOP('',(#4326));
#4326 = ORIENTED_EDGE('',*,*,#4327,.T.);
#4327 = EDGE_CURVE('',#4328,#4328,#4330,.T.);
#4328 = VERTEX_POINT('',#4329);
#4329 = CARTESIAN_POINT('',(2.2,-4.,-7.5));
#4330 = CIRCLE('',#4331,2.5);
#4331 = AXIS2_PLACEMENT_3D('',#4332,#4333,#4334);
#4332 = CARTESIAN_POINT('',(2.2,-6.5,-7.5));
#4333 = DIRECTION('',(-1.,-6.7E-16,-1.E-15));
#4334 = DIRECTION('',(-6.7E-16,1.,-7.8E-16));
#4335 = PLANE('',#4336);
#4336 = AXIS2_PLACEMENT_3D('',#4337,#4338,#4339);
#4337 = CARTESIAN_POINT('',(2.2,-6.5,-7.5));
#4338 = DIRECTION('',(1.,-5.6E-16,-4.4E-16));
#4339 = DIRECTION('',(4.4E-16,-7.8E-16,1.));
#4340 = ADVANCED_FACE('',(#4341),#4353,.T.);
#4341 = FACE_BOUND('',#4342,.T.);
#4342 = EDGE_LOOP('',(#4343,#4344,#4345,#4352));
#4343 = ORIENTED_EDGE('',*,*,#3935,.F.);
#4344 = ORIENTED_EDGE('',*,*,#3985,.T.);
#4345 = ORIENTED_EDGE('',*,*,#4346,.F.);
#4346 = EDGE_CURVE('',#4304,#3986,#4347,.T.);
#4347 = ELLIPSE('',#4348,0.230940107676,0.2);
#4348 = AXIS2_PLACEMENT_3D('',#4349,#4350,#4351);
#4349 = CARTESIAN_POINT('',(2.,-9.764101615138,-5.615470053838));
#4350 = DIRECTION('',(1.15E-15,-0.5,-0.866025403784));
#4351 = DIRECTION('',(-6.7E-16,-0.866025403784,0.5));
#4352 = ORIENTED_EDGE('',*,*,#4303,.F.);
#4353 = CYLINDRICAL_SURFACE('',#4354,0.2);
#4354 = AXIS2_PLACEMENT_3D('',#4355,#4356,#4357);
#4355 = CARTESIAN_POINT('',(2.,-6.4,-3.673205080757));
#4356 = DIRECTION('',(6.7E-16,-0.866025403784,-0.5));
#4357 = DIRECTION('',(1.,4.330127018923E-18,1.3325E-15));
#4358 = ADVANCED_FACE('',(#4359),#4370,.F.);
#4359 = FACE_BOUND('',#4360,.F.);
#4360 = EDGE_LOOP('',(#4361,#4368,#4369));
#4361 = ORIENTED_EDGE('',*,*,#4362,.T.);
#4362 = EDGE_CURVE('',#3961,#4240,#4363,.T.);
#4363 = CIRCLE('',#4364,2.5);
#4364 = AXIS2_PLACEMENT_3D('',#4365,#4366,#4367);
#4365 = CARTESIAN_POINT('',(1.438E-14,-6.5,-7.5));
#4366 = DIRECTION('',(-1.,-6.7E-16,-1.E-15));
#4367 = DIRECTION('',(-6.7E-16,1.,-7.8E-16));
#4368 = ORIENTED_EDGE('',*,*,#4247,.T.);
#4369 = ORIENTED_EDGE('',*,*,#3960,.T.);
#4370 = PLANE('',#4371);
#4371 = AXIS2_PLACEMENT_3D('',#4372,#4373,#4374);
#4372 = CARTESIAN_POINT('',(1.793E-14,-6.5,-7.5));
#4373 = DIRECTION('',(1.,-5.6E-16,-4.4E-16));
#4374 = DIRECTION('',(4.4E-16,-7.8E-16,1.));
#4375 = ADVANCED_FACE('',(#4376),#4395,.T.);
#4376 = FACE_BOUND('',#4377,.T.);
#4377 = EDGE_LOOP('',(#4378,#4379,#4387,#4394));
#4378 = ORIENTED_EDGE('',*,*,#4079,.T.);
#4379 = ORIENTED_EDGE('',*,*,#4380,.T.);
#4380 = EDGE_CURVE('',#4072,#4381,#4383,.T.);
#4381 = VERTEX_POINT('',#4382);
#4382 = CARTESIAN_POINT('',(9.E-15,-7.36646576588,-5.154954781554));
#4383 = LINE('',#4384,#4385);
#4384 = CARTESIAN_POINT('',(9.14E-15,-6.,-4.366025403784));
#4385 = VECTOR('',#4386,1.);
#4386 = DIRECTION('',(6.7E-16,-0.866025403784,-0.5));
#4387 = ORIENTED_EDGE('',*,*,#4388,.F.);
#4388 = EDGE_CURVE('',#4010,#4381,#4389,.T.);
#4389 = CIRCLE('',#4390,1.);
#4390 = AXIS2_PLACEMENT_3D('',#4391,#4392,#4393);
#4391 = CARTESIAN_POINT('',(1.,-7.36646576588,-5.154954781554));
#4392 = DIRECTION('',(6.7E-16,-0.866025403784,-0.5));
#4393 = DIRECTION('',(-8.3E-16,-0.5,0.866025403784));
#4394 = ORIENTED_EDGE('',*,*,#4019,.F.);
#4395 = CYLINDRICAL_SURFACE('',#4396,1.);
#4396 = AXIS2_PLACEMENT_3D('',#4397,#4398,#4399);
#4397 = CARTESIAN_POINT('',(1.,-6.,-4.366025403784));
#4398 = DIRECTION('',(6.7E-16,-0.866025403784,-0.5));
#4399 = DIRECTION('',(-8.3E-16,-0.5,0.866025403784));
#4400 = ADVANCED_FACE('',(#4401),#4444,.F.);
#4401 = FACE_BOUND('',#4402,.F.);
#4402 = EDGE_LOOP('',(#4403,#4404,#4412,#4420,#4428,#4438));
#4403 = ORIENTED_EDGE('',*,*,#3993,.T.);
#4404 = ORIENTED_EDGE('',*,*,#4405,.T.);
#4405 = EDGE_CURVE('',#3986,#4406,#4408,.T.);
#4406 = VERTEX_POINT('',#4407);
#4407 = CARTESIAN_POINT('',(2.,-9.964101615138,-9.5));
#4408 = LINE('',#4409,#4410);
#4409 = CARTESIAN_POINT('',(2.,-9.964101615138,-5.5));
#4410 = VECTOR('',#4411,1.);
#4411 = DIRECTION('',(1.33E-15,-4.4E-16,-1.));
#4412 = ORIENTED_EDGE('',*,*,#4413,.F.);
#4413 = EDGE_CURVE('',#4414,#4406,#4416,.T.);
#4414 = VERTEX_POINT('',#4415);
#4415 = CARTESIAN_POINT('',(1.,-9.964101615138,-9.5));
#4416 = LINE('',#4417,#4418);
#4417 = CARTESIAN_POINT('',(2.261E-14,-9.964101615138,-9.5));
#4418 = VECTOR('',#4419,1.);
#4419 = DIRECTION('',(1.,-5.6E-16,-2.2E-16));
#4420 = ORIENTED_EDGE('',*,*,#4421,.F.);
#4421 = EDGE_CURVE('',#4422,#4414,#4424,.T.);
#4422 = VERTEX_POINT('',#4423);
#4423 = CARTESIAN_POINT('',(1.,-9.964101615138,-7.922141244461));
#4424 = LINE('',#4425,#4426);
#4425 = CARTESIAN_POINT('',(1.,-9.964101615138,-5.5));
#4426 = VECTOR('',#4427,1.);
#4427 = DIRECTION('',(1.33E-15,-4.4E-16,-1.));
#4428 = ORIENTED_EDGE('',*,*,#4429,.F.);
#4429 = EDGE_CURVE('',#4430,#4422,#4432,.T.);
#4430 = VERTEX_POINT('',#4431);
#4431 = CARTESIAN_POINT('',(1.,-9.964101615138,-7.077858755539));
#4432 = ( BOUNDED_CURVE() B_SPLINE_CURVE(4,(#4433,#4434,#4435,#4436,
#4437),.UNSPECIFIED.,.F.,.F.) B_SPLINE_CURVE_WITH_KNOTS((5,5),(
1.577858755539,2.422141244461),.PIECEWISE_BEZIER_KNOTS.) CURVE() 
GEOMETRIC_REPRESENTATION_ITEM() RATIONAL_B_SPLINE_CURVE((1.,1.,1.,1.,1.)
) REPRESENTATION_ITEM('') );
#4433 = CARTESIAN_POINT('',(1.,-9.964101615138,-7.077858755539));
#4434 = CARTESIAN_POINT('',(1.,-9.964101615138,-7.288929377769));
#4435 = CARTESIAN_POINT('',(0.998279023254,-9.964101615138,-7.5));
#4436 = CARTESIAN_POINT('',(1.,-9.964101615138,-7.711070622231));
#4437 = CARTESIAN_POINT('',(1.,-9.964101615138,-7.922141244461));
#4438 = ORIENTED_EDGE('',*,*,#4439,.F.);
#4439 = EDGE_CURVE('',#3994,#4430,#4440,.T.);
#4440 = LINE('',#4441,#4442);
#4441 = CARTESIAN_POINT('',(1.,-9.964101615138,-5.5));
#4442 = VECTOR('',#4443,1.);
#4443 = DIRECTION('',(1.33E-15,-4.4E-16,-1.));
#4444 = PLANE('',#4445);
#4445 = AXIS2_PLACEMENT_3D('',#4446,#4447,#4448);
#4446 = CARTESIAN_POINT('',(1.728E-14,-9.964101615138,-5.5));
#4447 = DIRECTION('',(-7.8E-16,1.,-7.8E-16));
#4448 = DIRECTION('',(1.33E-15,-7.8E-16,-1.));
#4449 = ADVANCED_FACE('',(#4450),#4470,.T.);
#4450 = FACE_BOUND('',#4451,.T.);
#4451 = EDGE_LOOP('',(#4452,#4453,#4463,#4469));
#4452 = ORIENTED_EDGE('',*,*,#4388,.T.);
#4453 = ORIENTED_EDGE('',*,*,#4454,.T.);
#4454 = EDGE_CURVE('',#4381,#4455,#4457,.T.);
#4455 = VERTEX_POINT('',#4456);
#4456 = CARTESIAN_POINT('',(7.E-15,-8.097635849258,-5.577096026015));
#4457 = ( BOUNDED_CURVE() B_SPLINE_CURVE(4,(#4458,#4459,#4460,#4461,
#4462),.UNSPECIFIED.,.F.,.F.) B_SPLINE_CURVE_WITH_KNOTS((5,5),(
1.577858755539,2.422141244462),.PIECEWISE_BEZIER_KNOTS.) CURVE() 
GEOMETRIC_REPRESENTATION_ITEM() RATIONAL_B_SPLINE_CURVE((1.,1.,1.,1.,1.)
) REPRESENTATION_ITEM('') );
#4458 = CARTESIAN_POINT('',(7.81E-15,-7.36646576588,-5.154954781554));
#4459 = CARTESIAN_POINT('',(7.69E-15,-7.567338225999,-5.229174719247));
#4460 = CARTESIAN_POINT('',(7.53E-15,-7.755808277989,-5.324876257957));
#4461 = CARTESIAN_POINT('',(7.93E-15,-7.932923267688,-5.440245341478));
#4462 = CARTESIAN_POINT('',(7.72E-15,-8.097635849258,-5.577096026015));
#4463 = ORIENTED_EDGE('',*,*,#4464,.F.);
#4464 = EDGE_CURVE('',#4002,#4455,#4465,.T.);
#4465 = ( BOUNDED_CURVE() B_SPLINE_CURVE(2,(#4466,#4467,#4468),
.UNSPECIFIED.,.F.,.F.) B_SPLINE_CURVE_WITH_KNOTS((3,3),(0.,
0.844282488923),.PIECEWISE_BEZIER_KNOTS.) CURVE() 
GEOMETRIC_REPRESENTATION_ITEM() RATIONAL_B_SPLINE_CURVE((1.,
0.707106781187,1.)) REPRESENTATION_ITEM('') );
#4466 = CARTESIAN_POINT('',(1.,-8.597635849258,-4.711070622231));
#4467 = CARTESIAN_POINT('',(3.85E-15,-8.597635849258,-4.711070622231));
#4468 = CARTESIAN_POINT('',(7.72E-15,-8.097635849258,-5.577096026015));
#4469 = ORIENTED_EDGE('',*,*,#4009,.F.);
#4470 = ( BOUNDED_SURFACE() B_SPLINE_SURFACE(2,4,(
    (#4471,#4472,#4473,#4474,#4475)
    ,(#4476,#4477,#4478,#4479,#4480)
    ,(#4481,#4482,#4483,#4484,#4485
)),.UNSPECIFIED.,.F.,.F.,.F.) B_SPLINE_SURFACE_WITH_KNOTS((3,3),(5,5),(
    0.,0.844282488923),(1.577858755539,2.422141244462),
.PIECEWISE_BEZIER_KNOTS.) GEOMETRIC_REPRESENTATION_ITEM() 
RATIONAL_B_SPLINE_SURFACE((
    (1.,1.,1.,1.,1.)
    ,(0.707106781187,0.719891228851,0.723606567514,0.719891228851
      ,0.707106781187)
,(1.,1.,1.,1.,1.))) REPRESENTATION_ITEM('') SURFACE() );
#4471 = CARTESIAN_POINT('',(1.,-7.86646576588,-4.288929377769));
#4472 = CARTESIAN_POINT('',(1.,-8.049258286724,-4.394464688885));
#4473 = CARTESIAN_POINT('',(0.998279023254,-8.232050807569,-4.5));
#4474 = CARTESIAN_POINT('',(1.,-8.414843328413,-4.605535311115));
#4475 = CARTESIAN_POINT('',(1.,-8.597635849258,-4.711070622231));
#4476 = CARTESIAN_POINT('',(8.91E-15,-7.86646576588,-4.288929377769));
#4477 = CARTESIAN_POINT('',(3.551772032318E-02,-8.046012099908,
    -4.392590502052));
#4478 = CARTESIAN_POINT('',(4.473626405767E-02,-8.232050807569,-4.5));
#4479 = CARTESIAN_POINT('',(3.551772032318E-02,-8.41808951523,
    -4.607409497948));
#4480 = CARTESIAN_POINT('',(3.85E-15,-8.597635849258,-4.711070622231));
#4481 = CARTESIAN_POINT('',(7.81E-15,-7.36646576588,-5.154954781554));
#4482 = CARTESIAN_POINT('',(7.69E-15,-7.567338225999,-5.229174719247));
#4483 = CARTESIAN_POINT('',(7.53E-15,-7.755808277989,-5.324876257957));
#4484 = CARTESIAN_POINT('',(7.93E-15,-7.932923267688,-5.440245341478));
#4485 = CARTESIAN_POINT('',(7.72E-15,-8.097635849258,-5.577096026015));
#4486 = ADVANCED_FACE('',(#4487),#4506,.T.);
#4487 = FACE_BOUND('',#4488,.T.);
#4488 = EDGE_LOOP('',(#4489,#4490,#4498,#4505));
#4489 = ORIENTED_EDGE('',*,*,#4464,.T.);
#4490 = ORIENTED_EDGE('',*,*,#4491,.T.);
#4491 = EDGE_CURVE('',#4455,#4492,#4494,.T.);
#4492 = VERTEX_POINT('',#4493);
#4493 = CARTESIAN_POINT('',(1.E-14,-8.964101615138,-6.07735026919));
#4494 = LINE('',#4495,#4496);
#4495 = CARTESIAN_POINT('',(9.14E-15,-6.,-4.366025403784));
#4496 = VECTOR('',#4497,1.);
#4497 = DIRECTION('',(6.7E-16,-0.866025403784,-0.5));
#4498 = ORIENTED_EDGE('',*,*,#4499,.F.);
#4499 = EDGE_CURVE('',#3994,#4492,#4500,.T.);
#4500 = ELLIPSE('',#4501,1.154700538379,1.);
#4501 = AXIS2_PLACEMENT_3D('',#4502,#4503,#4504);
#4502 = CARTESIAN_POINT('',(1.,-8.964101615138,-6.07735026919));
#4503 = DIRECTION('',(1.15E-15,-0.5,-0.866025403784));
#4504 = DIRECTION('',(-6.7E-16,-0.866025403784,0.5));
#4505 = ORIENTED_EDGE('',*,*,#4001,.F.);
#4506 = CYLINDRICAL_SURFACE('',#4507,1.);
#4507 = AXIS2_PLACEMENT_3D('',#4508,#4509,#4510);
#4508 = CARTESIAN_POINT('',(1.,-6.,-4.366025403784));
#4509 = DIRECTION('',(6.7E-16,-0.866025403784,-0.5));
#4510 = DIRECTION('',(-8.3E-16,-0.5,0.866025403784));
#4511 = ADVANCED_FACE('',(#4512),#4606,.T.);
#4512 = FACE_BOUND('',#4513,.F.);
#4513 = EDGE_LOOP('',(#4514,#4523,#4524,#4532,#4539,#4540,#4541,#4542,
    #4543,#4550,#4551,#4560,#4570,#4579,#4589,#4598));
#4514 = ORIENTED_EDGE('',*,*,#4515,.F.);
#4515 = EDGE_CURVE('',#4179,#4516,#4518,.T.);
#4516 = VERTEX_POINT('',#4517);
#4517 = CARTESIAN_POINT('',(1.1E-14,-4.902364150742,-9.422903973985));
#4518 = CIRCLE('',#4519,2.5);
#4519 = AXIS2_PLACEMENT_3D('',#4520,#4521,#4522);
#4520 = CARTESIAN_POINT('',(1.438E-14,-6.5,-7.5));
#4521 = DIRECTION('',(-1.,-6.7E-16,-1.E-15));
#4522 = DIRECTION('',(-6.7E-16,1.,-7.8E-16));
#4523 = ORIENTED_EDGE('',*,*,#4203,.T.);
#4524 = ORIENTED_EDGE('',*,*,#4525,.F.);
#4525 = EDGE_CURVE('',#4526,#4204,#4528,.T.);
#4526 = VERTEX_POINT('',#4527);
#4527 = CARTESIAN_POINT('',(-1.3,-4.,-7.5));
#4528 = LINE('',#4529,#4530);
#4529 = CARTESIAN_POINT('',(-1.3,-4.,-7.5));
#4530 = VECTOR('',#4531,1.);
#4531 = DIRECTION('',(1.,-4.4E-16,-1.1E-16));
#4532 = ORIENTED_EDGE('',*,*,#4533,.F.);
#4533 = EDGE_CURVE('',#4526,#4526,#4534,.T.);
#4534 = CIRCLE('',#4535,2.5);
#4535 = AXIS2_PLACEMENT_3D('',#4536,#4537,#4538);
#4536 = CARTESIAN_POINT('',(-1.3,-6.5,-7.5));
#4537 = DIRECTION('',(1.,8.9E-16,1.E-15));
#4538 = DIRECTION('',(-8.9E-16,1.,-7.8E-16));
#4539 = ORIENTED_EDGE('',*,*,#4525,.T.);
#4540 = ORIENTED_EDGE('',*,*,#4264,.T.);
#4541 = ORIENTED_EDGE('',*,*,#4362,.F.);
#4542 = ORIENTED_EDGE('',*,*,#4034,.T.);
#4543 = ORIENTED_EDGE('',*,*,#4544,.F.);
#4544 = EDGE_CURVE('',#4381,#4035,#4545,.T.);
#4545 = CIRCLE('',#4546,2.5);
#4546 = AXIS2_PLACEMENT_3D('',#4547,#4548,#4549);
#4547 = CARTESIAN_POINT('',(1.438E-14,-6.5,-7.5));
#4548 = DIRECTION('',(-1.,-6.7E-16,-1.E-15));
#4549 = DIRECTION('',(-6.7E-16,1.,-7.8E-16));
#4550 = ORIENTED_EDGE('',*,*,#4454,.T.);
#4551 = ORIENTED_EDGE('',*,*,#4552,.F.);
#4552 = EDGE_CURVE('',#4553,#4455,#4555,.T.);
#4553 = VERTEX_POINT('',#4554);
#4554 = CARTESIAN_POINT('',(7.E-15,-8.964101615138,-7.077858755539));
#4555 = CIRCLE('',#4556,2.5);
#4556 = AXIS2_PLACEMENT_3D('',#4557,#4558,#4559);
#4557 = CARTESIAN_POINT('',(1.438E-14,-6.5,-7.5));
#4558 = DIRECTION('',(-1.,-6.7E-16,-1.E-15));
#4559 = DIRECTION('',(-6.7E-16,1.,-7.8E-16));
#4560 = ORIENTED_EDGE('',*,*,#4561,.T.);
#4561 = EDGE_CURVE('',#4553,#4562,#4564,.T.);
#4562 = VERTEX_POINT('',#4563);
#4563 = CARTESIAN_POINT('',(8.E-15,-8.964101615138,-7.922141244461));
#4564 = ( BOUNDED_CURVE() B_SPLINE_CURVE(4,(#4565,#4566,#4567,#4568,
#4569),.UNSPECIFIED.,.F.,.F.) B_SPLINE_CURVE_WITH_KNOTS((5,5),(
1.577858755539,2.422141244461),.PIECEWISE_BEZIER_KNOTS.) CURVE() 
GEOMETRIC_REPRESENTATION_ITEM() RATIONAL_B_SPLINE_CURVE((1.,1.,1.,1.,1.)
) REPRESENTATION_ITEM('') );
#4565 = CARTESIAN_POINT('',(8.16E-15,-8.964101615138,-7.077858755539));
#4566 = CARTESIAN_POINT('',(8.14E-15,-9.000261493688,-7.288929377769));
#4567 = CARTESIAN_POINT('',(8.6E-15,-9.011616555978,-7.5));
#4568 = CARTESIAN_POINT('',(8.57E-15,-9.000261493688,-7.711070622231));
#4569 = CARTESIAN_POINT('',(8.63E-15,-8.964101615138,-7.922141244461));
#4570 = ORIENTED_EDGE('',*,*,#4571,.F.);
#4571 = EDGE_CURVE('',#4572,#4562,#4574,.T.);
#4572 = VERTEX_POINT('',#4573);
#4573 = CARTESIAN_POINT('',(7.E-15,-8.097635849258,-9.422903973985));
#4574 = CIRCLE('',#4575,2.5);
#4575 = AXIS2_PLACEMENT_3D('',#4576,#4577,#4578);
#4576 = CARTESIAN_POINT('',(1.438E-14,-6.5,-7.5));
#4577 = DIRECTION('',(-1.,-6.7E-16,-1.E-15));
#4578 = DIRECTION('',(-6.7E-16,1.,-7.8E-16));
#4579 = ORIENTED_EDGE('',*,*,#4580,.T.);
#4580 = EDGE_CURVE('',#4572,#4581,#4583,.T.);
#4581 = VERTEX_POINT('',#4582);
#4582 = CARTESIAN_POINT('',(1.E-14,-7.36646576588,-9.845045218446));
#4583 = ( BOUNDED_CURVE() B_SPLINE_CURVE(4,(#4584,#4585,#4586,#4587,
#4588),.UNSPECIFIED.,.F.,.F.) B_SPLINE_CURVE_WITH_KNOTS((5,5),(
1.577858755539,2.422141244462),.PIECEWISE_BEZIER_KNOTS.) CURVE() 
GEOMETRIC_REPRESENTATION_ITEM() RATIONAL_B_SPLINE_CURVE((1.,1.,1.,1.,1.)
) REPRESENTATION_ITEM('') );
#4584 = CARTESIAN_POINT('',(9.85E-15,-8.097635849258,-9.422903973985));
#4585 = CARTESIAN_POINT('',(1.022E-14,-7.932923267688,-9.559754658522));
#4586 = CARTESIAN_POINT('',(1.007E-14,-7.755808277989,-9.675123742043));
#4587 = CARTESIAN_POINT('',(1.047E-14,-7.567338225999,-9.770825280753));
#4588 = CARTESIAN_POINT('',(1.041E-14,-7.36646576588,-9.845045218446));
#4589 = ORIENTED_EDGE('',*,*,#4590,.F.);
#4590 = EDGE_CURVE('',#4591,#4581,#4593,.T.);
#4591 = VERTEX_POINT('',#4592);
#4592 = CARTESIAN_POINT('',(9.E-15,-5.63353423412,-9.845045218446));
#4593 = CIRCLE('',#4594,2.5);
#4594 = AXIS2_PLACEMENT_3D('',#4595,#4596,#4597);
#4595 = CARTESIAN_POINT('',(1.438E-14,-6.5,-7.5));
#4596 = DIRECTION('',(-1.,-6.7E-16,-1.E-15));
#4597 = DIRECTION('',(-6.7E-16,1.,-7.8E-16));
#4598 = ORIENTED_EDGE('',*,*,#4599,.T.);
#4599 = EDGE_CURVE('',#4591,#4516,#4600,.T.);
#4600 = ( BOUNDED_CURVE() B_SPLINE_CURVE(4,(#4601,#4602,#4603,#4604,
#4605),.UNSPECIFIED.,.F.,.F.) B_SPLINE_CURVE_WITH_KNOTS((5,5),(
1.577858755539,2.422141244461),.PIECEWISE_BEZIER_KNOTS.) CURVE() 
GEOMETRIC_REPRESENTATION_ITEM() RATIONAL_B_SPLINE_CURVE((1.,1.,1.,1.,1.)
) REPRESENTATION_ITEM('') );
#4601 = CARTESIAN_POINT('',(1.118E-14,-5.63353423412,-9.845045218446));
#4602 = CARTESIAN_POINT('',(1.13E-14,-5.432661774001,-9.770825280753));
#4603 = CARTESIAN_POINT('',(1.118E-14,-5.244191722011,-9.675123742043));
#4604 = CARTESIAN_POINT('',(1.128E-14,-5.067076732312,-9.559754658522));
#4605 = CARTESIAN_POINT('',(1.127E-14,-4.902364150742,-9.422903973985));
#4606 = CYLINDRICAL_SURFACE('',#4607,2.5);
#4607 = AXIS2_PLACEMENT_3D('',#4608,#4609,#4610);
#4608 = CARTESIAN_POINT('',(-1.3,-6.5,-7.5));
#4609 = DIRECTION('',(-1.,2.2E-16,-1.1E-16));
#4610 = DIRECTION('',(2.2E-16,1.,-7.8E-16));
#4611 = ADVANCED_FACE('',(#4612),#4617,.F.);
#4612 = FACE_BOUND('',#4613,.F.);
#4613 = EDGE_LOOP('',(#4614,#4615,#4616));
#4614 = ORIENTED_EDGE('',*,*,#4544,.T.);
#4615 = ORIENTED_EDGE('',*,*,#4071,.T.);
#4616 = ORIENTED_EDGE('',*,*,#4380,.T.);
#4617 = PLANE('',#4618);
#4618 = AXIS2_PLACEMENT_3D('',#4619,#4620,#4621);
#4619 = CARTESIAN_POINT('',(1.793E-14,-6.5,-7.5));
#4620 = DIRECTION('',(1.,-5.6E-16,-4.4E-16));
#4621 = DIRECTION('',(4.4E-16,-7.8E-16,1.));
#4622 = ADVANCED_FACE('',(#4623),#4657,.F.);
#4623 = FACE_BOUND('',#4624,.F.);
#4624 = EDGE_LOOP('',(#4625,#4626,#4632,#4633,#4641,#4651));
#4625 = ORIENTED_EDGE('',*,*,#4413,.T.);
#4626 = ORIENTED_EDGE('',*,*,#4627,.T.);
#4627 = EDGE_CURVE('',#4406,#4098,#4628,.T.);
#4628 = LINE('',#4629,#4630);
#4629 = CARTESIAN_POINT('',(2.,-9.964101615138,-9.5));
#4630 = VECTOR('',#4631,1.);
#4631 = DIRECTION('',(6.7E-16,0.866025403784,-0.5));
#4632 = ORIENTED_EDGE('',*,*,#4095,.F.);
#4633 = ORIENTED_EDGE('',*,*,#4634,.F.);
#4634 = EDGE_CURVE('',#4635,#4096,#4637,.T.);
#4635 = VERTEX_POINT('',#4636);
#4636 = CARTESIAN_POINT('',(1.,-7.86646576588,-10.71107062223));
#4637 = LINE('',#4638,#4639);
#4638 = CARTESIAN_POINT('',(1.,-9.964101615138,-9.5));
#4639 = VECTOR('',#4640,1.);
#4640 = DIRECTION('',(6.7E-16,0.866025403784,-0.5));
#4641 = ORIENTED_EDGE('',*,*,#4642,.F.);
#4642 = EDGE_CURVE('',#4643,#4635,#4645,.T.);
#4643 = VERTEX_POINT('',#4644);
#4644 = CARTESIAN_POINT('',(1.,-8.597635849258,-10.28892937776));
#4645 = ( BOUNDED_CURVE() B_SPLINE_CURVE(4,(#4646,#4647,#4648,#4649,
#4650),.UNSPECIFIED.,.F.,.F.) B_SPLINE_CURVE_WITH_KNOTS((5,5),(
1.577858755539,2.422141244462),.PIECEWISE_BEZIER_KNOTS.) CURVE() 
GEOMETRIC_REPRESENTATION_ITEM() RATIONAL_B_SPLINE_CURVE((1.,1.,1.,1.,1.)
) REPRESENTATION_ITEM('') );
#4646 = CARTESIAN_POINT('',(1.,-8.597635849258,-10.28892937776));
#4647 = CARTESIAN_POINT('',(1.,-8.414843328413,-10.39446468888));
#4648 = CARTESIAN_POINT('',(0.998279023254,-8.232050807569,-10.5));
#4649 = CARTESIAN_POINT('',(1.,-8.049258286724,-10.60553531111));
#4650 = CARTESIAN_POINT('',(1.,-7.86646576588,-10.71107062223));
#4651 = ORIENTED_EDGE('',*,*,#4652,.F.);
#4652 = EDGE_CURVE('',#4414,#4643,#4653,.T.);
#4653 = LINE('',#4654,#4655);
#4654 = CARTESIAN_POINT('',(1.,-9.964101615138,-9.5));
#4655 = VECTOR('',#4656,1.);
#4656 = DIRECTION('',(6.7E-16,0.866025403784,-0.5));
#4657 = PLANE('',#4658);
#4658 = AXIS2_PLACEMENT_3D('',#4659,#4660,#4661);
#4659 = CARTESIAN_POINT('',(2.261E-14,-9.964101615138,-9.5));
#4660 = DIRECTION('',(-1.35E-15,0.5,0.866025403784));
#4661 = DIRECTION('',(-2.E-16,0.866025403784,-0.5));
#4662 = ADVANCED_FACE('',(#4663),#4675,.T.);
#4663 = FACE_BOUND('',#4664,.T.);
#4664 = EDGE_LOOP('',(#4665,#4672,#4673,#4674));
#4665 = ORIENTED_EDGE('',*,*,#4666,.T.);
#4666 = EDGE_CURVE('',#4294,#4098,#4667,.T.);
#4667 = ELLIPSE('',#4668,0.230940107676,0.2);
#4668 = AXIS2_PLACEMENT_3D('',#4669,#4670,#4671);
#4669 = CARTESIAN_POINT('',(2.,-6.5,-11.26905989232));
#4670 = DIRECTION('',(5.820407955809E-46,1.,-6.04E-15));
#4671 = DIRECTION('',(-1.33E-15,6.04E-15,1.));
#4672 = ORIENTED_EDGE('',*,*,#4105,.T.);
#4673 = ORIENTED_EDGE('',*,*,#4144,.F.);
#4674 = ORIENTED_EDGE('',*,*,#4293,.F.);
#4675 = CYLINDRICAL_SURFACE('',#4676,0.2);
#4676 = AXIS2_PLACEMENT_3D('',#4677,#4678,#4679);
#4677 = CARTESIAN_POINT('',(2.,-6.6,-11.32679491924));
#4678 = DIRECTION('',(-6.7E-16,0.866025403784,0.5));
#4679 = DIRECTION('',(1.,4.330127018933E-18,1.3325E-15));
#4680 = ADVANCED_FACE('',(#4681),#4706,.T.);
#4681 = FACE_BOUND('',#4682,.F.);
#4682 = EDGE_LOOP('',(#4683,#4692,#4693,#4700));
#4683 = ORIENTED_EDGE('',*,*,#4684,.T.);
#4684 = EDGE_CURVE('',#4685,#4096,#4687,.T.);
#4685 = VERTEX_POINT('',#4686);
#4686 = CARTESIAN_POINT('',(8.E-15,-6.5,-10.34529946162));
#4687 = ELLIPSE('',#4688,1.154700538379,1.);
#4688 = AXIS2_PLACEMENT_3D('',#4689,#4690,#4691);
#4689 = CARTESIAN_POINT('',(1.,-6.5,-10.34529946162));
#4690 = DIRECTION('',(-5.820407955809E-46,-1.,6.04E-15));
#4691 = DIRECTION('',(1.33E-15,-6.04E-15,-1.));
#4692 = ORIENTED_EDGE('',*,*,#4130,.T.);
#4693 = ORIENTED_EDGE('',*,*,#4694,.F.);
#4694 = EDGE_CURVE('',#4591,#4121,#4695,.T.);
#4695 = CIRCLE('',#4696,1.);
#4696 = AXIS2_PLACEMENT_3D('',#4697,#4698,#4699);
#4697 = CARTESIAN_POINT('',(1.,-5.63353423412,-9.845045218446));
#4698 = DIRECTION('',(6.7E-16,-0.866025403784,-0.5));
#4699 = DIRECTION('',(-1.,-4.330127018933E-18,-1.3325E-15));
#4700 = ORIENTED_EDGE('',*,*,#4701,.F.);
#4701 = EDGE_CURVE('',#4685,#4591,#4702,.T.);
#4702 = LINE('',#4703,#4704);
#4703 = CARTESIAN_POINT('',(1.051E-14,-7.,-10.63397459621));
#4704 = VECTOR('',#4705,1.);
#4705 = DIRECTION('',(-6.7E-16,0.866025403784,0.5));
#4706 = CYLINDRICAL_SURFACE('',#4707,1.);
#4707 = AXIS2_PLACEMENT_3D('',#4708,#4709,#4710);
#4708 = CARTESIAN_POINT('',(1.,-7.,-10.63397459621));
#4709 = DIRECTION('',(-6.7E-16,0.866025403784,0.5));
#4710 = DIRECTION('',(-1.,-4.330127018933E-18,-1.3325E-15));
#4711 = ADVANCED_FACE('',(#4712),#4723,.T.);
#4712 = FACE_BOUND('',#4713,.T.);
#4713 = EDGE_LOOP('',(#4714,#4715,#4716,#4722));
#4714 = ORIENTED_EDGE('',*,*,#4694,.F.);
#4715 = ORIENTED_EDGE('',*,*,#4599,.T.);
#4716 = ORIENTED_EDGE('',*,*,#4717,.T.);
#4717 = EDGE_CURVE('',#4516,#4113,#4718,.T.);
#4718 = ( BOUNDED_CURVE() B_SPLINE_CURVE(2,(#4719,#4720,#4721),
.UNSPECIFIED.,.F.,.F.) B_SPLINE_CURVE_WITH_KNOTS((3,3),(0.,
0.844282488923),.PIECEWISE_BEZIER_KNOTS.) CURVE() 
GEOMETRIC_REPRESENTATION_ITEM() RATIONAL_B_SPLINE_CURVE((1.,
0.707106781187,1.)) REPRESENTATION_ITEM('') );
#4719 = CARTESIAN_POINT('',(1.127E-14,-4.902364150742,-9.422903973985));
#4720 = CARTESIAN_POINT('',(1.014E-14,-4.402364150742,-10.28892937776));
#4721 = CARTESIAN_POINT('',(1.,-4.402364150742,-10.28892937776));
#4722 = ORIENTED_EDGE('',*,*,#4120,.F.);
#4723 = ( BOUNDED_SURFACE() B_SPLINE_SURFACE(2,4,(
    (#4724,#4725,#4726,#4727,#4728)
    ,(#4729,#4730,#4731,#4732,#4733)
    ,(#4734,#4735,#4736,#4737,#4738
)),.UNSPECIFIED.,.F.,.F.,.F.) B_SPLINE_SURFACE_WITH_KNOTS((3,3),(5,5),(
    0.,0.844282488923),(1.577858755539,2.422141244461),
.PIECEWISE_BEZIER_KNOTS.) GEOMETRIC_REPRESENTATION_ITEM() 
RATIONAL_B_SPLINE_SURFACE((
    (1.,1.,1.,1.,1.)
    ,(0.707106781187,0.719891228851,0.723606567514,0.719891228851
      ,0.707106781187)
,(1.,1.,1.,1.,1.))) REPRESENTATION_ITEM('') SURFACE() );
#4724 = CARTESIAN_POINT('',(1.,-5.13353423412,-10.71107062223));
#4725 = CARTESIAN_POINT('',(1.,-4.950741713276,-10.60553531111));
#4726 = CARTESIAN_POINT('',(0.998279023254,-4.767949192431,-10.5));
#4727 = CARTESIAN_POINT('',(1.,-4.585156671587,-10.39446468888));
#4728 = CARTESIAN_POINT('',(1.,-4.402364150742,-10.28892937776));
#4729 = CARTESIAN_POINT('',(1.312E-14,-5.13353423412,-10.71107062223));
#4730 = CARTESIAN_POINT('',(3.551772032317E-02,-4.953987900092,
    -10.60740949794));
#4731 = CARTESIAN_POINT('',(4.473626405766E-02,-4.767949192431,-10.5));
#4732 = CARTESIAN_POINT('',(3.551772032317E-02,-4.581910484771,
    -10.39259050205));
#4733 = CARTESIAN_POINT('',(1.014E-14,-4.402364150742,-10.28892937776));
#4734 = CARTESIAN_POINT('',(1.118E-14,-5.63353423412,-9.845045218446));
#4735 = CARTESIAN_POINT('',(1.13E-14,-5.432661774001,-9.770825280753));
#4736 = CARTESIAN_POINT('',(1.118E-14,-5.244191722011,-9.675123742043));
#4737 = CARTESIAN_POINT('',(1.128E-14,-5.067076732312,-9.559754658522));
#4738 = CARTESIAN_POINT('',(1.127E-14,-4.902364150742,-9.422903973985));
#4739 = ADVANCED_FACE('',(#4740),#4751,.T.);
#4740 = FACE_BOUND('',#4741,.F.);
#4741 = EDGE_LOOP('',(#4742,#4743,#4744,#4745));
#4742 = ORIENTED_EDGE('',*,*,#4717,.T.);
#4743 = ORIENTED_EDGE('',*,*,#4112,.T.);
#4744 = ORIENTED_EDGE('',*,*,#4169,.F.);
#4745 = ORIENTED_EDGE('',*,*,#4746,.F.);
#4746 = EDGE_CURVE('',#4516,#4170,#4747,.T.);
#4747 = LINE('',#4748,#4749);
#4748 = CARTESIAN_POINT('',(1.051E-14,-7.,-10.63397459621));
#4749 = VECTOR('',#4750,1.);
#4750 = DIRECTION('',(-6.7E-16,0.866025403784,0.5));
#4751 = CYLINDRICAL_SURFACE('',#4752,1.);
#4752 = AXIS2_PLACEMENT_3D('',#4753,#4754,#4755);
#4753 = CARTESIAN_POINT('',(1.,-7.,-10.63397459621));
#4754 = DIRECTION('',(-6.7E-16,0.866025403784,0.5));
#4755 = DIRECTION('',(-1.,-4.330127018933E-18,-1.3325E-15));
#4756 = ADVANCED_FACE('',(#4757),#4762,.F.);
#4757 = FACE_BOUND('',#4758,.F.);
#4758 = EDGE_LOOP('',(#4759,#4760,#4761));
#4759 = ORIENTED_EDGE('',*,*,#4515,.T.);
#4760 = ORIENTED_EDGE('',*,*,#4746,.T.);
#4761 = ORIENTED_EDGE('',*,*,#4178,.T.);
#4762 = PLANE('',#4763);
#4763 = AXIS2_PLACEMENT_3D('',#4764,#4765,#4766);
#4764 = CARTESIAN_POINT('',(1.793E-14,-6.5,-7.5));
#4765 = DIRECTION('',(1.,-5.6E-16,-4.4E-16));
#4766 = DIRECTION('',(4.4E-16,-7.8E-16,1.));
#4767 = ADVANCED_FACE('',(#4768),#4780,.T.);
#4768 = FACE_BOUND('',#4769,.T.);
#4769 = EDGE_LOOP('',(#4770,#4777,#4778,#4779));
#4770 = ORIENTED_EDGE('',*,*,#4771,.T.);
#4771 = EDGE_CURVE('',#4312,#4406,#4772,.T.);
#4772 = ELLIPSE('',#4773,0.230940107676,0.2);
#4773 = AXIS2_PLACEMENT_3D('',#4774,#4775,#4776);
#4774 = CARTESIAN_POINT('',(2.,-9.764101615138,-9.384529946162));
#4775 = DIRECTION('',(1.15E-15,0.5,-0.866025403784));
#4776 = DIRECTION('',(6.7E-16,-0.866025403784,-0.5));
#4777 = ORIENTED_EDGE('',*,*,#4627,.T.);
#4778 = ORIENTED_EDGE('',*,*,#4666,.F.);
#4779 = ORIENTED_EDGE('',*,*,#4319,.F.);
#4780 = CYLINDRICAL_SURFACE('',#4781,0.2);
#4781 = AXIS2_PLACEMENT_3D('',#4782,#4783,#4784);
#4782 = CARTESIAN_POINT('',(2.,-9.864101615138,-9.326794919243));
#4783 = DIRECTION('',(6.7E-16,0.866025403784,-0.5));
#4784 = DIRECTION('',(1.,-4.330127018921E-18,1.3325E-15));
#4785 = ADVANCED_FACE('',(#4786),#4792,.T.);
#4786 = FACE_BOUND('',#4787,.T.);
#4787 = EDGE_LOOP('',(#4788,#4789,#4790,#4791));
#4788 = ORIENTED_EDGE('',*,*,#4346,.T.);
#4789 = ORIENTED_EDGE('',*,*,#4405,.T.);
#4790 = ORIENTED_EDGE('',*,*,#4771,.F.);
#4791 = ORIENTED_EDGE('',*,*,#4311,.F.);
#4792 = CYLINDRICAL_SURFACE('',#4793,0.2);
#4793 = AXIS2_PLACEMENT_3D('',#4794,#4795,#4796);
#4794 = CARTESIAN_POINT('',(2.,-9.764101615138,-5.5));
#4795 = DIRECTION('',(1.33E-15,-4.4E-16,-1.));
#4796 = DIRECTION('',(1.,0.,1.33E-15));
#4797 = ADVANCED_FACE('',(#4798),#4817,.T.);
#4798 = FACE_BOUND('',#4799,.F.);
#4799 = EDGE_LOOP('',(#4800,#4808,#4809,#4810));
#4800 = ORIENTED_EDGE('',*,*,#4801,.F.);
#4801 = EDGE_CURVE('',#4328,#4802,#4804,.T.);
#4802 = VERTEX_POINT('',#4803);
#4803 = CARTESIAN_POINT('',(5.1,-4.,-7.5));
#4804 = LINE('',#4805,#4806);
#4805 = CARTESIAN_POINT('',(-1.3,-4.,-7.5));
#4806 = VECTOR('',#4807,1.);
#4807 = DIRECTION('',(1.,-4.4E-16,-1.1E-16));
#4808 = ORIENTED_EDGE('',*,*,#4327,.T.);
#4809 = ORIENTED_EDGE('',*,*,#4801,.T.);
#4810 = ORIENTED_EDGE('',*,*,#4811,.T.);
#4811 = EDGE_CURVE('',#4802,#4802,#4812,.T.);
#4812 = CIRCLE('',#4813,2.5);
#4813 = AXIS2_PLACEMENT_3D('',#4814,#4815,#4816);
#4814 = CARTESIAN_POINT('',(5.1,-6.5,-7.5));
#4815 = DIRECTION('',(1.,8.9E-16,1.E-15));
#4816 = DIRECTION('',(-8.9E-16,1.,-7.8E-16));
#4817 = CYLINDRICAL_SURFACE('',#4818,2.5);
#4818 = AXIS2_PLACEMENT_3D('',#4819,#4820,#4821);
#4819 = CARTESIAN_POINT('',(-1.3,-6.5,-7.5));
#4820 = DIRECTION('',(-1.,2.2E-16,-1.1E-16));
#4821 = DIRECTION('',(2.2E-16,1.,-7.8E-16));
#4822 = ADVANCED_FACE('',(#4823),#4840,.T.);
#4823 = FACE_BOUND('',#4824,.F.);
#4824 = EDGE_LOOP('',(#4825,#4826,#4827,#4834));
#4825 = ORIENTED_EDGE('',*,*,#4499,.F.);
#4826 = ORIENTED_EDGE('',*,*,#4439,.T.);
#4827 = ORIENTED_EDGE('',*,*,#4828,.F.);
#4828 = EDGE_CURVE('',#4553,#4430,#4829,.T.);
#4829 = CIRCLE('',#4830,1.);
#4830 = AXIS2_PLACEMENT_3D('',#4831,#4832,#4833);
#4831 = CARTESIAN_POINT('',(1.,-8.964101615138,-7.077858755539));
#4832 = DIRECTION('',(-1.33E-15,4.4E-16,1.));
#4833 = DIRECTION('',(-1.,0.,-1.33E-15));
#4834 = ORIENTED_EDGE('',*,*,#4835,.F.);
#4835 = EDGE_CURVE('',#4492,#4553,#4836,.T.);
#4836 = LINE('',#4837,#4838);
#4837 = CARTESIAN_POINT('',(6.16E-15,-8.964101615138,-5.5));
#4838 = VECTOR('',#4839,1.);
#4839 = DIRECTION('',(1.33E-15,-4.4E-16,-1.));
#4840 = CYLINDRICAL_SURFACE('',#4841,1.);
#4841 = AXIS2_PLACEMENT_3D('',#4842,#4843,#4844);
#4842 = CARTESIAN_POINT('',(1.,-8.964101615138,-5.5));
#4843 = DIRECTION('',(1.33E-15,-4.4E-16,-1.));
#4844 = DIRECTION('',(-1.,0.,-1.33E-15));
#4845 = ADVANCED_FACE('',(#4846),#4857,.T.);
#4846 = FACE_BOUND('',#4847,.T.);
#4847 = EDGE_LOOP('',(#4848,#4849,#4850,#4856));
#4848 = ORIENTED_EDGE('',*,*,#4828,.F.);
#4849 = ORIENTED_EDGE('',*,*,#4561,.T.);
#4850 = ORIENTED_EDGE('',*,*,#4851,.T.);
#4851 = EDGE_CURVE('',#4562,#4422,#4852,.T.);
#4852 = ( BOUNDED_CURVE() B_SPLINE_CURVE(2,(#4853,#4854,#4855),
.UNSPECIFIED.,.F.,.F.) B_SPLINE_CURVE_WITH_KNOTS((3,3),(0.,
0.844282488923),.PIECEWISE_BEZIER_KNOTS.) CURVE() 
GEOMETRIC_REPRESENTATION_ITEM() RATIONAL_B_SPLINE_CURVE((1.,
0.707106781187,1.)) REPRESENTATION_ITEM('') );
#4853 = CARTESIAN_POINT('',(8.63E-15,-8.964101615138,-7.922141244461));
#4854 = CARTESIAN_POINT('',(8.43E-15,-9.964101615138,-7.922141244461));
#4855 = CARTESIAN_POINT('',(1.,-9.964101615138,-7.922141244461));
#4856 = ORIENTED_EDGE('',*,*,#4429,.F.);
#4857 = ( BOUNDED_SURFACE() B_SPLINE_SURFACE(2,4,(
    (#4858,#4859,#4860,#4861,#4862)
    ,(#4863,#4864,#4865,#4866,#4867)
    ,(#4868,#4869,#4870,#4871,#4872
)),.UNSPECIFIED.,.F.,.F.,.F.) B_SPLINE_SURFACE_WITH_KNOTS((3,3),(5,5),(
    0.,0.844282488923),(1.577858755539,2.422141244461),
.PIECEWISE_BEZIER_KNOTS.) GEOMETRIC_REPRESENTATION_ITEM() 
RATIONAL_B_SPLINE_SURFACE((
    (1.,1.,1.,1.,1.)
    ,(0.707106781187,0.719891228851,0.723606567514,0.719891228851
      ,0.707106781187)
,(1.,1.,1.,1.,1.))) REPRESENTATION_ITEM('') SURFACE() );
#4858 = CARTESIAN_POINT('',(1.,-9.964101615138,-7.077858755539));
#4859 = CARTESIAN_POINT('',(1.,-9.964101615138,-7.288929377769));
#4860 = CARTESIAN_POINT('',(0.998279023254,-9.964101615138,-7.5));
#4861 = CARTESIAN_POINT('',(1.,-9.964101615138,-7.711070622231));
#4862 = CARTESIAN_POINT('',(1.,-9.964101615138,-7.922141244461));
#4863 = CARTESIAN_POINT('',(6.34E-15,-9.964101615138,-7.077858755539));
#4864 = CARTESIAN_POINT('',(3.551772032318E-02,-9.964101615138,
    -7.285181004105));
#4865 = CARTESIAN_POINT('',(4.473626405768E-02,-9.964101615138,-7.5));
#4866 = CARTESIAN_POINT('',(3.551772032318E-02,-9.964101615138,
    -7.714818995895));
#4867 = CARTESIAN_POINT('',(8.43E-15,-9.964101615138,-7.922141244461));
#4868 = CARTESIAN_POINT('',(8.16E-15,-8.964101615138,-7.077858755539));
#4869 = CARTESIAN_POINT('',(8.14E-15,-9.000261493688,-7.288929377769));
#4870 = CARTESIAN_POINT('',(8.6E-15,-9.011616555978,-7.5));
#4871 = CARTESIAN_POINT('',(8.57E-15,-9.000261493688,-7.711070622231));
#4872 = CARTESIAN_POINT('',(8.63E-15,-8.964101615138,-7.922141244461));
#4873 = ADVANCED_FACE('',(#4874),#4893,.T.);
#4874 = FACE_BOUND('',#4875,.F.);
#4875 = EDGE_LOOP('',(#4876,#4877,#4878,#4887));
#4876 = ORIENTED_EDGE('',*,*,#4851,.T.);
#4877 = ORIENTED_EDGE('',*,*,#4421,.T.);
#4878 = ORIENTED_EDGE('',*,*,#4879,.F.);
#4879 = EDGE_CURVE('',#4880,#4414,#4882,.T.);
#4880 = VERTEX_POINT('',#4881);
#4881 = CARTESIAN_POINT('',(6.E-15,-8.964101615138,-8.92264973081));
#4882 = ELLIPSE('',#4883,1.154700538379,1.);
#4883 = AXIS2_PLACEMENT_3D('',#4884,#4885,#4886);
#4884 = CARTESIAN_POINT('',(1.,-8.964101615138,-8.92264973081));
#4885 = DIRECTION('',(-1.15E-15,-0.5,0.866025403784));
#4886 = DIRECTION('',(-6.7E-16,0.866025403784,0.5));
#4887 = ORIENTED_EDGE('',*,*,#4888,.F.);
#4888 = EDGE_CURVE('',#4562,#4880,#4889,.T.);
#4889 = LINE('',#4890,#4891);
#4890 = CARTESIAN_POINT('',(6.16E-15,-8.964101615138,-5.5));
#4891 = VECTOR('',#4892,1.);
#4892 = DIRECTION('',(1.33E-15,-4.4E-16,-1.));
#4893 = CYLINDRICAL_SURFACE('',#4894,1.);
#4894 = AXIS2_PLACEMENT_3D('',#4895,#4896,#4897);
#4895 = CARTESIAN_POINT('',(1.,-8.964101615138,-5.5));
#4896 = DIRECTION('',(1.33E-15,-4.4E-16,-1.));
#4897 = DIRECTION('',(-1.,0.,-1.33E-15));
#4898 = ADVANCED_FACE('',(#4899),#4904,.F.);
#4899 = FACE_BOUND('',#4900,.F.);
#4900 = EDGE_LOOP('',(#4901,#4902,#4903));
#4901 = ORIENTED_EDGE('',*,*,#4552,.T.);
#4902 = ORIENTED_EDGE('',*,*,#4491,.T.);
#4903 = ORIENTED_EDGE('',*,*,#4835,.T.);
#4904 = PLANE('',#4905);
#4905 = AXIS2_PLACEMENT_3D('',#4906,#4907,#4908);
#4906 = CARTESIAN_POINT('',(1.793E-14,-6.5,-7.5));
#4907 = DIRECTION('',(1.,-5.6E-16,-4.4E-16));
#4908 = DIRECTION('',(4.4E-16,-7.8E-16,1.));
#4909 = ADVANCED_FACE('',(#4910),#4920,.F.);
#4910 = FACE_BOUND('',#4911,.F.);
#4911 = EDGE_LOOP('',(#4912,#4913,#4919));
#4912 = ORIENTED_EDGE('',*,*,#4590,.T.);
#4913 = ORIENTED_EDGE('',*,*,#4914,.T.);
#4914 = EDGE_CURVE('',#4581,#4685,#4915,.T.);
#4915 = LINE('',#4916,#4917);
#4916 = CARTESIAN_POINT('',(6.73E-15,-9.464101615138,-8.633974596216));
#4917 = VECTOR('',#4918,1.);
#4918 = DIRECTION('',(6.7E-16,0.866025403784,-0.5));
#4919 = ORIENTED_EDGE('',*,*,#4701,.T.);
#4920 = PLANE('',#4921);
#4921 = AXIS2_PLACEMENT_3D('',#4922,#4923,#4924);
#4922 = CARTESIAN_POINT('',(1.793E-14,-6.5,-7.5));
#4923 = DIRECTION('',(1.,-5.6E-16,-4.4E-16));
#4924 = DIRECTION('',(4.4E-16,-7.8E-16,1.));
#4925 = ADVANCED_FACE('',(#4926,#4929),#4940,.F.);
#4926 = FACE_BOUND('',#4927,.F.);
#4927 = EDGE_LOOP('',(#4928));
#4928 = ORIENTED_EDGE('',*,*,#4533,.T.);
#4929 = FACE_BOUND('',#4930,.F.);
#4930 = EDGE_LOOP('',(#4931));
#4931 = ORIENTED_EDGE('',*,*,#4932,.F.);
#4932 = EDGE_CURVE('',#4933,#4933,#4935,.T.);
#4933 = VERTEX_POINT('',#4934);
#4934 = CARTESIAN_POINT('',(-1.3,-5.5,-7.5));
#4935 = CIRCLE('',#4936,1.);
#4936 = AXIS2_PLACEMENT_3D('',#4937,#4938,#4939);
#4937 = CARTESIAN_POINT('',(-1.3,-6.5,-7.5));
#4938 = DIRECTION('',(1.,-7.948611779637E-48,3.3E-16));
#4939 = DIRECTION('',(1.089E-31,1.,-3.3E-16));
#4940 = PLANE('',#4941);
#4941 = AXIS2_PLACEMENT_3D('',#4942,#4943,#4944);
#4942 = CARTESIAN_POINT('',(-1.3,-6.5,-7.5));
#4943 = DIRECTION('',(1.,-4.4E-16,-3.3E-16));
#4944 = DIRECTION('',(3.3E-16,-5.6E-16,1.));
#4945 = ADVANCED_FACE('',(#4946),#4963,.T.);
#4946 = FACE_BOUND('',#4947,.T.);
#4947 = EDGE_LOOP('',(#4948,#4955,#4956,#4962));
#4948 = ORIENTED_EDGE('',*,*,#4949,.F.);
#4949 = EDGE_CURVE('',#4572,#4643,#4950,.T.);
#4950 = CIRCLE('',#4951,1.);
#4951 = AXIS2_PLACEMENT_3D('',#4952,#4953,#4954);
#4952 = CARTESIAN_POINT('',(1.,-8.097635849258,-9.422903973985));
#4953 = DIRECTION('',(-6.7E-16,-0.866025403784,0.5));
#4954 = DIRECTION('',(-1.,4.330127018921E-18,-1.3325E-15));
#4955 = ORIENTED_EDGE('',*,*,#4580,.T.);
#4956 = ORIENTED_EDGE('',*,*,#4957,.T.);
#4957 = EDGE_CURVE('',#4581,#4635,#4958,.T.);
#4958 = ( BOUNDED_CURVE() B_SPLINE_CURVE(2,(#4959,#4960,#4961),
.UNSPECIFIED.,.F.,.F.) B_SPLINE_CURVE_WITH_KNOTS((3,3),(0.,
0.844282488923),.PIECEWISE_BEZIER_KNOTS.) CURVE() 
GEOMETRIC_REPRESENTATION_ITEM() RATIONAL_B_SPLINE_CURVE((1.,
0.707106781187,1.)) REPRESENTATION_ITEM('') );
#4959 = CARTESIAN_POINT('',(1.041E-14,-7.36646576588,-9.845045218446));
#4960 = CARTESIAN_POINT('',(8.18E-15,-7.86646576588,-10.71107062223));
#4961 = CARTESIAN_POINT('',(1.,-7.86646576588,-10.71107062223));
#4962 = ORIENTED_EDGE('',*,*,#4642,.F.);
#4963 = ( BOUNDED_SURFACE() B_SPLINE_SURFACE(2,4,(
    (#4964,#4965,#4966,#4967,#4968)
    ,(#4969,#4970,#4971,#4972,#4973)
    ,(#4974,#4975,#4976,#4977,#4978
)),.UNSPECIFIED.,.F.,.F.,.F.) B_SPLINE_SURFACE_WITH_KNOTS((3,3),(5,5),(
    0.,0.844282488923),(1.577858755539,2.422141244462),
.PIECEWISE_BEZIER_KNOTS.) GEOMETRIC_REPRESENTATION_ITEM() 
RATIONAL_B_SPLINE_SURFACE((
    (1.,1.,1.,1.,1.)
    ,(0.707106781187,0.719891228851,0.723606567514,0.719891228851
      ,0.707106781187)
,(1.,1.,1.,1.,1.))) REPRESENTATION_ITEM('') SURFACE() );
#4964 = CARTESIAN_POINT('',(1.,-8.597635849258,-10.28892937776));
#4965 = CARTESIAN_POINT('',(1.,-8.414843328413,-10.39446468888));
#4966 = CARTESIAN_POINT('',(0.998279023254,-8.232050807569,-10.5));
#4967 = CARTESIAN_POINT('',(1.,-8.049258286724,-10.60553531111));
#4968 = CARTESIAN_POINT('',(1.,-7.86646576588,-10.71107062223));
#4969 = CARTESIAN_POINT('',(1.48E-14,-8.597635849258,-10.28892937776));
#4970 = CARTESIAN_POINT('',(3.551772032319E-02,-8.41808951523,
    -10.39259050205));
#4971 = CARTESIAN_POINT('',(4.473626405768E-02,-8.232050807569,-10.5));
#4972 = CARTESIAN_POINT('',(3.551772032318E-02,-8.046012099908,
    -10.60740949794));
#4973 = CARTESIAN_POINT('',(8.18E-15,-7.86646576588,-10.71107062223));
#4974 = CARTESIAN_POINT('',(9.85E-15,-8.097635849258,-9.422903973985));
#4975 = CARTESIAN_POINT('',(1.022E-14,-7.932923267688,-9.559754658522));
#4976 = CARTESIAN_POINT('',(1.007E-14,-7.755808277989,-9.675123742043));
#4977 = CARTESIAN_POINT('',(1.047E-14,-7.567338225999,-9.770825280753));
#4978 = CARTESIAN_POINT('',(1.041E-14,-7.36646576588,-9.845045218446));
#4979 = ADVANCED_FACE('',(#4980),#4990,.F.);
#4980 = FACE_BOUND('',#4981,.F.);
#4981 = EDGE_LOOP('',(#4982,#4983,#4984));
#4982 = ORIENTED_EDGE('',*,*,#4571,.T.);
#4983 = ORIENTED_EDGE('',*,*,#4888,.T.);
#4984 = ORIENTED_EDGE('',*,*,#4985,.T.);
#4985 = EDGE_CURVE('',#4880,#4572,#4986,.T.);
#4986 = LINE('',#4987,#4988);
#4987 = CARTESIAN_POINT('',(6.73E-15,-9.464101615138,-8.633974596216));
#4988 = VECTOR('',#4989,1.);
#4989 = DIRECTION('',(6.7E-16,0.866025403784,-0.5));
#4990 = PLANE('',#4991);
#4991 = AXIS2_PLACEMENT_3D('',#4992,#4993,#4994);
#4992 = CARTESIAN_POINT('',(1.793E-14,-6.5,-7.5));
#4993 = DIRECTION('',(1.,-5.6E-16,-4.4E-16));
#4994 = DIRECTION('',(4.4E-16,-7.8E-16,1.));
#4995 = ADVANCED_FACE('',(#4996),#5002,.T.);
#4996 = FACE_BOUND('',#4997,.F.);
#4997 = EDGE_LOOP('',(#4998,#4999,#5000,#5001));
#4998 = ORIENTED_EDGE('',*,*,#4879,.T.);
#4999 = ORIENTED_EDGE('',*,*,#4652,.T.);
#5000 = ORIENTED_EDGE('',*,*,#4949,.F.);
#5001 = ORIENTED_EDGE('',*,*,#4985,.F.);
#5002 = CYLINDRICAL_SURFACE('',#5003,1.);
#5003 = AXIS2_PLACEMENT_3D('',#5004,#5005,#5006);
#5004 = CARTESIAN_POINT('',(1.,-9.464101615138,-8.633974596216));
#5005 = DIRECTION('',(6.7E-16,0.866025403784,-0.5));
#5006 = DIRECTION('',(-1.,4.330127018921E-18,-1.3325E-15));
#5007 = ADVANCED_FACE('',(#5008),#5014,.T.);
#5008 = FACE_BOUND('',#5009,.F.);
#5009 = EDGE_LOOP('',(#5010,#5011,#5012,#5013));
#5010 = ORIENTED_EDGE('',*,*,#4957,.T.);
#5011 = ORIENTED_EDGE('',*,*,#4634,.T.);
#5012 = ORIENTED_EDGE('',*,*,#4684,.F.);
#5013 = ORIENTED_EDGE('',*,*,#4914,.F.);
#5014 = CYLINDRICAL_SURFACE('',#5015,1.);
#5015 = AXIS2_PLACEMENT_3D('',#5016,#5017,#5018);
#5016 = CARTESIAN_POINT('',(1.,-9.464101615138,-8.633974596216));
#5017 = DIRECTION('',(6.7E-16,0.866025403784,-0.5));
#5018 = DIRECTION('',(-1.,4.330127018921E-18,-1.3325E-15));
#5019 = ADVANCED_FACE('',(#5020,#5023),#5034,.T.);
#5020 = FACE_BOUND('',#5021,.T.);
#5021 = EDGE_LOOP('',(#5022));
#5022 = ORIENTED_EDGE('',*,*,#4811,.T.);
#5023 = FACE_BOUND('',#5024,.T.);
#5024 = EDGE_LOOP('',(#5025));
#5025 = ORIENTED_EDGE('',*,*,#5026,.F.);
#5026 = EDGE_CURVE('',#5027,#5027,#5029,.T.);
#5027 = VERTEX_POINT('',#5028);
#5028 = CARTESIAN_POINT('',(5.1,-5.5,-7.5));
#5029 = CIRCLE('',#5030,1.);
#5030 = AXIS2_PLACEMENT_3D('',#5031,#5032,#5033);
#5031 = CARTESIAN_POINT('',(5.1,-6.5,-7.5));
#5032 = DIRECTION('',(1.,2.2E-16,3.3E-16));
#5033 = DIRECTION('',(-2.2E-16,1.,-3.3E-16));
#5034 = PLANE('',#5035);
#5035 = AXIS2_PLACEMENT_3D('',#5036,#5037,#5038);
#5036 = CARTESIAN_POINT('',(5.1,-6.5,-7.5));
#5037 = DIRECTION('',(1.,-4.4E-16,-3.3E-16));
#5038 = DIRECTION('',(3.3E-16,-5.6E-16,1.));
#5039 = ADVANCED_FACE('',(#5040),#5051,.F.);
#5040 = FACE_BOUND('',#5041,.F.);
#5041 = EDGE_LOOP('',(#5042,#5043,#5049,#5050));
#5042 = ORIENTED_EDGE('',*,*,#5026,.F.);
#5043 = ORIENTED_EDGE('',*,*,#5044,.T.);
#5044 = EDGE_CURVE('',#5027,#4933,#5045,.T.);
#5045 = LINE('',#5046,#5047);
#5046 = CARTESIAN_POINT('',(5.1,-5.5,-7.5));
#5047 = VECTOR('',#5048,1.);
#5048 = DIRECTION('',(-1.,2.2E-16,-1.1E-16));
#5049 = ORIENTED_EDGE('',*,*,#4932,.T.);
#5050 = ORIENTED_EDGE('',*,*,#5044,.F.);
#5051 = CYLINDRICAL_SURFACE('',#5052,1.);
#5052 = AXIS2_PLACEMENT_3D('',#5053,#5054,#5055);
#5053 = CARTESIAN_POINT('',(5.1,-6.5,-7.5));
#5054 = DIRECTION('',(1.,0.,3.3E-16));
#5055 = DIRECTION('',(1.089E-31,1.,-3.3E-16));
#5056 = ( GEOMETRIC_REPRESENTATION_CONTEXT(3) 
GLOBAL_UNCERTAINTY_ASSIGNED_CONTEXT((#5060)) 
GLOBAL_UNIT_ASSIGNED_CONTEXT((#5057,#5058,#5059)) REPRESENTATION_CONTEXT
('Context #1','3D Context with UNIT and UNCERTAINTY') );
#5057 = ( LENGTH_UNIT() NAMED_UNIT(*) SI_UNIT(.MILLI.,.METRE.) );
#5058 = ( NAMED_UNIT(*) PLANE_ANGLE_UNIT() SI_UNIT($,.RADIAN.) );
#5059 = ( NAMED_UNIT(*) SI_UNIT($,.STERADIAN.) SOLID_ANGLE_UNIT() );
#5060 = UNCERTAINTY_MEASURE_WITH_UNIT(LENGTH_MEASURE(2.E-05),#5057,
  'distance_accuracy_value','confusion accuracy');
#5061 = CONTEXT_DEPENDENT_SHAPE_REPRESENTATION(#5062,#5064);
#5062 = ( REPRESENTATION_RELATIONSHIP('','',#3794,#10) 
REPRESENTATION_RELATIONSHIP_WITH_TRANSFORMATION(#5063) 
SHAPE_REPRESENTATION_RELATIONSHIP() );
#5063 = ITEM_DEFINED_TRANSFORMATION('','',#11,#31);
#5064 = PRODUCT_DEFINITION_SHAPE('Placement','Placement of an item',
  #5065);
#5065 = NEXT_ASSEMBLY_USAGE_OCCURRENCE('5','connecteur001','',#5,#3789,$
  );
#5066 = PRODUCT_RELATED_PRODUCT_CATEGORY('part',$,(#3791));
#5067 = SHAPE_DEFINITION_REPRESENTATION(#5068,#5074);
#5068 = PRODUCT_DEFINITION_SHAPE('','',#5069);
#5069 = PRODUCT_DEFINITION('design','',#5070,#5073);
#5070 = PRODUCT_DEFINITION_FORMATION('','',#5071);
#5071 = PRODUCT('connecteur002','connecteur002','',(#5072));
#5072 = PRODUCT_CONTEXT('',#2,'mechanical');
#5073 = PRODUCT_DEFINITION_CONTEXT('part definition',#2,'design');
#5074 = ADVANCED_BREP_SHAPE_REPRESENTATION('',(#11,#5075),#6336);
#5075 = MANIFOLD_SOLID_BREP('',#5076);
#5076 = CLOSED_SHELL('',(#5077,#5135,#5194,#5227,#5260,#5309,#5346,#5371
    ,#5420,#5445,#5478,#5515,#5539,#5569,#5620,#5638,#5655,#5680,#5729,
    #5766,#5791,#5891,#5902,#5942,#5960,#5991,#6019,#6036,#6047,#6065,
    #6077,#6102,#6125,#6153,#6178,#6189,#6205,#6225,#6259,#6275,#6287,
    #6299,#6319));
#5077 = ADVANCED_FACE('',(#5078),#5130,.F.);
#5078 = FACE_BOUND('',#5079,.F.);
#5079 = EDGE_LOOP('',(#5080,#5090,#5098,#5106,#5114,#5124));
#5080 = ORIENTED_EDGE('',*,*,#5081,.T.);
#5081 = EDGE_CURVE('',#5082,#5084,#5086,.T.);
#5082 = VERTEX_POINT('',#5083);
#5083 = CARTESIAN_POINT('',(1.,-3.035898384862,-5.5));
#5084 = VERTEX_POINT('',#5085);
#5085 = CARTESIAN_POINT('',(2.,-3.035898384862,-5.5));
#5086 = LINE('',#5087,#5088);
#5087 = CARTESIAN_POINT('',(1.036E-14,-3.035898384862,-5.5));
#5088 = VECTOR('',#5089,1.);
#5089 = DIRECTION('',(1.,-5.6E-16,-2.2E-16));
#5090 = ORIENTED_EDGE('',*,*,#5091,.T.);
#5091 = EDGE_CURVE('',#5084,#5092,#5094,.T.);
#5092 = VERTEX_POINT('',#5093);
#5093 = CARTESIAN_POINT('',(2.,-6.5,-3.5));
#5094 = LINE('',#5095,#5096);
#5095 = CARTESIAN_POINT('',(2.,-3.035898384862,-5.5));
#5096 = VECTOR('',#5097,1.);
#5097 = DIRECTION('',(-6.7E-16,-0.866025403784,0.5));
#5098 = ORIENTED_EDGE('',*,*,#5099,.F.);
#5099 = EDGE_CURVE('',#5100,#5092,#5102,.T.);
#5100 = VERTEX_POINT('',#5101);
#5101 = CARTESIAN_POINT('',(1.,-6.5,-3.5));
#5102 = LINE('',#5103,#5104);
#5103 = CARTESIAN_POINT('',(1.116E-14,-6.5,-3.5));
#5104 = VECTOR('',#5105,1.);
#5105 = DIRECTION('',(1.,-5.6E-16,-2.2E-16));
#5106 = ORIENTED_EDGE('',*,*,#5107,.F.);
#5107 = EDGE_CURVE('',#5108,#5100,#5110,.T.);
#5108 = VERTEX_POINT('',#5109);
#5109 = CARTESIAN_POINT('',(1.,-5.13353423412,-4.288929377769));
#5110 = LINE('',#5111,#5112);
#5111 = CARTESIAN_POINT('',(1.,-3.035898384862,-5.5));
#5112 = VECTOR('',#5113,1.);
#5113 = DIRECTION('',(-6.7E-16,-0.866025403784,0.5));
#5114 = ORIENTED_EDGE('',*,*,#5115,.F.);
#5115 = EDGE_CURVE('',#5116,#5108,#5118,.T.);
#5116 = VERTEX_POINT('',#5117);
#5117 = CARTESIAN_POINT('',(1.,-4.402364150742,-4.711070622231));
#5118 = ( BOUNDED_CURVE() B_SPLINE_CURVE(4,(#5119,#5120,#5121,#5122,
#5123),.UNSPECIFIED.,.F.,.F.) B_SPLINE_CURVE_WITH_KNOTS((5,5),(
1.577858755539,2.422141244461),.PIECEWISE_BEZIER_KNOTS.) CURVE() 
GEOMETRIC_REPRESENTATION_ITEM() RATIONAL_B_SPLINE_CURVE((1.,1.,1.,1.,1.)
) REPRESENTATION_ITEM('') );
#5119 = CARTESIAN_POINT('',(1.,-4.402364150742,-4.711070622231));
#5120 = CARTESIAN_POINT('',(1.,-4.585156671587,-4.605535311115));
#5121 = CARTESIAN_POINT('',(0.998279023254,-4.767949192431,-4.5));
#5122 = CARTESIAN_POINT('',(1.,-4.950741713276,-4.394464688885));
#5123 = CARTESIAN_POINT('',(1.,-5.13353423412,-4.288929377769));
#5124 = ORIENTED_EDGE('',*,*,#5125,.F.);
#5125 = EDGE_CURVE('',#5082,#5116,#5126,.T.);
#5126 = LINE('',#5127,#5128);
#5127 = CARTESIAN_POINT('',(1.,-3.035898384862,-5.5));
#5128 = VECTOR('',#5129,1.);
#5129 = DIRECTION('',(-6.7E-16,-0.866025403784,0.5));
#5130 = PLANE('',#5131);
#5131 = AXIS2_PLACEMENT_3D('',#5132,#5133,#5134);
#5132 = CARTESIAN_POINT('',(1.036E-14,-3.035898384862,-5.5));
#5133 = DIRECTION('',(1.35E-15,-0.5,-0.866025403784));
#5134 = DIRECTION('',(2.E-16,-0.866025403784,0.5));
#5135 = ADVANCED_FACE('',(#5136),#5189,.F.);
#5136 = FACE_BOUND('',#5137,.F.);
#5137 = EDGE_LOOP('',(#5138,#5148,#5154,#5155,#5163,#5173,#5183));
#5138 = ORIENTED_EDGE('',*,*,#5139,.T.);
#5139 = EDGE_CURVE('',#5140,#5142,#5144,.T.);
#5140 = VERTEX_POINT('',#5141);
#5141 = CARTESIAN_POINT('',(1.,-3.035898384862,-9.5));
#5142 = VERTEX_POINT('',#5143);
#5143 = CARTESIAN_POINT('',(2.,-3.035898384862,-9.5));
#5144 = LINE('',#5145,#5146);
#5145 = CARTESIAN_POINT('',(1.569E-14,-3.035898384862,-9.5));
#5146 = VECTOR('',#5147,1.);
#5147 = DIRECTION('',(1.,-5.6E-16,-2.2E-16));
#5148 = ORIENTED_EDGE('',*,*,#5149,.T.);
#5149 = EDGE_CURVE('',#5142,#5084,#5150,.T.);
#5150 = LINE('',#5151,#5152);
#5151 = CARTESIAN_POINT('',(2.,-3.035898384862,-9.5));
#5152 = VECTOR('',#5153,1.);
#5153 = DIRECTION('',(-1.33E-15,-5.22E-15,1.));
#5154 = ORIENTED_EDGE('',*,*,#5081,.F.);
#5155 = ORIENTED_EDGE('',*,*,#5156,.F.);
#5156 = EDGE_CURVE('',#5157,#5082,#5159,.T.);
#5157 = VERTEX_POINT('',#5158);
#5158 = CARTESIAN_POINT('',(1.,-3.035898384862,-7.077858755539));
#5159 = LINE('',#5160,#5161);
#5160 = CARTESIAN_POINT('',(1.,-3.035898384862,-9.5));
#5161 = VECTOR('',#5162,1.);
#5162 = DIRECTION('',(-1.33E-15,-5.22E-15,1.));
#5163 = ORIENTED_EDGE('',*,*,#5164,.F.);
#5164 = EDGE_CURVE('',#5165,#5157,#5167,.T.);
#5165 = VERTEX_POINT('',#5166);
#5166 = CARTESIAN_POINT('',(0.999355445257,-3.035898384862,-7.5));
#5167 = ( BOUNDED_CURVE() B_SPLINE_CURVE(4,(#5168,#5169,#5170,#5171,
#5172),.UNSPECIFIED.,.F.,.F.) B_SPLINE_CURVE_WITH_KNOTS((5,5),(2.,
2.422141244461),.PIECEWISE_BEZIER_KNOTS.) CURVE() 
GEOMETRIC_REPRESENTATION_ITEM() RATIONAL_B_SPLINE_CURVE((1.,1.,1.,1.,1.)
) REPRESENTATION_ITEM('') );
#5168 = CARTESIAN_POINT('',(0.999355445257,-3.035898384862,-7.5));
#5169 = CARTESIAN_POINT('',(0.999355445257,-3.035898384862,
    -7.394464688885));
#5170 = CARTESIAN_POINT('',(0.999566905384,-3.035898384862,
    -7.288929377769));
#5171 = CARTESIAN_POINT('',(1.,-3.035898384862,-7.183394066654));
#5172 = CARTESIAN_POINT('',(1.,-3.035898384862,-7.077858755539));
#5173 = ORIENTED_EDGE('',*,*,#5174,.F.);
#5174 = EDGE_CURVE('',#5175,#5165,#5177,.T.);
#5175 = VERTEX_POINT('',#5176);
#5176 = CARTESIAN_POINT('',(1.,-3.035898384862,-7.922141244461));
#5177 = ( BOUNDED_CURVE() B_SPLINE_CURVE(4,(#5178,#5179,#5180,#5181,
#5182),.UNSPECIFIED.,.F.,.F.) B_SPLINE_CURVE_WITH_KNOTS((5,5),(
1.577858755539,2.),.PIECEWISE_BEZIER_KNOTS.) CURVE() 
GEOMETRIC_REPRESENTATION_ITEM() RATIONAL_B_SPLINE_CURVE((1.,1.,1.,1.,1.)
) REPRESENTATION_ITEM('') );
#5178 = CARTESIAN_POINT('',(1.,-3.035898384862,-7.922141244461));
#5179 = CARTESIAN_POINT('',(1.,-3.035898384862,-7.816605933346));
#5180 = CARTESIAN_POINT('',(0.999566905384,-3.035898384862,
    -7.711070622231));
#5181 = CARTESIAN_POINT('',(0.999355445257,-3.035898384862,
    -7.605535311115));
#5182 = CARTESIAN_POINT('',(0.999355445257,-3.035898384862,-7.5));
#5183 = ORIENTED_EDGE('',*,*,#5184,.F.);
#5184 = EDGE_CURVE('',#5140,#5175,#5185,.T.);
#5185 = LINE('',#5186,#5187);
#5186 = CARTESIAN_POINT('',(1.,-3.035898384862,-9.5));
#5187 = VECTOR('',#5188,1.);
#5188 = DIRECTION('',(-1.33E-15,-5.22E-15,1.));
#5189 = PLANE('',#5190);
#5190 = AXIS2_PLACEMENT_3D('',#5191,#5192,#5193);
#5191 = CARTESIAN_POINT('',(1.569E-14,-3.035898384862,-9.5));
#5192 = DIRECTION('',(7.8E-16,-1.,-4.88E-15));
#5193 = DIRECTION('',(-1.33E-15,-4.88E-15,1.));
#5194 = ADVANCED_FACE('',(#5195),#5222,.T.);
#5195 = FACE_BOUND('',#5196,.F.);
#5196 = EDGE_LOOP('',(#5197,#5206,#5214,#5221));
#5197 = ORIENTED_EDGE('',*,*,#5198,.T.);
#5198 = EDGE_CURVE('',#5084,#5199,#5201,.T.);
#5199 = VERTEX_POINT('',#5200);
#5200 = CARTESIAN_POINT('',(2.2,-3.235898384862,-5.615470053838));
#5201 = ELLIPSE('',#5202,0.230940107676,0.2);
#5202 = AXIS2_PLACEMENT_3D('',#5203,#5204,#5205);
#5203 = CARTESIAN_POINT('',(2.,-3.235898384862,-5.615470053838));
#5204 = DIRECTION('',(1.15E-15,0.5,-0.866025403784));
#5205 = DIRECTION('',(-6.7E-16,0.866025403784,0.5));
#5206 = ORIENTED_EDGE('',*,*,#5207,.T.);
#5207 = EDGE_CURVE('',#5199,#5208,#5210,.T.);
#5208 = VERTEX_POINT('',#5209);
#5209 = CARTESIAN_POINT('',(2.2,-6.5,-3.730940107676));
#5210 = LINE('',#5211,#5212);
#5211 = CARTESIAN_POINT('',(2.2,-3.135898384862,-5.673205080757));
#5212 = VECTOR('',#5213,1.);
#5213 = DIRECTION('',(-6.7E-16,-0.866025403784,0.5));
#5214 = ORIENTED_EDGE('',*,*,#5215,.F.);
#5215 = EDGE_CURVE('',#5092,#5208,#5216,.T.);
#5216 = ELLIPSE('',#5217,0.230940107676,0.2);
#5217 = AXIS2_PLACEMENT_3D('',#5218,#5219,#5220);
#5218 = CARTESIAN_POINT('',(2.,-6.5,-3.730940107676));
#5219 = DIRECTION('',(-4.085409691748E-47,1.,-5.9E-16));
#5220 = DIRECTION('',(-1.33E-15,5.9E-16,1.));
#5221 = ORIENTED_EDGE('',*,*,#5091,.F.);
#5222 = CYLINDRICAL_SURFACE('',#5223,0.2);
#5223 = AXIS2_PLACEMENT_3D('',#5224,#5225,#5226);
#5224 = CARTESIAN_POINT('',(2.,-3.135898384862,-5.673205080757));
#5225 = DIRECTION('',(-6.7E-16,-0.866025403784,0.5));
#5226 = DIRECTION('',(6.E-17,0.5,0.866025403784));
#5227 = ADVANCED_FACE('',(#5228),#5255,.T.);
#5228 = FACE_BOUND('',#5229,.T.);
#5229 = EDGE_LOOP('',(#5230,#5239,#5247,#5254));
#5230 = ORIENTED_EDGE('',*,*,#5231,.T.);
#5231 = EDGE_CURVE('',#5082,#5232,#5234,.T.);
#5232 = VERTEX_POINT('',#5233);
#5233 = CARTESIAN_POINT('',(9.E-15,-4.035898384862,-6.07735026919));
#5234 = ELLIPSE('',#5235,1.154700538379,1.);
#5235 = AXIS2_PLACEMENT_3D('',#5236,#5237,#5238);
#5236 = CARTESIAN_POINT('',(1.,-4.035898384862,-6.07735026919));
#5237 = DIRECTION('',(-1.15E-15,-0.5,0.866025403784));
#5238 = DIRECTION('',(-6.7E-16,0.866025403784,0.5));
#5239 = ORIENTED_EDGE('',*,*,#5240,.T.);
#5240 = EDGE_CURVE('',#5232,#5241,#5243,.T.);
#5241 = VERTEX_POINT('',#5242);
#5242 = CARTESIAN_POINT('',(1.2E-14,-4.902364150742,-5.577096026015));
#5243 = LINE('',#5244,#5245);
#5244 = CARTESIAN_POINT('',(1.314E-14,-3.535898384862,-6.366025403784));
#5245 = VECTOR('',#5246,1.);
#5246 = DIRECTION('',(-6.7E-16,-0.866025403784,0.5));
#5247 = ORIENTED_EDGE('',*,*,#5248,.F.);
#5248 = EDGE_CURVE('',#5116,#5241,#5249,.T.);
#5249 = CIRCLE('',#5250,1.);
#5250 = AXIS2_PLACEMENT_3D('',#5251,#5252,#5253);
#5251 = CARTESIAN_POINT('',(1.,-4.902364150742,-5.577096026015));
#5252 = DIRECTION('',(-6.7E-16,-0.866025403784,0.5));
#5253 = DIRECTION('',(6.E-17,0.5,0.866025403784));
#5254 = ORIENTED_EDGE('',*,*,#5125,.F.);
#5255 = CYLINDRICAL_SURFACE('',#5256,1.);
#5256 = AXIS2_PLACEMENT_3D('',#5257,#5258,#5259);
#5257 = CARTESIAN_POINT('',(1.,-3.535898384862,-6.366025403784));
#5258 = DIRECTION('',(-6.7E-16,-0.866025403784,0.5));
#5259 = DIRECTION('',(6.E-17,0.5,0.866025403784));
#5260 = ADVANCED_FACE('',(#5261),#5304,.F.);
#5261 = FACE_BOUND('',#5262,.F.);
#5262 = EDGE_LOOP('',(#5263,#5264,#5272,#5280,#5288,#5298));
#5263 = ORIENTED_EDGE('',*,*,#5099,.T.);
#5264 = ORIENTED_EDGE('',*,*,#5265,.T.);
#5265 = EDGE_CURVE('',#5092,#5266,#5268,.T.);
#5266 = VERTEX_POINT('',#5267);
#5267 = CARTESIAN_POINT('',(2.,-9.964101615138,-5.5));
#5268 = LINE('',#5269,#5270);
#5269 = CARTESIAN_POINT('',(2.,-6.5,-3.5));
#5270 = VECTOR('',#5271,1.);
#5271 = DIRECTION('',(6.7E-16,-0.866025403784,-0.5));
#5272 = ORIENTED_EDGE('',*,*,#5273,.F.);
#5273 = EDGE_CURVE('',#5274,#5266,#5276,.T.);
#5274 = VERTEX_POINT('',#5275);
#5275 = CARTESIAN_POINT('',(1.,-9.964101615138,-5.5));
#5276 = LINE('',#5277,#5278);
#5277 = CARTESIAN_POINT('',(1.728E-14,-9.964101615138,-5.5));
#5278 = VECTOR('',#5279,1.);
#5279 = DIRECTION('',(1.,-5.6E-16,-2.2E-16));
#5280 = ORIENTED_EDGE('',*,*,#5281,.F.);
#5281 = EDGE_CURVE('',#5282,#5274,#5284,.T.);
#5282 = VERTEX_POINT('',#5283);
#5283 = CARTESIAN_POINT('',(1.,-8.597635849258,-4.711070622231));
#5284 = LINE('',#5285,#5286);
#5285 = CARTESIAN_POINT('',(1.,-6.5,-3.5));
#5286 = VECTOR('',#5287,1.);
#5287 = DIRECTION('',(6.7E-16,-0.866025403784,-0.5));
#5288 = ORIENTED_EDGE('',*,*,#5289,.F.);
#5289 = EDGE_CURVE('',#5290,#5282,#5292,.T.);
#5290 = VERTEX_POINT('',#5291);
#5291 = CARTESIAN_POINT('',(1.,-7.86646576588,-4.288929377769));
#5292 = ( BOUNDED_CURVE() B_SPLINE_CURVE(4,(#5293,#5294,#5295,#5296,
#5297),.UNSPECIFIED.,.F.,.F.) B_SPLINE_CURVE_WITH_KNOTS((5,5),(
1.577858755539,2.422141244462),.PIECEWISE_BEZIER_KNOTS.) CURVE() 
GEOMETRIC_REPRESENTATION_ITEM() RATIONAL_B_SPLINE_CURVE((1.,1.,1.,1.,1.)
) REPRESENTATION_ITEM('') );
#5293 = CARTESIAN_POINT('',(1.,-7.86646576588,-4.288929377769));
#5294 = CARTESIAN_POINT('',(1.,-8.049258286724,-4.394464688885));
#5295 = CARTESIAN_POINT('',(0.998279023254,-8.232050807569,-4.5));
#5296 = CARTESIAN_POINT('',(1.,-8.414843328413,-4.605535311115));
#5297 = CARTESIAN_POINT('',(1.,-8.597635849258,-4.711070622231));
#5298 = ORIENTED_EDGE('',*,*,#5299,.F.);
#5299 = EDGE_CURVE('',#5100,#5290,#5300,.T.);
#5300 = LINE('',#5301,#5302);
#5301 = CARTESIAN_POINT('',(1.,-6.5,-3.5));
#5302 = VECTOR('',#5303,1.);
#5303 = DIRECTION('',(6.7E-16,-0.866025403784,-0.5));
#5304 = PLANE('',#5305);
#5305 = AXIS2_PLACEMENT_3D('',#5306,#5307,#5308);
#5306 = CARTESIAN_POINT('',(1.116E-14,-6.5,-3.5));
#5307 = DIRECTION('',(5.7E-16,0.5,-0.866025403784));
#5308 = DIRECTION('',(1.53E-15,-0.866025403784,-0.5));
#5309 = ADVANCED_FACE('',(#5310),#5330,.T.);
#5310 = FACE_BOUND('',#5311,.T.);
#5311 = EDGE_LOOP('',(#5312,#5313,#5323,#5329));
#5312 = ORIENTED_EDGE('',*,*,#5248,.T.);
#5313 = ORIENTED_EDGE('',*,*,#5314,.T.);
#5314 = EDGE_CURVE('',#5241,#5315,#5317,.T.);
#5315 = VERTEX_POINT('',#5316);
#5316 = CARTESIAN_POINT('',(8.E-15,-5.63353423412,-5.154954781554));
#5317 = ( BOUNDED_CURVE() B_SPLINE_CURVE(4,(#5318,#5319,#5320,#5321,
#5322),.UNSPECIFIED.,.F.,.F.) B_SPLINE_CURVE_WITH_KNOTS((5,5),(
1.577858755539,2.422141244461),.PIECEWISE_BEZIER_KNOTS.) CURVE() 
GEOMETRIC_REPRESENTATION_ITEM() RATIONAL_B_SPLINE_CURVE((1.,1.,1.,1.,1.)
) REPRESENTATION_ITEM('') );
#5318 = CARTESIAN_POINT('',(9.13E-15,-4.902364150742,-5.577096026015));
#5319 = CARTESIAN_POINT('',(9.26E-15,-5.067076732312,-5.440245341478));
#5320 = CARTESIAN_POINT('',(8.58E-15,-5.244191722011,-5.324876257957));
#5321 = CARTESIAN_POINT('',(9.02E-15,-5.432661774001,-5.229174719247));
#5322 = CARTESIAN_POINT('',(8.58E-15,-5.63353423412,-5.154954781554));
#5323 = ORIENTED_EDGE('',*,*,#5324,.F.);
#5324 = EDGE_CURVE('',#5108,#5315,#5325,.T.);
#5325 = ( BOUNDED_CURVE() B_SPLINE_CURVE(2,(#5326,#5327,#5328),
.UNSPECIFIED.,.F.,.F.) B_SPLINE_CURVE_WITH_KNOTS((3,3),(0.,
0.844282488923),.PIECEWISE_BEZIER_KNOTS.) CURVE() 
GEOMETRIC_REPRESENTATION_ITEM() RATIONAL_B_SPLINE_CURVE((1.,
0.707106781187,1.)) REPRESENTATION_ITEM('') );
#5326 = CARTESIAN_POINT('',(1.,-5.13353423412,-4.288929377769));
#5327 = CARTESIAN_POINT('',(5.47E-15,-5.13353423412,-4.288929377769));
#5328 = CARTESIAN_POINT('',(8.58E-15,-5.63353423412,-5.154954781554));
#5329 = ORIENTED_EDGE('',*,*,#5115,.F.);
#5330 = ( BOUNDED_SURFACE() B_SPLINE_SURFACE(2,4,(
    (#5331,#5332,#5333,#5334,#5335)
    ,(#5336,#5337,#5338,#5339,#5340)
    ,(#5341,#5342,#5343,#5344,#5345
)),.UNSPECIFIED.,.F.,.F.,.F.) B_SPLINE_SURFACE_WITH_KNOTS((3,3),(5,5),(
    0.,0.844282488923),(1.577858755539,2.422141244461),
.PIECEWISE_BEZIER_KNOTS.) GEOMETRIC_REPRESENTATION_ITEM() 
RATIONAL_B_SPLINE_SURFACE((
    (1.,1.,1.,1.,1.)
    ,(0.707106781187,0.719891228851,0.723606567514,0.719891228851
      ,0.707106781187)
,(1.,1.,1.,1.,1.))) REPRESENTATION_ITEM('') SURFACE() );
#5331 = CARTESIAN_POINT('',(1.,-4.402364150742,-4.711070622231));
#5332 = CARTESIAN_POINT('',(1.,-4.585156671587,-4.605535311115));
#5333 = CARTESIAN_POINT('',(0.998279023254,-4.767949192431,-4.5));
#5334 = CARTESIAN_POINT('',(1.,-4.950741713276,-4.394464688885));
#5335 = CARTESIAN_POINT('',(1.,-5.13353423412,-4.288929377769));
#5336 = CARTESIAN_POINT('',(8.85E-15,-4.402364150742,-4.711070622231));
#5337 = CARTESIAN_POINT('',(3.551772032318E-02,-4.58191048477,
    -4.607409497948));
#5338 = CARTESIAN_POINT('',(4.473626405767E-02,-4.767949192431,-4.5));
#5339 = CARTESIAN_POINT('',(3.551772032318E-02,-4.953987900092,
    -4.392590502052));
#5340 = CARTESIAN_POINT('',(5.47E-15,-5.13353423412,-4.288929377769));
#5341 = CARTESIAN_POINT('',(9.13E-15,-4.902364150742,-5.577096026015));
#5342 = CARTESIAN_POINT('',(9.26E-15,-5.067076732312,-5.440245341478));
#5343 = CARTESIAN_POINT('',(8.58E-15,-5.244191722011,-5.324876257957));
#5344 = CARTESIAN_POINT('',(9.02E-15,-5.432661774001,-5.229174719247));
#5345 = CARTESIAN_POINT('',(8.58E-15,-5.63353423412,-5.154954781554));
#5346 = ADVANCED_FACE('',(#5347),#5366,.T.);
#5347 = FACE_BOUND('',#5348,.T.);
#5348 = EDGE_LOOP('',(#5349,#5350,#5358,#5365));
#5349 = ORIENTED_EDGE('',*,*,#5324,.T.);
#5350 = ORIENTED_EDGE('',*,*,#5351,.T.);
#5351 = EDGE_CURVE('',#5315,#5352,#5354,.T.);
#5352 = VERTEX_POINT('',#5353);
#5353 = CARTESIAN_POINT('',(1.E-14,-6.5,-4.654700538379));
#5354 = LINE('',#5355,#5356);
#5355 = CARTESIAN_POINT('',(1.314E-14,-3.535898384862,-6.366025403784));
#5356 = VECTOR('',#5357,1.);
#5357 = DIRECTION('',(-6.7E-16,-0.866025403784,0.5));
#5358 = ORIENTED_EDGE('',*,*,#5359,.F.);
#5359 = EDGE_CURVE('',#5100,#5352,#5360,.T.);
#5360 = ELLIPSE('',#5361,1.154700538379,1.);
#5361 = AXIS2_PLACEMENT_3D('',#5362,#5363,#5364);
#5362 = CARTESIAN_POINT('',(1.,-6.5,-4.654700538379));
#5363 = DIRECTION('',(4.085409691748E-47,-1.,5.9E-16));
#5364 = DIRECTION('',(-1.33E-15,5.9E-16,1.));
#5365 = ORIENTED_EDGE('',*,*,#5107,.F.);
#5366 = CYLINDRICAL_SURFACE('',#5367,1.);
#5367 = AXIS2_PLACEMENT_3D('',#5368,#5369,#5370);
#5368 = CARTESIAN_POINT('',(1.,-3.535898384862,-6.366025403784));
#5369 = DIRECTION('',(-6.7E-16,-0.866025403784,0.5));
#5370 = DIRECTION('',(6.E-17,0.5,0.866025403784));
#5371 = ADVANCED_FACE('',(#5372),#5415,.F.);
#5372 = FACE_BOUND('',#5373,.F.);
#5373 = EDGE_LOOP('',(#5374,#5384,#5390,#5391,#5399,#5409));
#5374 = ORIENTED_EDGE('',*,*,#5375,.T.);
#5375 = EDGE_CURVE('',#5376,#5378,#5380,.T.);
#5376 = VERTEX_POINT('',#5377);
#5377 = CARTESIAN_POINT('',(1.,-6.5,-11.5));
#5378 = VERTEX_POINT('',#5379);
#5379 = CARTESIAN_POINT('',(2.,-6.5,-11.5));
#5380 = LINE('',#5381,#5382);
#5381 = CARTESIAN_POINT('',(2.182E-14,-6.5,-11.5));
#5382 = VECTOR('',#5383,1.);
#5383 = DIRECTION('',(1.,-5.6E-16,-2.2E-16));
#5384 = ORIENTED_EDGE('',*,*,#5385,.T.);
#5385 = EDGE_CURVE('',#5378,#5142,#5386,.T.);
#5386 = LINE('',#5387,#5388);
#5387 = CARTESIAN_POINT('',(2.,-6.5,-11.5));
#5388 = VECTOR('',#5389,1.);
#5389 = DIRECTION('',(-6.7E-16,0.866025403784,0.5));
#5390 = ORIENTED_EDGE('',*,*,#5139,.F.);
#5391 = ORIENTED_EDGE('',*,*,#5392,.F.);
#5392 = EDGE_CURVE('',#5393,#5140,#5395,.T.);
#5393 = VERTEX_POINT('',#5394);
#5394 = CARTESIAN_POINT('',(1.,-4.402364150742,-10.28892937776));
#5395 = LINE('',#5396,#5397);
#5396 = CARTESIAN_POINT('',(1.,-6.5,-11.5));
#5397 = VECTOR('',#5398,1.);
#5398 = DIRECTION('',(-6.7E-16,0.866025403784,0.5));
#5399 = ORIENTED_EDGE('',*,*,#5400,.F.);
#5400 = EDGE_CURVE('',#5401,#5393,#5403,.T.);
#5401 = VERTEX_POINT('',#5402);
#5402 = CARTESIAN_POINT('',(1.,-5.13353423412,-10.71107062223));
#5403 = ( BOUNDED_CURVE() B_SPLINE_CURVE(4,(#5404,#5405,#5406,#5407,
#5408),.UNSPECIFIED.,.F.,.F.) B_SPLINE_CURVE_WITH_KNOTS((5,5),(
1.577858755539,2.422141244461),.PIECEWISE_BEZIER_KNOTS.) CURVE() 
GEOMETRIC_REPRESENTATION_ITEM() RATIONAL_B_SPLINE_CURVE((1.,1.,1.,1.,1.)
) REPRESENTATION_ITEM('') );
#5404 = CARTESIAN_POINT('',(1.,-5.13353423412,-10.71107062223));
#5405 = CARTESIAN_POINT('',(1.,-4.950741713276,-10.60553531111));
#5406 = CARTESIAN_POINT('',(0.998279023254,-4.767949192431,-10.5));
#5407 = CARTESIAN_POINT('',(1.,-4.585156671587,-10.39446468888));
#5408 = CARTESIAN_POINT('',(1.,-4.402364150742,-10.28892937776));
#5409 = ORIENTED_EDGE('',*,*,#5410,.F.);
#5410 = EDGE_CURVE('',#5376,#5401,#5411,.T.);
#5411 = LINE('',#5412,#5413);
#5412 = CARTESIAN_POINT('',(1.,-6.5,-11.5));
#5413 = VECTOR('',#5414,1.);
#5414 = DIRECTION('',(-6.7E-16,0.866025403784,0.5));
#5415 = PLANE('',#5416);
#5416 = AXIS2_PLACEMENT_3D('',#5417,#5418,#5419);
#5417 = CARTESIAN_POINT('',(2.182E-14,-6.5,-11.5));
#5418 = DIRECTION('',(-5.7E-16,-0.5,0.866025403784));
#5419 = DIRECTION('',(-1.53E-15,0.866025403784,0.5));
#5420 = ADVANCED_FACE('',(#5421),#5440,.T.);
#5421 = FACE_BOUND('',#5422,.F.);
#5422 = EDGE_LOOP('',(#5423,#5432,#5438,#5439));
#5423 = ORIENTED_EDGE('',*,*,#5424,.F.);
#5424 = EDGE_CURVE('',#5425,#5142,#5427,.T.);
#5425 = VERTEX_POINT('',#5426);
#5426 = CARTESIAN_POINT('',(2.2,-3.235898384862,-9.384529946162));
#5427 = ELLIPSE('',#5428,0.230940107676,0.2);
#5428 = AXIS2_PLACEMENT_3D('',#5429,#5430,#5431);
#5429 = CARTESIAN_POINT('',(2.,-3.235898384862,-9.384529946162));
#5430 = DIRECTION('',(-1.15E-15,0.5,0.866025403784));
#5431 = DIRECTION('',(6.7E-16,0.866025403784,-0.5));
#5432 = ORIENTED_EDGE('',*,*,#5433,.T.);
#5433 = EDGE_CURVE('',#5425,#5199,#5434,.T.);
#5434 = LINE('',#5435,#5436);
#5435 = CARTESIAN_POINT('',(2.2,-3.235898384862,-9.5));
#5436 = VECTOR('',#5437,1.);
#5437 = DIRECTION('',(-1.33E-15,-5.22E-15,1.));
#5438 = ORIENTED_EDGE('',*,*,#5198,.F.);
#5439 = ORIENTED_EDGE('',*,*,#5149,.F.);
#5440 = CYLINDRICAL_SURFACE('',#5441,0.2);
#5441 = AXIS2_PLACEMENT_3D('',#5442,#5443,#5444);
#5442 = CARTESIAN_POINT('',(2.,-3.235898384862,-9.5));
#5443 = DIRECTION('',(-1.33E-15,-5.22E-15,1.));
#5444 = DIRECTION('',(8.9E-16,1.,5.22E-15));
#5445 = ADVANCED_FACE('',(#5446),#5473,.T.);
#5446 = FACE_BOUND('',#5447,.T.);
#5447 = EDGE_LOOP('',(#5448,#5457,#5465,#5472));
#5448 = ORIENTED_EDGE('',*,*,#5449,.F.);
#5449 = EDGE_CURVE('',#5450,#5140,#5452,.T.);
#5450 = VERTEX_POINT('',#5451);
#5451 = CARTESIAN_POINT('',(8.E-15,-4.035898384862,-8.92264973081));
#5452 = ELLIPSE('',#5453,1.154700538379,1.);
#5453 = AXIS2_PLACEMENT_3D('',#5454,#5455,#5456);
#5454 = CARTESIAN_POINT('',(1.,-4.035898384862,-8.92264973081));
#5455 = DIRECTION('',(1.15E-15,-0.5,-0.866025403784));
#5456 = DIRECTION('',(6.7E-16,0.866025403784,-0.5));
#5457 = ORIENTED_EDGE('',*,*,#5458,.T.);
#5458 = EDGE_CURVE('',#5450,#5459,#5461,.T.);
#5459 = VERTEX_POINT('',#5460);
#5460 = CARTESIAN_POINT('',(1.1E-14,-4.035898384862,-7.922141244461));
#5461 = LINE('',#5462,#5463);
#5462 = CARTESIAN_POINT('',(1.371E-14,-4.035898384862,-9.5));
#5463 = VECTOR('',#5464,1.);
#5464 = DIRECTION('',(-1.33E-15,-5.22E-15,1.));
#5465 = ORIENTED_EDGE('',*,*,#5466,.F.);
#5466 = EDGE_CURVE('',#5175,#5459,#5467,.T.);
#5467 = CIRCLE('',#5468,1.);
#5468 = AXIS2_PLACEMENT_3D('',#5469,#5470,#5471);
#5469 = CARTESIAN_POINT('',(1.,-4.035898384862,-7.922141244461));
#5470 = DIRECTION('',(-1.33E-15,-5.22E-15,1.));
#5471 = DIRECTION('',(8.9E-16,1.,5.22E-15));
#5472 = ORIENTED_EDGE('',*,*,#5184,.F.);
#5473 = CYLINDRICAL_SURFACE('',#5474,1.);
#5474 = AXIS2_PLACEMENT_3D('',#5475,#5476,#5477);
#5475 = CARTESIAN_POINT('',(1.,-4.035898384862,-9.5));
#5476 = DIRECTION('',(-1.33E-15,-5.22E-15,1.));
#5477 = DIRECTION('',(8.9E-16,1.,5.22E-15));
#5478 = ADVANCED_FACE('',(#5479),#5499,.T.);
#5479 = FACE_BOUND('',#5480,.T.);
#5480 = EDGE_LOOP('',(#5481,#5482,#5492,#5498));
#5481 = ORIENTED_EDGE('',*,*,#5466,.T.);
#5482 = ORIENTED_EDGE('',*,*,#5483,.T.);
#5483 = EDGE_CURVE('',#5459,#5484,#5486,.T.);
#5484 = VERTEX_POINT('',#5485);
#5485 = CARTESIAN_POINT('',(1.6E-14,-4.,-7.5));
#5486 = ( BOUNDED_CURVE() B_SPLINE_CURVE(4,(#5487,#5488,#5489,#5490,
#5491),.UNSPECIFIED.,.F.,.F.) B_SPLINE_CURVE_WITH_KNOTS((5,5),(
1.577858755539,2.),.PIECEWISE_BEZIER_KNOTS.) CURVE() 
GEOMETRIC_REPRESENTATION_ITEM() RATIONAL_B_SPLINE_CURVE((1.,1.,1.,1.,1.)
) REPRESENTATION_ITEM('') );
#5487 = CARTESIAN_POINT('',(1.082E-14,-4.035898384862,-7.922141244461));
#5488 = CARTESIAN_POINT('',(1.086E-14,-4.017818445587,-7.816605933346));
#5489 = CARTESIAN_POINT('',(1.107E-14,-4.005940911941,-7.711070622231));
#5490 = CARTESIAN_POINT('',(1.028E-14,-4.,-7.605535311115));
#5491 = CARTESIAN_POINT('',(1.06E-14,-4.,-7.5));
#5492 = ORIENTED_EDGE('',*,*,#5493,.F.);
#5493 = EDGE_CURVE('',#5165,#5484,#5494,.T.);
#5494 = ( BOUNDED_CURVE() B_SPLINE_CURVE(2,(#5495,#5496,#5497),
.UNSPECIFIED.,.F.,.F.) B_SPLINE_CURVE_WITH_KNOTS((3,3),(0.,
0.422141244461),.PIECEWISE_BEZIER_KNOTS.) CURVE() 
GEOMETRIC_REPRESENTATION_ITEM() RATIONAL_B_SPLINE_CURVE((1.,
0.719686871098,1.)) REPRESENTATION_ITEM('') );
#5495 = CARTESIAN_POINT('',(0.999355445257,-3.035898384862,-7.5));
#5496 = CARTESIAN_POINT('',(3.46320130548E-02,-3.035898384862,-7.5));
#5497 = CARTESIAN_POINT('',(1.06E-14,-4.,-7.5));
#5498 = ORIENTED_EDGE('',*,*,#5174,.F.);
#5499 = ( BOUNDED_SURFACE() B_SPLINE_SURFACE(2,4,(
    (#5500,#5501,#5502,#5503,#5504)
    ,(#5505,#5506,#5507,#5508,#5509)
    ,(#5510,#5511,#5512,#5513,#5514
)),.UNSPECIFIED.,.F.,.F.,.F.) B_SPLINE_SURFACE_WITH_KNOTS((3,3),(5,5),(
    0.,0.422141244461),(1.577858755539,2.),.PIECEWISE_BEZIER_KNOTS.) 
GEOMETRIC_REPRESENTATION_ITEM() RATIONAL_B_SPLINE_SURFACE((
    (1.,1.,1.,1.,1.)
    ,(0.707106781187,0.713499005019,0.717622386083,0.719686871098
      ,0.719686871098)
,(1.,1.,1.,1.,1.))) REPRESENTATION_ITEM('') SURFACE() );
#5500 = CARTESIAN_POINT('',(1.,-3.035898384862,-7.922141244461));
#5501 = CARTESIAN_POINT('',(1.,-3.035898384862,-7.816605933346));
#5502 = CARTESIAN_POINT('',(0.999566905384,-3.035898384862,
    -7.711070622231));
#5503 = CARTESIAN_POINT('',(0.999355445257,-3.035898384862,
    -7.605535311115));
#5504 = CARTESIAN_POINT('',(0.999355445257,-3.035898384862,-7.5));
#5505 = CARTESIAN_POINT('',(1.021E-14,-3.035898384862,-7.922141244461));
#5506 = CARTESIAN_POINT('',(1.791796144745E-02,-3.035898384862,
    -7.817551422164));
#5507 = CARTESIAN_POINT('',(2.909007634812E-02,-3.035898384862,
    -7.711667239375));
#5508 = CARTESIAN_POINT('',(3.46320130548E-02,-3.035898384862,
    -7.605535311115));
#5509 = CARTESIAN_POINT('',(3.46320130548E-02,-3.035898384862,-7.5));
#5510 = CARTESIAN_POINT('',(1.082E-14,-4.035898384862,-7.922141244461));
#5511 = CARTESIAN_POINT('',(1.086E-14,-4.017818445587,-7.816605933346));
#5512 = CARTESIAN_POINT('',(1.107E-14,-4.005940911941,-7.711070622231));
#5513 = CARTESIAN_POINT('',(1.028E-14,-4.,-7.605535311115));
#5514 = CARTESIAN_POINT('',(1.06E-14,-4.,-7.5));
#5515 = ADVANCED_FACE('',(#5516),#5534,.T.);
#5516 = FACE_BOUND('',#5517,.T.);
#5517 = EDGE_LOOP('',(#5518,#5526,#5532,#5533));
#5518 = ORIENTED_EDGE('',*,*,#5519,.T.);
#5519 = EDGE_CURVE('',#5157,#5520,#5522,.T.);
#5520 = VERTEX_POINT('',#5521);
#5521 = CARTESIAN_POINT('',(1.E-14,-4.035898384862,-7.077858755539));
#5522 = ( BOUNDED_CURVE() B_SPLINE_CURVE(2,(#5523,#5524,#5525),
.UNSPECIFIED.,.F.,.F.) B_SPLINE_CURVE_WITH_KNOTS((3,3),(0.,
0.422141244461),.PIECEWISE_BEZIER_KNOTS.) CURVE() 
GEOMETRIC_REPRESENTATION_ITEM() RATIONAL_B_SPLINE_CURVE((1.,
0.707106781187,1.)) REPRESENTATION_ITEM('') );
#5523 = CARTESIAN_POINT('',(1.,-3.035898384862,-7.077858755539));
#5524 = CARTESIAN_POINT('',(9.11E-15,-3.035898384862,-7.077858755539));
#5525 = CARTESIAN_POINT('',(1.035E-14,-4.035898384862,-7.077858755539));
#5526 = ORIENTED_EDGE('',*,*,#5527,.T.);
#5527 = EDGE_CURVE('',#5520,#5232,#5528,.T.);
#5528 = LINE('',#5529,#5530);
#5529 = CARTESIAN_POINT('',(1.371E-14,-4.035898384862,-9.5));
#5530 = VECTOR('',#5531,1.);
#5531 = DIRECTION('',(-1.33E-15,-5.22E-15,1.));
#5532 = ORIENTED_EDGE('',*,*,#5231,.F.);
#5533 = ORIENTED_EDGE('',*,*,#5156,.F.);
#5534 = CYLINDRICAL_SURFACE('',#5535,1.);
#5535 = AXIS2_PLACEMENT_3D('',#5536,#5537,#5538);
#5536 = CARTESIAN_POINT('',(1.,-4.035898384862,-9.5));
#5537 = DIRECTION('',(-1.33E-15,-5.22E-15,1.));
#5538 = DIRECTION('',(8.9E-16,1.,5.22E-15));
#5539 = ADVANCED_FACE('',(#5540),#5553,.T.);
#5540 = FACE_BOUND('',#5541,.T.);
#5541 = EDGE_LOOP('',(#5542,#5543,#5551,#5552));
#5542 = ORIENTED_EDGE('',*,*,#5493,.T.);
#5543 = ORIENTED_EDGE('',*,*,#5544,.T.);
#5544 = EDGE_CURVE('',#5484,#5520,#5545,.T.);
#5545 = ( BOUNDED_CURVE() B_SPLINE_CURVE(4,(#5546,#5547,#5548,#5549,
#5550),.UNSPECIFIED.,.F.,.F.) B_SPLINE_CURVE_WITH_KNOTS((5,5),(2.,
2.422141244461),.PIECEWISE_BEZIER_KNOTS.) CURVE() 
GEOMETRIC_REPRESENTATION_ITEM() RATIONAL_B_SPLINE_CURVE((1.,1.,1.,1.,1.)
) REPRESENTATION_ITEM('') );
#5546 = CARTESIAN_POINT('',(1.06E-14,-4.,-7.5));
#5547 = CARTESIAN_POINT('',(1.048E-14,-4.,-7.394464688885));
#5548 = CARTESIAN_POINT('',(1.08E-14,-4.005940911941,-7.288929377769));
#5549 = CARTESIAN_POINT('',(1.012E-14,-4.017818445587,-7.183394066654));
#5550 = CARTESIAN_POINT('',(1.035E-14,-4.035898384862,-7.077858755539));
#5551 = ORIENTED_EDGE('',*,*,#5519,.F.);
#5552 = ORIENTED_EDGE('',*,*,#5164,.F.);
#5553 = ( BOUNDED_SURFACE() B_SPLINE_SURFACE(2,4,(
    (#5554,#5555,#5556,#5557,#5558)
    ,(#5559,#5560,#5561,#5562,#5563)
    ,(#5564,#5565,#5566,#5567,#5568
)),.UNSPECIFIED.,.F.,.F.,.F.) B_SPLINE_SURFACE_WITH_KNOTS((3,3),(5,5),(
    0.,0.422141244461),(2.,2.422141244461),.PIECEWISE_BEZIER_KNOTS.) 
GEOMETRIC_REPRESENTATION_ITEM() RATIONAL_B_SPLINE_SURFACE((
    (1.,1.,1.,1.,1.)
    ,(0.719686871098,0.719686871098,0.717622386083,0.713499005019
      ,0.707106781187)
,(1.,1.,1.,1.,1.))) REPRESENTATION_ITEM('') SURFACE() );
#5554 = CARTESIAN_POINT('',(0.999355445257,-3.035898384862,-7.5));
#5555 = CARTESIAN_POINT('',(0.999355445257,-3.035898384862,
    -7.394464688885));
#5556 = CARTESIAN_POINT('',(0.999566905384,-3.035898384862,
    -7.288929377769));
#5557 = CARTESIAN_POINT('',(1.,-3.035898384862,-7.183394066654));
#5558 = CARTESIAN_POINT('',(1.,-3.035898384862,-7.077858755539));
#5559 = CARTESIAN_POINT('',(3.46320130548E-02,-3.035898384862,-7.5));
#5560 = CARTESIAN_POINT('',(3.46320130548E-02,-3.035898384862,
    -7.394464688885));
#5561 = CARTESIAN_POINT('',(2.909007634812E-02,-3.035898384862,
    -7.288332760625));
#5562 = CARTESIAN_POINT('',(1.791796144745E-02,-3.035898384862,
    -7.182448577836));
#5563 = CARTESIAN_POINT('',(9.11E-15,-3.035898384862,-7.077858755539));
#5564 = CARTESIAN_POINT('',(1.06E-14,-4.,-7.5));
#5565 = CARTESIAN_POINT('',(1.048E-14,-4.,-7.394464688885));
#5566 = CARTESIAN_POINT('',(1.08E-14,-4.005940911941,-7.288929377769));
#5567 = CARTESIAN_POINT('',(1.012E-14,-4.017818445587,-7.183394066654));
#5568 = CARTESIAN_POINT('',(1.035E-14,-4.035898384862,-7.077858755539));
#5569 = ADVANCED_FACE('',(#5570,#5604),#5615,.T.);
#5570 = FACE_BOUND('',#5571,.T.);
#5571 = EDGE_LOOP('',(#5572,#5580,#5581,#5582,#5590,#5598));
#5572 = ORIENTED_EDGE('',*,*,#5573,.T.);
#5573 = EDGE_CURVE('',#5574,#5425,#5576,.T.);
#5574 = VERTEX_POINT('',#5575);
#5575 = CARTESIAN_POINT('',(2.2,-6.5,-11.26905989232));
#5576 = LINE('',#5577,#5578);
#5577 = CARTESIAN_POINT('',(2.2,-6.6,-11.32679491924));
#5578 = VECTOR('',#5579,1.);
#5579 = DIRECTION('',(-6.7E-16,0.866025403784,0.5));
#5580 = ORIENTED_EDGE('',*,*,#5433,.T.);
#5581 = ORIENTED_EDGE('',*,*,#5207,.T.);
#5582 = ORIENTED_EDGE('',*,*,#5583,.T.);
#5583 = EDGE_CURVE('',#5208,#5584,#5586,.T.);
#5584 = VERTEX_POINT('',#5585);
#5585 = CARTESIAN_POINT('',(2.2,-9.764101615138,-5.615470053838));
#5586 = LINE('',#5587,#5588);
#5587 = CARTESIAN_POINT('',(2.2,-6.4,-3.673205080757));
#5588 = VECTOR('',#5589,1.);
#5589 = DIRECTION('',(6.7E-16,-0.866025403784,-0.5));
#5590 = ORIENTED_EDGE('',*,*,#5591,.T.);
#5591 = EDGE_CURVE('',#5584,#5592,#5594,.T.);
#5592 = VERTEX_POINT('',#5593);
#5593 = CARTESIAN_POINT('',(2.2,-9.764101615138,-9.384529946162));
#5594 = LINE('',#5595,#5596);
#5595 = CARTESIAN_POINT('',(2.2,-9.764101615138,-5.5));
#5596 = VECTOR('',#5597,1.);
#5597 = DIRECTION('',(1.33E-15,-4.4E-16,-1.));
#5598 = ORIENTED_EDGE('',*,*,#5599,.T.);
#5599 = EDGE_CURVE('',#5592,#5574,#5600,.T.);
#5600 = LINE('',#5601,#5602);
#5601 = CARTESIAN_POINT('',(2.2,-9.864101615138,-9.326794919243));
#5602 = VECTOR('',#5603,1.);
#5603 = DIRECTION('',(6.7E-16,0.866025403784,-0.5));
#5604 = FACE_BOUND('',#5605,.T.);
#5605 = EDGE_LOOP('',(#5606));
#5606 = ORIENTED_EDGE('',*,*,#5607,.T.);
#5607 = EDGE_CURVE('',#5608,#5608,#5610,.T.);
#5608 = VERTEX_POINT('',#5609);
#5609 = CARTESIAN_POINT('',(2.2,-4.,-7.5));
#5610 = CIRCLE('',#5611,2.5);
#5611 = AXIS2_PLACEMENT_3D('',#5612,#5613,#5614);
#5612 = CARTESIAN_POINT('',(2.2,-6.5,-7.5));
#5613 = DIRECTION('',(-1.,-6.7E-16,-1.E-15));
#5614 = DIRECTION('',(-6.7E-16,1.,-7.8E-16));
#5615 = PLANE('',#5616);
#5616 = AXIS2_PLACEMENT_3D('',#5617,#5618,#5619);
#5617 = CARTESIAN_POINT('',(2.2,-6.5,-7.5));
#5618 = DIRECTION('',(1.,-5.6E-16,-4.4E-16));
#5619 = DIRECTION('',(4.4E-16,-7.8E-16,1.));
#5620 = ADVANCED_FACE('',(#5621),#5633,.T.);
#5621 = FACE_BOUND('',#5622,.T.);
#5622 = EDGE_LOOP('',(#5623,#5624,#5625,#5632));
#5623 = ORIENTED_EDGE('',*,*,#5215,.F.);
#5624 = ORIENTED_EDGE('',*,*,#5265,.T.);
#5625 = ORIENTED_EDGE('',*,*,#5626,.F.);
#5626 = EDGE_CURVE('',#5584,#5266,#5627,.T.);
#5627 = ELLIPSE('',#5628,0.230940107676,0.2);
#5628 = AXIS2_PLACEMENT_3D('',#5629,#5630,#5631);
#5629 = CARTESIAN_POINT('',(2.,-9.764101615138,-5.615470053838));
#5630 = DIRECTION('',(1.15E-15,-0.5,-0.866025403784));
#5631 = DIRECTION('',(-6.7E-16,-0.866025403784,0.5));
#5632 = ORIENTED_EDGE('',*,*,#5583,.F.);
#5633 = CYLINDRICAL_SURFACE('',#5634,0.2);
#5634 = AXIS2_PLACEMENT_3D('',#5635,#5636,#5637);
#5635 = CARTESIAN_POINT('',(2.,-6.4,-3.673205080757));
#5636 = DIRECTION('',(6.7E-16,-0.866025403784,-0.5));
#5637 = DIRECTION('',(1.,4.330127018923E-18,1.3325E-15));
#5638 = ADVANCED_FACE('',(#5639),#5650,.F.);
#5639 = FACE_BOUND('',#5640,.F.);
#5640 = EDGE_LOOP('',(#5641,#5648,#5649));
#5641 = ORIENTED_EDGE('',*,*,#5642,.T.);
#5642 = EDGE_CURVE('',#5241,#5520,#5643,.T.);
#5643 = CIRCLE('',#5644,2.5);
#5644 = AXIS2_PLACEMENT_3D('',#5645,#5646,#5647);
#5645 = CARTESIAN_POINT('',(1.438E-14,-6.5,-7.5));
#5646 = DIRECTION('',(-1.,-6.7E-16,-1.E-15));
#5647 = DIRECTION('',(-6.7E-16,1.,-7.8E-16));
#5648 = ORIENTED_EDGE('',*,*,#5527,.T.);
#5649 = ORIENTED_EDGE('',*,*,#5240,.T.);
#5650 = PLANE('',#5651);
#5651 = AXIS2_PLACEMENT_3D('',#5652,#5653,#5654);
#5652 = CARTESIAN_POINT('',(1.793E-14,-6.5,-7.5));
#5653 = DIRECTION('',(1.,-5.6E-16,-4.4E-16));
#5654 = DIRECTION('',(4.4E-16,-7.8E-16,1.));
#5655 = ADVANCED_FACE('',(#5656),#5675,.T.);
#5656 = FACE_BOUND('',#5657,.T.);
#5657 = EDGE_LOOP('',(#5658,#5659,#5667,#5674));
#5658 = ORIENTED_EDGE('',*,*,#5359,.T.);
#5659 = ORIENTED_EDGE('',*,*,#5660,.T.);
#5660 = EDGE_CURVE('',#5352,#5661,#5663,.T.);
#5661 = VERTEX_POINT('',#5662);
#5662 = CARTESIAN_POINT('',(9.E-15,-7.36646576588,-5.154954781554));
#5663 = LINE('',#5664,#5665);
#5664 = CARTESIAN_POINT('',(9.14E-15,-6.,-4.366025403784));
#5665 = VECTOR('',#5666,1.);
#5666 = DIRECTION('',(6.7E-16,-0.866025403784,-0.5));
#5667 = ORIENTED_EDGE('',*,*,#5668,.F.);
#5668 = EDGE_CURVE('',#5290,#5661,#5669,.T.);
#5669 = CIRCLE('',#5670,1.);
#5670 = AXIS2_PLACEMENT_3D('',#5671,#5672,#5673);
#5671 = CARTESIAN_POINT('',(1.,-7.36646576588,-5.154954781554));
#5672 = DIRECTION('',(6.7E-16,-0.866025403784,-0.5));
#5673 = DIRECTION('',(-8.3E-16,-0.5,0.866025403784));
#5674 = ORIENTED_EDGE('',*,*,#5299,.F.);
#5675 = CYLINDRICAL_SURFACE('',#5676,1.);
#5676 = AXIS2_PLACEMENT_3D('',#5677,#5678,#5679);
#5677 = CARTESIAN_POINT('',(1.,-6.,-4.366025403784));
#5678 = DIRECTION('',(6.7E-16,-0.866025403784,-0.5));
#5679 = DIRECTION('',(-8.3E-16,-0.5,0.866025403784));
#5680 = ADVANCED_FACE('',(#5681),#5724,.F.);
#5681 = FACE_BOUND('',#5682,.F.);
#5682 = EDGE_LOOP('',(#5683,#5684,#5692,#5700,#5708,#5718));
#5683 = ORIENTED_EDGE('',*,*,#5273,.T.);
#5684 = ORIENTED_EDGE('',*,*,#5685,.T.);
#5685 = EDGE_CURVE('',#5266,#5686,#5688,.T.);
#5686 = VERTEX_POINT('',#5687);
#5687 = CARTESIAN_POINT('',(2.,-9.964101615138,-9.5));
#5688 = LINE('',#5689,#5690);
#5689 = CARTESIAN_POINT('',(2.,-9.964101615138,-5.5));
#5690 = VECTOR('',#5691,1.);
#5691 = DIRECTION('',(1.33E-15,-4.4E-16,-1.));
#5692 = ORIENTED_EDGE('',*,*,#5693,.F.);
#5693 = EDGE_CURVE('',#5694,#5686,#5696,.T.);
#5694 = VERTEX_POINT('',#5695);
#5695 = CARTESIAN_POINT('',(1.,-9.964101615138,-9.5));
#5696 = LINE('',#5697,#5698);
#5697 = CARTESIAN_POINT('',(2.261E-14,-9.964101615138,-9.5));
#5698 = VECTOR('',#5699,1.);
#5699 = DIRECTION('',(1.,-5.6E-16,-2.2E-16));
#5700 = ORIENTED_EDGE('',*,*,#5701,.F.);
#5701 = EDGE_CURVE('',#5702,#5694,#5704,.T.);
#5702 = VERTEX_POINT('',#5703);
#5703 = CARTESIAN_POINT('',(1.,-9.964101615138,-7.922141244461));
#5704 = LINE('',#5705,#5706);
#5705 = CARTESIAN_POINT('',(1.,-9.964101615138,-5.5));
#5706 = VECTOR('',#5707,1.);
#5707 = DIRECTION('',(1.33E-15,-4.4E-16,-1.));
#5708 = ORIENTED_EDGE('',*,*,#5709,.F.);
#5709 = EDGE_CURVE('',#5710,#5702,#5712,.T.);
#5710 = VERTEX_POINT('',#5711);
#5711 = CARTESIAN_POINT('',(1.,-9.964101615138,-7.077858755539));
#5712 = ( BOUNDED_CURVE() B_SPLINE_CURVE(4,(#5713,#5714,#5715,#5716,
#5717),.UNSPECIFIED.,.F.,.F.) B_SPLINE_CURVE_WITH_KNOTS((5,5),(
1.577858755539,2.422141244461),.PIECEWISE_BEZIER_KNOTS.) CURVE() 
GEOMETRIC_REPRESENTATION_ITEM() RATIONAL_B_SPLINE_CURVE((1.,1.,1.,1.,1.)
) REPRESENTATION_ITEM('') );
#5713 = CARTESIAN_POINT('',(1.,-9.964101615138,-7.077858755539));
#5714 = CARTESIAN_POINT('',(1.,-9.964101615138,-7.288929377769));
#5715 = CARTESIAN_POINT('',(0.998279023254,-9.964101615138,-7.5));
#5716 = CARTESIAN_POINT('',(1.,-9.964101615138,-7.711070622231));
#5717 = CARTESIAN_POINT('',(1.,-9.964101615138,-7.922141244461));
#5718 = ORIENTED_EDGE('',*,*,#5719,.F.);
#5719 = EDGE_CURVE('',#5274,#5710,#5720,.T.);
#5720 = LINE('',#5721,#5722);
#5721 = CARTESIAN_POINT('',(1.,-9.964101615138,-5.5));
#5722 = VECTOR('',#5723,1.);
#5723 = DIRECTION('',(1.33E-15,-4.4E-16,-1.));
#5724 = PLANE('',#5725);
#5725 = AXIS2_PLACEMENT_3D('',#5726,#5727,#5728);
#5726 = CARTESIAN_POINT('',(1.728E-14,-9.964101615138,-5.5));
#5727 = DIRECTION('',(-7.8E-16,1.,-7.8E-16));
#5728 = DIRECTION('',(1.33E-15,-7.8E-16,-1.));
#5729 = ADVANCED_FACE('',(#5730),#5750,.T.);
#5730 = FACE_BOUND('',#5731,.T.);
#5731 = EDGE_LOOP('',(#5732,#5733,#5743,#5749));
#5732 = ORIENTED_EDGE('',*,*,#5668,.T.);
#5733 = ORIENTED_EDGE('',*,*,#5734,.T.);
#5734 = EDGE_CURVE('',#5661,#5735,#5737,.T.);
#5735 = VERTEX_POINT('',#5736);
#5736 = CARTESIAN_POINT('',(7.E-15,-8.097635849258,-5.577096026015));
#5737 = ( BOUNDED_CURVE() B_SPLINE_CURVE(4,(#5738,#5739,#5740,#5741,
#5742),.UNSPECIFIED.,.F.,.F.) B_SPLINE_CURVE_WITH_KNOTS((5,5),(
1.577858755539,2.422141244462),.PIECEWISE_BEZIER_KNOTS.) CURVE() 
GEOMETRIC_REPRESENTATION_ITEM() RATIONAL_B_SPLINE_CURVE((1.,1.,1.,1.,1.)
) REPRESENTATION_ITEM('') );
#5738 = CARTESIAN_POINT('',(7.81E-15,-7.36646576588,-5.154954781554));
#5739 = CARTESIAN_POINT('',(7.69E-15,-7.567338225999,-5.229174719247));
#5740 = CARTESIAN_POINT('',(7.53E-15,-7.755808277989,-5.324876257957));
#5741 = CARTESIAN_POINT('',(7.93E-15,-7.932923267688,-5.440245341478));
#5742 = CARTESIAN_POINT('',(7.72E-15,-8.097635849258,-5.577096026015));
#5743 = ORIENTED_EDGE('',*,*,#5744,.F.);
#5744 = EDGE_CURVE('',#5282,#5735,#5745,.T.);
#5745 = ( BOUNDED_CURVE() B_SPLINE_CURVE(2,(#5746,#5747,#5748),
.UNSPECIFIED.,.F.,.F.) B_SPLINE_CURVE_WITH_KNOTS((3,3),(0.,
0.844282488923),.PIECEWISE_BEZIER_KNOTS.) CURVE() 
GEOMETRIC_REPRESENTATION_ITEM() RATIONAL_B_SPLINE_CURVE((1.,
0.707106781187,1.)) REPRESENTATION_ITEM('') );
#5746 = CARTESIAN_POINT('',(1.,-8.597635849258,-4.711070622231));
#5747 = CARTESIAN_POINT('',(3.85E-15,-8.597635849258,-4.711070622231));
#5748 = CARTESIAN_POINT('',(7.72E-15,-8.097635849258,-5.577096026015));
#5749 = ORIENTED_EDGE('',*,*,#5289,.F.);
#5750 = ( BOUNDED_SURFACE() B_SPLINE_SURFACE(2,4,(
    (#5751,#5752,#5753,#5754,#5755)
    ,(#5756,#5757,#5758,#5759,#5760)
    ,(#5761,#5762,#5763,#5764,#5765
)),.UNSPECIFIED.,.F.,.F.,.F.) B_SPLINE_SURFACE_WITH_KNOTS((3,3),(5,5),(
    0.,0.844282488923),(1.577858755539,2.422141244462),
.PIECEWISE_BEZIER_KNOTS.) GEOMETRIC_REPRESENTATION_ITEM() 
RATIONAL_B_SPLINE_SURFACE((
    (1.,1.,1.,1.,1.)
    ,(0.707106781187,0.719891228851,0.723606567514,0.719891228851
      ,0.707106781187)
,(1.,1.,1.,1.,1.))) REPRESENTATION_ITEM('') SURFACE() );
#5751 = CARTESIAN_POINT('',(1.,-7.86646576588,-4.288929377769));
#5752 = CARTESIAN_POINT('',(1.,-8.049258286724,-4.394464688885));
#5753 = CARTESIAN_POINT('',(0.998279023254,-8.232050807569,-4.5));
#5754 = CARTESIAN_POINT('',(1.,-8.414843328413,-4.605535311115));
#5755 = CARTESIAN_POINT('',(1.,-8.597635849258,-4.711070622231));
#5756 = CARTESIAN_POINT('',(8.91E-15,-7.86646576588,-4.288929377769));
#5757 = CARTESIAN_POINT('',(3.551772032318E-02,-8.046012099908,
    -4.392590502052));
#5758 = CARTESIAN_POINT('',(4.473626405767E-02,-8.232050807569,-4.5));
#5759 = CARTESIAN_POINT('',(3.551772032318E-02,-8.41808951523,
    -4.607409497948));
#5760 = CARTESIAN_POINT('',(3.85E-15,-8.597635849258,-4.711070622231));
#5761 = CARTESIAN_POINT('',(7.81E-15,-7.36646576588,-5.154954781554));
#5762 = CARTESIAN_POINT('',(7.69E-15,-7.567338225999,-5.229174719247));
#5763 = CARTESIAN_POINT('',(7.53E-15,-7.755808277989,-5.324876257957));
#5764 = CARTESIAN_POINT('',(7.93E-15,-7.932923267688,-5.440245341478));
#5765 = CARTESIAN_POINT('',(7.72E-15,-8.097635849258,-5.577096026015));
#5766 = ADVANCED_FACE('',(#5767),#5786,.T.);
#5767 = FACE_BOUND('',#5768,.T.);
#5768 = EDGE_LOOP('',(#5769,#5770,#5778,#5785));
#5769 = ORIENTED_EDGE('',*,*,#5744,.T.);
#5770 = ORIENTED_EDGE('',*,*,#5771,.T.);
#5771 = EDGE_CURVE('',#5735,#5772,#5774,.T.);
#5772 = VERTEX_POINT('',#5773);
#5773 = CARTESIAN_POINT('',(1.E-14,-8.964101615138,-6.07735026919));
#5774 = LINE('',#5775,#5776);
#5775 = CARTESIAN_POINT('',(9.14E-15,-6.,-4.366025403784));
#5776 = VECTOR('',#5777,1.);
#5777 = DIRECTION('',(6.7E-16,-0.866025403784,-0.5));
#5778 = ORIENTED_EDGE('',*,*,#5779,.F.);
#5779 = EDGE_CURVE('',#5274,#5772,#5780,.T.);
#5780 = ELLIPSE('',#5781,1.154700538379,1.);
#5781 = AXIS2_PLACEMENT_3D('',#5782,#5783,#5784);
#5782 = CARTESIAN_POINT('',(1.,-8.964101615138,-6.07735026919));
#5783 = DIRECTION('',(1.15E-15,-0.5,-0.866025403784));
#5784 = DIRECTION('',(-6.7E-16,-0.866025403784,0.5));
#5785 = ORIENTED_EDGE('',*,*,#5281,.F.);
#5786 = CYLINDRICAL_SURFACE('',#5787,1.);
#5787 = AXIS2_PLACEMENT_3D('',#5788,#5789,#5790);
#5788 = CARTESIAN_POINT('',(1.,-6.,-4.366025403784));
#5789 = DIRECTION('',(6.7E-16,-0.866025403784,-0.5));
#5790 = DIRECTION('',(-8.3E-16,-0.5,0.866025403784));
#5791 = ADVANCED_FACE('',(#5792),#5886,.T.);
#5792 = FACE_BOUND('',#5793,.F.);
#5793 = EDGE_LOOP('',(#5794,#5803,#5804,#5812,#5819,#5820,#5821,#5822,
    #5823,#5830,#5831,#5840,#5850,#5859,#5869,#5878));
#5794 = ORIENTED_EDGE('',*,*,#5795,.F.);
#5795 = EDGE_CURVE('',#5459,#5796,#5798,.T.);
#5796 = VERTEX_POINT('',#5797);
#5797 = CARTESIAN_POINT('',(1.1E-14,-4.902364150742,-9.422903973985));
#5798 = CIRCLE('',#5799,2.5);
#5799 = AXIS2_PLACEMENT_3D('',#5800,#5801,#5802);
#5800 = CARTESIAN_POINT('',(1.438E-14,-6.5,-7.5));
#5801 = DIRECTION('',(-1.,-6.7E-16,-1.E-15));
#5802 = DIRECTION('',(-6.7E-16,1.,-7.8E-16));
#5803 = ORIENTED_EDGE('',*,*,#5483,.T.);
#5804 = ORIENTED_EDGE('',*,*,#5805,.F.);
#5805 = EDGE_CURVE('',#5806,#5484,#5808,.T.);
#5806 = VERTEX_POINT('',#5807);
#5807 = CARTESIAN_POINT('',(-1.3,-4.,-7.5));
#5808 = LINE('',#5809,#5810);
#5809 = CARTESIAN_POINT('',(-1.3,-4.,-7.5));
#5810 = VECTOR('',#5811,1.);
#5811 = DIRECTION('',(1.,-4.4E-16,-1.1E-16));
#5812 = ORIENTED_EDGE('',*,*,#5813,.F.);
#5813 = EDGE_CURVE('',#5806,#5806,#5814,.T.);
#5814 = CIRCLE('',#5815,2.5);
#5815 = AXIS2_PLACEMENT_3D('',#5816,#5817,#5818);
#5816 = CARTESIAN_POINT('',(-1.3,-6.5,-7.5));
#5817 = DIRECTION('',(1.,8.9E-16,1.E-15));
#5818 = DIRECTION('',(-8.9E-16,1.,-7.8E-16));
#5819 = ORIENTED_EDGE('',*,*,#5805,.T.);
#5820 = ORIENTED_EDGE('',*,*,#5544,.T.);
#5821 = ORIENTED_EDGE('',*,*,#5642,.F.);
#5822 = ORIENTED_EDGE('',*,*,#5314,.T.);
#5823 = ORIENTED_EDGE('',*,*,#5824,.F.);
#5824 = EDGE_CURVE('',#5661,#5315,#5825,.T.);
#5825 = CIRCLE('',#5826,2.5);
#5826 = AXIS2_PLACEMENT_3D('',#5827,#5828,#5829);
#5827 = CARTESIAN_POINT('',(1.438E-14,-6.5,-7.5));
#5828 = DIRECTION('',(-1.,-6.7E-16,-1.E-15));
#5829 = DIRECTION('',(-6.7E-16,1.,-7.8E-16));
#5830 = ORIENTED_EDGE('',*,*,#5734,.T.);
#5831 = ORIENTED_EDGE('',*,*,#5832,.F.);
#5832 = EDGE_CURVE('',#5833,#5735,#5835,.T.);
#5833 = VERTEX_POINT('',#5834);
#5834 = CARTESIAN_POINT('',(7.E-15,-8.964101615138,-7.077858755539));
#5835 = CIRCLE('',#5836,2.5);
#5836 = AXIS2_PLACEMENT_3D('',#5837,#5838,#5839);
#5837 = CARTESIAN_POINT('',(1.438E-14,-6.5,-7.5));
#5838 = DIRECTION('',(-1.,-6.7E-16,-1.E-15));
#5839 = DIRECTION('',(-6.7E-16,1.,-7.8E-16));
#5840 = ORIENTED_EDGE('',*,*,#5841,.T.);
#5841 = EDGE_CURVE('',#5833,#5842,#5844,.T.);
#5842 = VERTEX_POINT('',#5843);
#5843 = CARTESIAN_POINT('',(8.E-15,-8.964101615138,-7.922141244461));
#5844 = ( BOUNDED_CURVE() B_SPLINE_CURVE(4,(#5845,#5846,#5847,#5848,
#5849),.UNSPECIFIED.,.F.,.F.) B_SPLINE_CURVE_WITH_KNOTS((5,5),(
1.577858755539,2.422141244461),.PIECEWISE_BEZIER_KNOTS.) CURVE() 
GEOMETRIC_REPRESENTATION_ITEM() RATIONAL_B_SPLINE_CURVE((1.,1.,1.,1.,1.)
) REPRESENTATION_ITEM('') );
#5845 = CARTESIAN_POINT('',(8.16E-15,-8.964101615138,-7.077858755539));
#5846 = CARTESIAN_POINT('',(8.14E-15,-9.000261493688,-7.288929377769));
#5847 = CARTESIAN_POINT('',(8.6E-15,-9.011616555978,-7.5));
#5848 = CARTESIAN_POINT('',(8.57E-15,-9.000261493688,-7.711070622231));
#5849 = CARTESIAN_POINT('',(8.63E-15,-8.964101615138,-7.922141244461));
#5850 = ORIENTED_EDGE('',*,*,#5851,.F.);
#5851 = EDGE_CURVE('',#5852,#5842,#5854,.T.);
#5852 = VERTEX_POINT('',#5853);
#5853 = CARTESIAN_POINT('',(7.E-15,-8.097635849258,-9.422903973985));
#5854 = CIRCLE('',#5855,2.5);
#5855 = AXIS2_PLACEMENT_3D('',#5856,#5857,#5858);
#5856 = CARTESIAN_POINT('',(1.438E-14,-6.5,-7.5));
#5857 = DIRECTION('',(-1.,-6.7E-16,-1.E-15));
#5858 = DIRECTION('',(-6.7E-16,1.,-7.8E-16));
#5859 = ORIENTED_EDGE('',*,*,#5860,.T.);
#5860 = EDGE_CURVE('',#5852,#5861,#5863,.T.);
#5861 = VERTEX_POINT('',#5862);
#5862 = CARTESIAN_POINT('',(1.E-14,-7.36646576588,-9.845045218446));
#5863 = ( BOUNDED_CURVE() B_SPLINE_CURVE(4,(#5864,#5865,#5866,#5867,
#5868),.UNSPECIFIED.,.F.,.F.) B_SPLINE_CURVE_WITH_KNOTS((5,5),(
1.577858755539,2.422141244462),.PIECEWISE_BEZIER_KNOTS.) CURVE() 
GEOMETRIC_REPRESENTATION_ITEM() RATIONAL_B_SPLINE_CURVE((1.,1.,1.,1.,1.)
) REPRESENTATION_ITEM('') );
#5864 = CARTESIAN_POINT('',(9.85E-15,-8.097635849258,-9.422903973985));
#5865 = CARTESIAN_POINT('',(1.022E-14,-7.932923267688,-9.559754658522));
#5866 = CARTESIAN_POINT('',(1.007E-14,-7.755808277989,-9.675123742043));
#5867 = CARTESIAN_POINT('',(1.047E-14,-7.567338225999,-9.770825280753));
#5868 = CARTESIAN_POINT('',(1.041E-14,-7.36646576588,-9.845045218446));
#5869 = ORIENTED_EDGE('',*,*,#5870,.F.);
#5870 = EDGE_CURVE('',#5871,#5861,#5873,.T.);
#5871 = VERTEX_POINT('',#5872);
#5872 = CARTESIAN_POINT('',(9.E-15,-5.63353423412,-9.845045218446));
#5873 = CIRCLE('',#5874,2.5);
#5874 = AXIS2_PLACEMENT_3D('',#5875,#5876,#5877);
#5875 = CARTESIAN_POINT('',(1.438E-14,-6.5,-7.5));
#5876 = DIRECTION('',(-1.,-6.7E-16,-1.E-15));
#5877 = DIRECTION('',(-6.7E-16,1.,-7.8E-16));
#5878 = ORIENTED_EDGE('',*,*,#5879,.T.);
#5879 = EDGE_CURVE('',#5871,#5796,#5880,.T.);
#5880 = ( BOUNDED_CURVE() B_SPLINE_CURVE(4,(#5881,#5882,#5883,#5884,
#5885),.UNSPECIFIED.,.F.,.F.) B_SPLINE_CURVE_WITH_KNOTS((5,5),(
1.577858755539,2.422141244461),.PIECEWISE_BEZIER_KNOTS.) CURVE() 
GEOMETRIC_REPRESENTATION_ITEM() RATIONAL_B_SPLINE_CURVE((1.,1.,1.,1.,1.)
) REPRESENTATION_ITEM('') );
#5881 = CARTESIAN_POINT('',(1.118E-14,-5.63353423412,-9.845045218446));
#5882 = CARTESIAN_POINT('',(1.13E-14,-5.432661774001,-9.770825280753));
#5883 = CARTESIAN_POINT('',(1.118E-14,-5.244191722011,-9.675123742043));
#5884 = CARTESIAN_POINT('',(1.128E-14,-5.067076732312,-9.559754658522));
#5885 = CARTESIAN_POINT('',(1.127E-14,-4.902364150742,-9.422903973985));
#5886 = CYLINDRICAL_SURFACE('',#5887,2.5);
#5887 = AXIS2_PLACEMENT_3D('',#5888,#5889,#5890);
#5888 = CARTESIAN_POINT('',(-1.3,-6.5,-7.5));
#5889 = DIRECTION('',(-1.,2.2E-16,-1.1E-16));
#5890 = DIRECTION('',(2.2E-16,1.,-7.8E-16));
#5891 = ADVANCED_FACE('',(#5892),#5897,.F.);
#5892 = FACE_BOUND('',#5893,.F.);
#5893 = EDGE_LOOP('',(#5894,#5895,#5896));
#5894 = ORIENTED_EDGE('',*,*,#5824,.T.);
#5895 = ORIENTED_EDGE('',*,*,#5351,.T.);
#5896 = ORIENTED_EDGE('',*,*,#5660,.T.);
#5897 = PLANE('',#5898);
#5898 = AXIS2_PLACEMENT_3D('',#5899,#5900,#5901);
#5899 = CARTESIAN_POINT('',(1.793E-14,-6.5,-7.5));
#5900 = DIRECTION('',(1.,-5.6E-16,-4.4E-16));
#5901 = DIRECTION('',(4.4E-16,-7.8E-16,1.));
#5902 = ADVANCED_FACE('',(#5903),#5937,.F.);
#5903 = FACE_BOUND('',#5904,.F.);
#5904 = EDGE_LOOP('',(#5905,#5906,#5912,#5913,#5921,#5931));
#5905 = ORIENTED_EDGE('',*,*,#5693,.T.);
#5906 = ORIENTED_EDGE('',*,*,#5907,.T.);
#5907 = EDGE_CURVE('',#5686,#5378,#5908,.T.);
#5908 = LINE('',#5909,#5910);
#5909 = CARTESIAN_POINT('',(2.,-9.964101615138,-9.5));
#5910 = VECTOR('',#5911,1.);
#5911 = DIRECTION('',(6.7E-16,0.866025403784,-0.5));
#5912 = ORIENTED_EDGE('',*,*,#5375,.F.);
#5913 = ORIENTED_EDGE('',*,*,#5914,.F.);
#5914 = EDGE_CURVE('',#5915,#5376,#5917,.T.);
#5915 = VERTEX_POINT('',#5916);
#5916 = CARTESIAN_POINT('',(1.,-7.86646576588,-10.71107062223));
#5917 = LINE('',#5918,#5919);
#5918 = CARTESIAN_POINT('',(1.,-9.964101615138,-9.5));
#5919 = VECTOR('',#5920,1.);
#5920 = DIRECTION('',(6.7E-16,0.866025403784,-0.5));
#5921 = ORIENTED_EDGE('',*,*,#5922,.F.);
#5922 = EDGE_CURVE('',#5923,#5915,#5925,.T.);
#5923 = VERTEX_POINT('',#5924);
#5924 = CARTESIAN_POINT('',(1.,-8.597635849258,-10.28892937776));
#5925 = ( BOUNDED_CURVE() B_SPLINE_CURVE(4,(#5926,#5927,#5928,#5929,
#5930),.UNSPECIFIED.,.F.,.F.) B_SPLINE_CURVE_WITH_KNOTS((5,5),(
1.577858755539,2.422141244462),.PIECEWISE_BEZIER_KNOTS.) CURVE() 
GEOMETRIC_REPRESENTATION_ITEM() RATIONAL_B_SPLINE_CURVE((1.,1.,1.,1.,1.)
) REPRESENTATION_ITEM('') );
#5926 = CARTESIAN_POINT('',(1.,-8.597635849258,-10.28892937776));
#5927 = CARTESIAN_POINT('',(1.,-8.414843328413,-10.39446468888));
#5928 = CARTESIAN_POINT('',(0.998279023254,-8.232050807569,-10.5));
#5929 = CARTESIAN_POINT('',(1.,-8.049258286724,-10.60553531111));
#5930 = CARTESIAN_POINT('',(1.,-7.86646576588,-10.71107062223));
#5931 = ORIENTED_EDGE('',*,*,#5932,.F.);
#5932 = EDGE_CURVE('',#5694,#5923,#5933,.T.);
#5933 = LINE('',#5934,#5935);
#5934 = CARTESIAN_POINT('',(1.,-9.964101615138,-9.5));
#5935 = VECTOR('',#5936,1.);
#5936 = DIRECTION('',(6.7E-16,0.866025403784,-0.5));
#5937 = PLANE('',#5938);
#5938 = AXIS2_PLACEMENT_3D('',#5939,#5940,#5941);
#5939 = CARTESIAN_POINT('',(2.261E-14,-9.964101615138,-9.5));
#5940 = DIRECTION('',(-1.35E-15,0.5,0.866025403784));
#5941 = DIRECTION('',(-2.E-16,0.866025403784,-0.5));
#5942 = ADVANCED_FACE('',(#5943),#5955,.T.);
#5943 = FACE_BOUND('',#5944,.T.);
#5944 = EDGE_LOOP('',(#5945,#5952,#5953,#5954));
#5945 = ORIENTED_EDGE('',*,*,#5946,.T.);
#5946 = EDGE_CURVE('',#5574,#5378,#5947,.T.);
#5947 = ELLIPSE('',#5948,0.230940107676,0.2);
#5948 = AXIS2_PLACEMENT_3D('',#5949,#5950,#5951);
#5949 = CARTESIAN_POINT('',(2.,-6.5,-11.26905989232));
#5950 = DIRECTION('',(5.820407955809E-46,1.,-6.04E-15));
#5951 = DIRECTION('',(-1.33E-15,6.04E-15,1.));
#5952 = ORIENTED_EDGE('',*,*,#5385,.T.);
#5953 = ORIENTED_EDGE('',*,*,#5424,.F.);
#5954 = ORIENTED_EDGE('',*,*,#5573,.F.);
#5955 = CYLINDRICAL_SURFACE('',#5956,0.2);
#5956 = AXIS2_PLACEMENT_3D('',#5957,#5958,#5959);
#5957 = CARTESIAN_POINT('',(2.,-6.6,-11.32679491924));
#5958 = DIRECTION('',(-6.7E-16,0.866025403784,0.5));
#5959 = DIRECTION('',(1.,4.330127018933E-18,1.3325E-15));
#5960 = ADVANCED_FACE('',(#5961),#5986,.T.);
#5961 = FACE_BOUND('',#5962,.F.);
#5962 = EDGE_LOOP('',(#5963,#5972,#5973,#5980));
#5963 = ORIENTED_EDGE('',*,*,#5964,.T.);
#5964 = EDGE_CURVE('',#5965,#5376,#5967,.T.);
#5965 = VERTEX_POINT('',#5966);
#5966 = CARTESIAN_POINT('',(8.E-15,-6.5,-10.34529946162));
#5967 = ELLIPSE('',#5968,1.154700538379,1.);
#5968 = AXIS2_PLACEMENT_3D('',#5969,#5970,#5971);
#5969 = CARTESIAN_POINT('',(1.,-6.5,-10.34529946162));
#5970 = DIRECTION('',(-5.820407955809E-46,-1.,6.04E-15));
#5971 = DIRECTION('',(1.33E-15,-6.04E-15,-1.));
#5972 = ORIENTED_EDGE('',*,*,#5410,.T.);
#5973 = ORIENTED_EDGE('',*,*,#5974,.F.);
#5974 = EDGE_CURVE('',#5871,#5401,#5975,.T.);
#5975 = CIRCLE('',#5976,1.);
#5976 = AXIS2_PLACEMENT_3D('',#5977,#5978,#5979);
#5977 = CARTESIAN_POINT('',(1.,-5.63353423412,-9.845045218446));
#5978 = DIRECTION('',(6.7E-16,-0.866025403784,-0.5));
#5979 = DIRECTION('',(-1.,-4.330127018933E-18,-1.3325E-15));
#5980 = ORIENTED_EDGE('',*,*,#5981,.F.);
#5981 = EDGE_CURVE('',#5965,#5871,#5982,.T.);
#5982 = LINE('',#5983,#5984);
#5983 = CARTESIAN_POINT('',(1.051E-14,-7.,-10.63397459621));
#5984 = VECTOR('',#5985,1.);
#5985 = DIRECTION('',(-6.7E-16,0.866025403784,0.5));
#5986 = CYLINDRICAL_SURFACE('',#5987,1.);
#5987 = AXIS2_PLACEMENT_3D('',#5988,#5989,#5990);
#5988 = CARTESIAN_POINT('',(1.,-7.,-10.63397459621));
#5989 = DIRECTION('',(-6.7E-16,0.866025403784,0.5));
#5990 = DIRECTION('',(-1.,-4.330127018933E-18,-1.3325E-15));
#5991 = ADVANCED_FACE('',(#5992),#6003,.T.);
#5992 = FACE_BOUND('',#5993,.T.);
#5993 = EDGE_LOOP('',(#5994,#5995,#5996,#6002));
#5994 = ORIENTED_EDGE('',*,*,#5974,.F.);
#5995 = ORIENTED_EDGE('',*,*,#5879,.T.);
#5996 = ORIENTED_EDGE('',*,*,#5997,.T.);
#5997 = EDGE_CURVE('',#5796,#5393,#5998,.T.);
#5998 = ( BOUNDED_CURVE() B_SPLINE_CURVE(2,(#5999,#6000,#6001),
.UNSPECIFIED.,.F.,.F.) B_SPLINE_CURVE_WITH_KNOTS((3,3),(0.,
0.844282488923),.PIECEWISE_BEZIER_KNOTS.) CURVE() 
GEOMETRIC_REPRESENTATION_ITEM() RATIONAL_B_SPLINE_CURVE((1.,
0.707106781187,1.)) REPRESENTATION_ITEM('') );
#5999 = CARTESIAN_POINT('',(1.127E-14,-4.902364150742,-9.422903973985));
#6000 = CARTESIAN_POINT('',(1.014E-14,-4.402364150742,-10.28892937776));
#6001 = CARTESIAN_POINT('',(1.,-4.402364150742,-10.28892937776));
#6002 = ORIENTED_EDGE('',*,*,#5400,.F.);
#6003 = ( BOUNDED_SURFACE() B_SPLINE_SURFACE(2,4,(
    (#6004,#6005,#6006,#6007,#6008)
    ,(#6009,#6010,#6011,#6012,#6013)
    ,(#6014,#6015,#6016,#6017,#6018
)),.UNSPECIFIED.,.F.,.F.,.F.) B_SPLINE_SURFACE_WITH_KNOTS((3,3),(5,5),(
    0.,0.844282488923),(1.577858755539,2.422141244461),
.PIECEWISE_BEZIER_KNOTS.) GEOMETRIC_REPRESENTATION_ITEM() 
RATIONAL_B_SPLINE_SURFACE((
    (1.,1.,1.,1.,1.)
    ,(0.707106781187,0.719891228851,0.723606567514,0.719891228851
      ,0.707106781187)
,(1.,1.,1.,1.,1.))) REPRESENTATION_ITEM('') SURFACE() );
#6004 = CARTESIAN_POINT('',(1.,-5.13353423412,-10.71107062223));
#6005 = CARTESIAN_POINT('',(1.,-4.950741713276,-10.60553531111));
#6006 = CARTESIAN_POINT('',(0.998279023254,-4.767949192431,-10.5));
#6007 = CARTESIAN_POINT('',(1.,-4.585156671587,-10.39446468888));
#6008 = CARTESIAN_POINT('',(1.,-4.402364150742,-10.28892937776));
#6009 = CARTESIAN_POINT('',(1.312E-14,-5.13353423412,-10.71107062223));
#6010 = CARTESIAN_POINT('',(3.551772032317E-02,-4.953987900092,
    -10.60740949794));
#6011 = CARTESIAN_POINT('',(4.473626405766E-02,-4.767949192431,-10.5));
#6012 = CARTESIAN_POINT('',(3.551772032317E-02,-4.581910484771,
    -10.39259050205));
#6013 = CARTESIAN_POINT('',(1.014E-14,-4.402364150742,-10.28892937776));
#6014 = CARTESIAN_POINT('',(1.118E-14,-5.63353423412,-9.845045218446));
#6015 = CARTESIAN_POINT('',(1.13E-14,-5.432661774001,-9.770825280753));
#6016 = CARTESIAN_POINT('',(1.118E-14,-5.244191722011,-9.675123742043));
#6017 = CARTESIAN_POINT('',(1.128E-14,-5.067076732312,-9.559754658522));
#6018 = CARTESIAN_POINT('',(1.127E-14,-4.902364150742,-9.422903973985));
#6019 = ADVANCED_FACE('',(#6020),#6031,.T.);
#6020 = FACE_BOUND('',#6021,.F.);
#6021 = EDGE_LOOP('',(#6022,#6023,#6024,#6025));
#6022 = ORIENTED_EDGE('',*,*,#5997,.T.);
#6023 = ORIENTED_EDGE('',*,*,#5392,.T.);
#6024 = ORIENTED_EDGE('',*,*,#5449,.F.);
#6025 = ORIENTED_EDGE('',*,*,#6026,.F.);
#6026 = EDGE_CURVE('',#5796,#5450,#6027,.T.);
#6027 = LINE('',#6028,#6029);
#6028 = CARTESIAN_POINT('',(1.051E-14,-7.,-10.63397459621));
#6029 = VECTOR('',#6030,1.);
#6030 = DIRECTION('',(-6.7E-16,0.866025403784,0.5));
#6031 = CYLINDRICAL_SURFACE('',#6032,1.);
#6032 = AXIS2_PLACEMENT_3D('',#6033,#6034,#6035);
#6033 = CARTESIAN_POINT('',(1.,-7.,-10.63397459621));
#6034 = DIRECTION('',(-6.7E-16,0.866025403784,0.5));
#6035 = DIRECTION('',(-1.,-4.330127018933E-18,-1.3325E-15));
#6036 = ADVANCED_FACE('',(#6037),#6042,.F.);
#6037 = FACE_BOUND('',#6038,.F.);
#6038 = EDGE_LOOP('',(#6039,#6040,#6041));
#6039 = ORIENTED_EDGE('',*,*,#5795,.T.);
#6040 = ORIENTED_EDGE('',*,*,#6026,.T.);
#6041 = ORIENTED_EDGE('',*,*,#5458,.T.);
#6042 = PLANE('',#6043);
#6043 = AXIS2_PLACEMENT_3D('',#6044,#6045,#6046);
#6044 = CARTESIAN_POINT('',(1.793E-14,-6.5,-7.5));
#6045 = DIRECTION('',(1.,-5.6E-16,-4.4E-16));
#6046 = DIRECTION('',(4.4E-16,-7.8E-16,1.));
#6047 = ADVANCED_FACE('',(#6048),#6060,.T.);
#6048 = FACE_BOUND('',#6049,.T.);
#6049 = EDGE_LOOP('',(#6050,#6057,#6058,#6059));
#6050 = ORIENTED_EDGE('',*,*,#6051,.T.);
#6051 = EDGE_CURVE('',#5592,#5686,#6052,.T.);
#6052 = ELLIPSE('',#6053,0.230940107676,0.2);
#6053 = AXIS2_PLACEMENT_3D('',#6054,#6055,#6056);
#6054 = CARTESIAN_POINT('',(2.,-9.764101615138,-9.384529946162));
#6055 = DIRECTION('',(1.15E-15,0.5,-0.866025403784));
#6056 = DIRECTION('',(6.7E-16,-0.866025403784,-0.5));
#6057 = ORIENTED_EDGE('',*,*,#5907,.T.);
#6058 = ORIENTED_EDGE('',*,*,#5946,.F.);
#6059 = ORIENTED_EDGE('',*,*,#5599,.F.);
#6060 = CYLINDRICAL_SURFACE('',#6061,0.2);
#6061 = AXIS2_PLACEMENT_3D('',#6062,#6063,#6064);
#6062 = CARTESIAN_POINT('',(2.,-9.864101615138,-9.326794919243));
#6063 = DIRECTION('',(6.7E-16,0.866025403784,-0.5));
#6064 = DIRECTION('',(1.,-4.330127018921E-18,1.3325E-15));
#6065 = ADVANCED_FACE('',(#6066),#6072,.T.);
#6066 = FACE_BOUND('',#6067,.T.);
#6067 = EDGE_LOOP('',(#6068,#6069,#6070,#6071));
#6068 = ORIENTED_EDGE('',*,*,#5626,.T.);
#6069 = ORIENTED_EDGE('',*,*,#5685,.T.);
#6070 = ORIENTED_EDGE('',*,*,#6051,.F.);
#6071 = ORIENTED_EDGE('',*,*,#5591,.F.);
#6072 = CYLINDRICAL_SURFACE('',#6073,0.2);
#6073 = AXIS2_PLACEMENT_3D('',#6074,#6075,#6076);
#6074 = CARTESIAN_POINT('',(2.,-9.764101615138,-5.5));
#6075 = DIRECTION('',(1.33E-15,-4.4E-16,-1.));
#6076 = DIRECTION('',(1.,0.,1.33E-15));
#6077 = ADVANCED_FACE('',(#6078),#6097,.T.);
#6078 = FACE_BOUND('',#6079,.F.);
#6079 = EDGE_LOOP('',(#6080,#6088,#6089,#6090));
#6080 = ORIENTED_EDGE('',*,*,#6081,.F.);
#6081 = EDGE_CURVE('',#5608,#6082,#6084,.T.);
#6082 = VERTEX_POINT('',#6083);
#6083 = CARTESIAN_POINT('',(5.1,-4.,-7.5));
#6084 = LINE('',#6085,#6086);
#6085 = CARTESIAN_POINT('',(-1.3,-4.,-7.5));
#6086 = VECTOR('',#6087,1.);
#6087 = DIRECTION('',(1.,-4.4E-16,-1.1E-16));
#6088 = ORIENTED_EDGE('',*,*,#5607,.T.);
#6089 = ORIENTED_EDGE('',*,*,#6081,.T.);
#6090 = ORIENTED_EDGE('',*,*,#6091,.T.);
#6091 = EDGE_CURVE('',#6082,#6082,#6092,.T.);
#6092 = CIRCLE('',#6093,2.5);
#6093 = AXIS2_PLACEMENT_3D('',#6094,#6095,#6096);
#6094 = CARTESIAN_POINT('',(5.1,-6.5,-7.5));
#6095 = DIRECTION('',(1.,8.9E-16,1.E-15));
#6096 = DIRECTION('',(-8.9E-16,1.,-7.8E-16));
#6097 = CYLINDRICAL_SURFACE('',#6098,2.5);
#6098 = AXIS2_PLACEMENT_3D('',#6099,#6100,#6101);
#6099 = CARTESIAN_POINT('',(-1.3,-6.5,-7.5));
#6100 = DIRECTION('',(-1.,2.2E-16,-1.1E-16));
#6101 = DIRECTION('',(2.2E-16,1.,-7.8E-16));
#6102 = ADVANCED_FACE('',(#6103),#6120,.T.);
#6103 = FACE_BOUND('',#6104,.F.);
#6104 = EDGE_LOOP('',(#6105,#6106,#6107,#6114));
#6105 = ORIENTED_EDGE('',*,*,#5779,.F.);
#6106 = ORIENTED_EDGE('',*,*,#5719,.T.);
#6107 = ORIENTED_EDGE('',*,*,#6108,.F.);
#6108 = EDGE_CURVE('',#5833,#5710,#6109,.T.);
#6109 = CIRCLE('',#6110,1.);
#6110 = AXIS2_PLACEMENT_3D('',#6111,#6112,#6113);
#6111 = CARTESIAN_POINT('',(1.,-8.964101615138,-7.077858755539));
#6112 = DIRECTION('',(-1.33E-15,4.4E-16,1.));
#6113 = DIRECTION('',(-1.,0.,-1.33E-15));
#6114 = ORIENTED_EDGE('',*,*,#6115,.F.);
#6115 = EDGE_CURVE('',#5772,#5833,#6116,.T.);
#6116 = LINE('',#6117,#6118);
#6117 = CARTESIAN_POINT('',(6.16E-15,-8.964101615138,-5.5));
#6118 = VECTOR('',#6119,1.);
#6119 = DIRECTION('',(1.33E-15,-4.4E-16,-1.));
#6120 = CYLINDRICAL_SURFACE('',#6121,1.);
#6121 = AXIS2_PLACEMENT_3D('',#6122,#6123,#6124);
#6122 = CARTESIAN_POINT('',(1.,-8.964101615138,-5.5));
#6123 = DIRECTION('',(1.33E-15,-4.4E-16,-1.));
#6124 = DIRECTION('',(-1.,0.,-1.33E-15));
#6125 = ADVANCED_FACE('',(#6126),#6137,.T.);
#6126 = FACE_BOUND('',#6127,.T.);
#6127 = EDGE_LOOP('',(#6128,#6129,#6130,#6136));
#6128 = ORIENTED_EDGE('',*,*,#6108,.F.);
#6129 = ORIENTED_EDGE('',*,*,#5841,.T.);
#6130 = ORIENTED_EDGE('',*,*,#6131,.T.);
#6131 = EDGE_CURVE('',#5842,#5702,#6132,.T.);
#6132 = ( BOUNDED_CURVE() B_SPLINE_CURVE(2,(#6133,#6134,#6135),
.UNSPECIFIED.,.F.,.F.) B_SPLINE_CURVE_WITH_KNOTS((3,3),(0.,
0.844282488923),.PIECEWISE_BEZIER_KNOTS.) CURVE() 
GEOMETRIC_REPRESENTATION_ITEM() RATIONAL_B_SPLINE_CURVE((1.,
0.707106781187,1.)) REPRESENTATION_ITEM('') );
#6133 = CARTESIAN_POINT('',(8.63E-15,-8.964101615138,-7.922141244461));
#6134 = CARTESIAN_POINT('',(8.43E-15,-9.964101615138,-7.922141244461));
#6135 = CARTESIAN_POINT('',(1.,-9.964101615138,-7.922141244461));
#6136 = ORIENTED_EDGE('',*,*,#5709,.F.);
#6137 = ( BOUNDED_SURFACE() B_SPLINE_SURFACE(2,4,(
    (#6138,#6139,#6140,#6141,#6142)
    ,(#6143,#6144,#6145,#6146,#6147)
    ,(#6148,#6149,#6150,#6151,#6152
)),.UNSPECIFIED.,.F.,.F.,.F.) B_SPLINE_SURFACE_WITH_KNOTS((3,3),(5,5),(
    0.,0.844282488923),(1.577858755539,2.422141244461),
.PIECEWISE_BEZIER_KNOTS.) GEOMETRIC_REPRESENTATION_ITEM() 
RATIONAL_B_SPLINE_SURFACE((
    (1.,1.,1.,1.,1.)
    ,(0.707106781187,0.719891228851,0.723606567514,0.719891228851
      ,0.707106781187)
,(1.,1.,1.,1.,1.))) REPRESENTATION_ITEM('') SURFACE() );
#6138 = CARTESIAN_POINT('',(1.,-9.964101615138,-7.077858755539));
#6139 = CARTESIAN_POINT('',(1.,-9.964101615138,-7.288929377769));
#6140 = CARTESIAN_POINT('',(0.998279023254,-9.964101615138,-7.5));
#6141 = CARTESIAN_POINT('',(1.,-9.964101615138,-7.711070622231));
#6142 = CARTESIAN_POINT('',(1.,-9.964101615138,-7.922141244461));
#6143 = CARTESIAN_POINT('',(6.34E-15,-9.964101615138,-7.077858755539));
#6144 = CARTESIAN_POINT('',(3.551772032318E-02,-9.964101615138,
    -7.285181004105));
#6145 = CARTESIAN_POINT('',(4.473626405768E-02,-9.964101615138,-7.5));
#6146 = CARTESIAN_POINT('',(3.551772032318E-02,-9.964101615138,
    -7.714818995895));
#6147 = CARTESIAN_POINT('',(8.43E-15,-9.964101615138,-7.922141244461));
#6148 = CARTESIAN_POINT('',(8.16E-15,-8.964101615138,-7.077858755539));
#6149 = CARTESIAN_POINT('',(8.14E-15,-9.000261493688,-7.288929377769));
#6150 = CARTESIAN_POINT('',(8.6E-15,-9.011616555978,-7.5));
#6151 = CARTESIAN_POINT('',(8.57E-15,-9.000261493688,-7.711070622231));
#6152 = CARTESIAN_POINT('',(8.63E-15,-8.964101615138,-7.922141244461));
#6153 = ADVANCED_FACE('',(#6154),#6173,.T.);
#6154 = FACE_BOUND('',#6155,.F.);
#6155 = EDGE_LOOP('',(#6156,#6157,#6158,#6167));
#6156 = ORIENTED_EDGE('',*,*,#6131,.T.);
#6157 = ORIENTED_EDGE('',*,*,#5701,.T.);
#6158 = ORIENTED_EDGE('',*,*,#6159,.F.);
#6159 = EDGE_CURVE('',#6160,#5694,#6162,.T.);
#6160 = VERTEX_POINT('',#6161);
#6161 = CARTESIAN_POINT('',(6.E-15,-8.964101615138,-8.92264973081));
#6162 = ELLIPSE('',#6163,1.154700538379,1.);
#6163 = AXIS2_PLACEMENT_3D('',#6164,#6165,#6166);
#6164 = CARTESIAN_POINT('',(1.,-8.964101615138,-8.92264973081));
#6165 = DIRECTION('',(-1.15E-15,-0.5,0.866025403784));
#6166 = DIRECTION('',(-6.7E-16,0.866025403784,0.5));
#6167 = ORIENTED_EDGE('',*,*,#6168,.F.);
#6168 = EDGE_CURVE('',#5842,#6160,#6169,.T.);
#6169 = LINE('',#6170,#6171);
#6170 = CARTESIAN_POINT('',(6.16E-15,-8.964101615138,-5.5));
#6171 = VECTOR('',#6172,1.);
#6172 = DIRECTION('',(1.33E-15,-4.4E-16,-1.));
#6173 = CYLINDRICAL_SURFACE('',#6174,1.);
#6174 = AXIS2_PLACEMENT_3D('',#6175,#6176,#6177);
#6175 = CARTESIAN_POINT('',(1.,-8.964101615138,-5.5));
#6176 = DIRECTION('',(1.33E-15,-4.4E-16,-1.));
#6177 = DIRECTION('',(-1.,0.,-1.33E-15));
#6178 = ADVANCED_FACE('',(#6179),#6184,.F.);
#6179 = FACE_BOUND('',#6180,.F.);
#6180 = EDGE_LOOP('',(#6181,#6182,#6183));
#6181 = ORIENTED_EDGE('',*,*,#5832,.T.);
#6182 = ORIENTED_EDGE('',*,*,#5771,.T.);
#6183 = ORIENTED_EDGE('',*,*,#6115,.T.);
#6184 = PLANE('',#6185);
#6185 = AXIS2_PLACEMENT_3D('',#6186,#6187,#6188);
#6186 = CARTESIAN_POINT('',(1.793E-14,-6.5,-7.5));
#6187 = DIRECTION('',(1.,-5.6E-16,-4.4E-16));
#6188 = DIRECTION('',(4.4E-16,-7.8E-16,1.));
#6189 = ADVANCED_FACE('',(#6190),#6200,.F.);
#6190 = FACE_BOUND('',#6191,.F.);
#6191 = EDGE_LOOP('',(#6192,#6193,#6199));
#6192 = ORIENTED_EDGE('',*,*,#5870,.T.);
#6193 = ORIENTED_EDGE('',*,*,#6194,.T.);
#6194 = EDGE_CURVE('',#5861,#5965,#6195,.T.);
#6195 = LINE('',#6196,#6197);
#6196 = CARTESIAN_POINT('',(6.73E-15,-9.464101615138,-8.633974596216));
#6197 = VECTOR('',#6198,1.);
#6198 = DIRECTION('',(6.7E-16,0.866025403784,-0.5));
#6199 = ORIENTED_EDGE('',*,*,#5981,.T.);
#6200 = PLANE('',#6201);
#6201 = AXIS2_PLACEMENT_3D('',#6202,#6203,#6204);
#6202 = CARTESIAN_POINT('',(1.793E-14,-6.5,-7.5));
#6203 = DIRECTION('',(1.,-5.6E-16,-4.4E-16));
#6204 = DIRECTION('',(4.4E-16,-7.8E-16,1.));
#6205 = ADVANCED_FACE('',(#6206,#6209),#6220,.F.);
#6206 = FACE_BOUND('',#6207,.F.);
#6207 = EDGE_LOOP('',(#6208));
#6208 = ORIENTED_EDGE('',*,*,#5813,.T.);
#6209 = FACE_BOUND('',#6210,.F.);
#6210 = EDGE_LOOP('',(#6211));
#6211 = ORIENTED_EDGE('',*,*,#6212,.F.);
#6212 = EDGE_CURVE('',#6213,#6213,#6215,.T.);
#6213 = VERTEX_POINT('',#6214);
#6214 = CARTESIAN_POINT('',(-1.3,-5.5,-7.5));
#6215 = CIRCLE('',#6216,1.);
#6216 = AXIS2_PLACEMENT_3D('',#6217,#6218,#6219);
#6217 = CARTESIAN_POINT('',(-1.3,-6.5,-7.5));
#6218 = DIRECTION('',(1.,-7.948611779637E-48,3.3E-16));
#6219 = DIRECTION('',(1.089E-31,1.,-3.3E-16));
#6220 = PLANE('',#6221);
#6221 = AXIS2_PLACEMENT_3D('',#6222,#6223,#6224);
#6222 = CARTESIAN_POINT('',(-1.3,-6.5,-7.5));
#6223 = DIRECTION('',(1.,-4.4E-16,-3.3E-16));
#6224 = DIRECTION('',(3.3E-16,-5.6E-16,1.));
#6225 = ADVANCED_FACE('',(#6226),#6243,.T.);
#6226 = FACE_BOUND('',#6227,.T.);
#6227 = EDGE_LOOP('',(#6228,#6235,#6236,#6242));
#6228 = ORIENTED_EDGE('',*,*,#6229,.F.);
#6229 = EDGE_CURVE('',#5852,#5923,#6230,.T.);
#6230 = CIRCLE('',#6231,1.);
#6231 = AXIS2_PLACEMENT_3D('',#6232,#6233,#6234);
#6232 = CARTESIAN_POINT('',(1.,-8.097635849258,-9.422903973985));
#6233 = DIRECTION('',(-6.7E-16,-0.866025403784,0.5));
#6234 = DIRECTION('',(-1.,4.330127018921E-18,-1.3325E-15));
#6235 = ORIENTED_EDGE('',*,*,#5860,.T.);
#6236 = ORIENTED_EDGE('',*,*,#6237,.T.);
#6237 = EDGE_CURVE('',#5861,#5915,#6238,.T.);
#6238 = ( BOUNDED_CURVE() B_SPLINE_CURVE(2,(#6239,#6240,#6241),
.UNSPECIFIED.,.F.,.F.) B_SPLINE_CURVE_WITH_KNOTS((3,3),(0.,
0.844282488923),.PIECEWISE_BEZIER_KNOTS.) CURVE() 
GEOMETRIC_REPRESENTATION_ITEM() RATIONAL_B_SPLINE_CURVE((1.,
0.707106781187,1.)) REPRESENTATION_ITEM('') );
#6239 = CARTESIAN_POINT('',(1.041E-14,-7.36646576588,-9.845045218446));
#6240 = CARTESIAN_POINT('',(8.18E-15,-7.86646576588,-10.71107062223));
#6241 = CARTESIAN_POINT('',(1.,-7.86646576588,-10.71107062223));
#6242 = ORIENTED_EDGE('',*,*,#5922,.F.);
#6243 = ( BOUNDED_SURFACE() B_SPLINE_SURFACE(2,4,(
    (#6244,#6245,#6246,#6247,#6248)
    ,(#6249,#6250,#6251,#6252,#6253)
    ,(#6254,#6255,#6256,#6257,#6258
)),.UNSPECIFIED.,.F.,.F.,.F.) B_SPLINE_SURFACE_WITH_KNOTS((3,3),(5,5),(
    0.,0.844282488923),(1.577858755539,2.422141244462),
.PIECEWISE_BEZIER_KNOTS.) GEOMETRIC_REPRESENTATION_ITEM() 
RATIONAL_B_SPLINE_SURFACE((
    (1.,1.,1.,1.,1.)
    ,(0.707106781187,0.719891228851,0.723606567514,0.719891228851
      ,0.707106781187)
,(1.,1.,1.,1.,1.))) REPRESENTATION_ITEM('') SURFACE() );
#6244 = CARTESIAN_POINT('',(1.,-8.597635849258,-10.28892937776));
#6245 = CARTESIAN_POINT('',(1.,-8.414843328413,-10.39446468888));
#6246 = CARTESIAN_POINT('',(0.998279023254,-8.232050807569,-10.5));
#6247 = CARTESIAN_POINT('',(1.,-8.049258286724,-10.60553531111));
#6248 = CARTESIAN_POINT('',(1.,-7.86646576588,-10.71107062223));
#6249 = CARTESIAN_POINT('',(1.48E-14,-8.597635849258,-10.28892937776));
#6250 = CARTESIAN_POINT('',(3.551772032319E-02,-8.41808951523,
    -10.39259050205));
#6251 = CARTESIAN_POINT('',(4.473626405768E-02,-8.232050807569,-10.5));
#6252 = CARTESIAN_POINT('',(3.551772032318E-02,-8.046012099908,
    -10.60740949794));
#6253 = CARTESIAN_POINT('',(8.18E-15,-7.86646576588,-10.71107062223));
#6254 = CARTESIAN_POINT('',(9.85E-15,-8.097635849258,-9.422903973985));
#6255 = CARTESIAN_POINT('',(1.022E-14,-7.932923267688,-9.559754658522));
#6256 = CARTESIAN_POINT('',(1.007E-14,-7.755808277989,-9.675123742043));
#6257 = CARTESIAN_POINT('',(1.047E-14,-7.567338225999,-9.770825280753));
#6258 = CARTESIAN_POINT('',(1.041E-14,-7.36646576588,-9.845045218446));
#6259 = ADVANCED_FACE('',(#6260),#6270,.F.);
#6260 = FACE_BOUND('',#6261,.F.);
#6261 = EDGE_LOOP('',(#6262,#6263,#6264));
#6262 = ORIENTED_EDGE('',*,*,#5851,.T.);
#6263 = ORIENTED_EDGE('',*,*,#6168,.T.);
#6264 = ORIENTED_EDGE('',*,*,#6265,.T.);
#6265 = EDGE_CURVE('',#6160,#5852,#6266,.T.);
#6266 = LINE('',#6267,#6268);
#6267 = CARTESIAN_POINT('',(6.73E-15,-9.464101615138,-8.633974596216));
#6268 = VECTOR('',#6269,1.);
#6269 = DIRECTION('',(6.7E-16,0.866025403784,-0.5));
#6270 = PLANE('',#6271);
#6271 = AXIS2_PLACEMENT_3D('',#6272,#6273,#6274);
#6272 = CARTESIAN_POINT('',(1.793E-14,-6.5,-7.5));
#6273 = DIRECTION('',(1.,-5.6E-16,-4.4E-16));
#6274 = DIRECTION('',(4.4E-16,-7.8E-16,1.));
#6275 = ADVANCED_FACE('',(#6276),#6282,.T.);
#6276 = FACE_BOUND('',#6277,.F.);
#6277 = EDGE_LOOP('',(#6278,#6279,#6280,#6281));
#6278 = ORIENTED_EDGE('',*,*,#6159,.T.);
#6279 = ORIENTED_EDGE('',*,*,#5932,.T.);
#6280 = ORIENTED_EDGE('',*,*,#6229,.F.);
#6281 = ORIENTED_EDGE('',*,*,#6265,.F.);
#6282 = CYLINDRICAL_SURFACE('',#6283,1.);
#6283 = AXIS2_PLACEMENT_3D('',#6284,#6285,#6286);
#6284 = CARTESIAN_POINT('',(1.,-9.464101615138,-8.633974596216));
#6285 = DIRECTION('',(6.7E-16,0.866025403784,-0.5));
#6286 = DIRECTION('',(-1.,4.330127018921E-18,-1.3325E-15));
#6287 = ADVANCED_FACE('',(#6288),#6294,.T.);
#6288 = FACE_BOUND('',#6289,.F.);
#6289 = EDGE_LOOP('',(#6290,#6291,#6292,#6293));
#6290 = ORIENTED_EDGE('',*,*,#6237,.T.);
#6291 = ORIENTED_EDGE('',*,*,#5914,.T.);
#6292 = ORIENTED_EDGE('',*,*,#5964,.F.);
#6293 = ORIENTED_EDGE('',*,*,#6194,.F.);
#6294 = CYLINDRICAL_SURFACE('',#6295,1.);
#6295 = AXIS2_PLACEMENT_3D('',#6296,#6297,#6298);
#6296 = CARTESIAN_POINT('',(1.,-9.464101615138,-8.633974596216));
#6297 = DIRECTION('',(6.7E-16,0.866025403784,-0.5));
#6298 = DIRECTION('',(-1.,4.330127018921E-18,-1.3325E-15));
#6299 = ADVANCED_FACE('',(#6300,#6303),#6314,.T.);
#6300 = FACE_BOUND('',#6301,.T.);
#6301 = EDGE_LOOP('',(#6302));
#6302 = ORIENTED_EDGE('',*,*,#6091,.T.);
#6303 = FACE_BOUND('',#6304,.T.);
#6304 = EDGE_LOOP('',(#6305));
#6305 = ORIENTED_EDGE('',*,*,#6306,.F.);
#6306 = EDGE_CURVE('',#6307,#6307,#6309,.T.);
#6307 = VERTEX_POINT('',#6308);
#6308 = CARTESIAN_POINT('',(5.1,-5.5,-7.5));
#6309 = CIRCLE('',#6310,1.);
#6310 = AXIS2_PLACEMENT_3D('',#6311,#6312,#6313);
#6311 = CARTESIAN_POINT('',(5.1,-6.5,-7.5));
#6312 = DIRECTION('',(1.,2.2E-16,3.3E-16));
#6313 = DIRECTION('',(-2.2E-16,1.,-3.3E-16));
#6314 = PLANE('',#6315);
#6315 = AXIS2_PLACEMENT_3D('',#6316,#6317,#6318);
#6316 = CARTESIAN_POINT('',(5.1,-6.5,-7.5));
#6317 = DIRECTION('',(1.,-4.4E-16,-3.3E-16));
#6318 = DIRECTION('',(3.3E-16,-5.6E-16,1.));
#6319 = ADVANCED_FACE('',(#6320),#6331,.F.);
#6320 = FACE_BOUND('',#6321,.F.);
#6321 = EDGE_LOOP('',(#6322,#6323,#6329,#6330));
#6322 = ORIENTED_EDGE('',*,*,#6306,.F.);
#6323 = ORIENTED_EDGE('',*,*,#6324,.T.);
#6324 = EDGE_CURVE('',#6307,#6213,#6325,.T.);
#6325 = LINE('',#6326,#6327);
#6326 = CARTESIAN_POINT('',(5.1,-5.5,-7.5));
#6327 = VECTOR('',#6328,1.);
#6328 = DIRECTION('',(-1.,2.2E-16,-1.1E-16));
#6329 = ORIENTED_EDGE('',*,*,#6212,.T.);
#6330 = ORIENTED_EDGE('',*,*,#6324,.F.);
#6331 = CYLINDRICAL_SURFACE('',#6332,1.);
#6332 = AXIS2_PLACEMENT_3D('',#6333,#6334,#6335);
#6333 = CARTESIAN_POINT('',(5.1,-6.5,-7.5));
#6334 = DIRECTION('',(1.,0.,3.3E-16));
#6335 = DIRECTION('',(1.089E-31,1.,-3.3E-16));
#6336 = ( GEOMETRIC_REPRESENTATION_CONTEXT(3) 
GLOBAL_UNCERTAINTY_ASSIGNED_CONTEXT((#6340)) 
GLOBAL_UNIT_ASSIGNED_CONTEXT((#6337,#6338,#6339)) REPRESENTATION_CONTEXT
('Context #1','3D Context with UNIT and UNCERTAINTY') );
#6337 = ( LENGTH_UNIT() NAMED_UNIT(*) SI_UNIT(.MILLI.,.METRE.) );
#6338 = ( NAMED_UNIT(*) PLANE_ANGLE_UNIT() SI_UNIT($,.RADIAN.) );
#6339 = ( NAMED_UNIT(*) SI_UNIT($,.STERADIAN.) SOLID_ANGLE_UNIT() );
#6340 = UNCERTAINTY_MEASURE_WITH_UNIT(LENGTH_MEASURE(2.E-05),#6337,
  'distance_accuracy_value','confusion accuracy');
#6341 = CONTEXT_DEPENDENT_SHAPE_REPRESENTATION(#6342,#6344);
#6342 = ( REPRESENTATION_RELATIONSHIP('','',#5074,#10) 
REPRESENTATION_RELATIONSHIP_WITH_TRANSFORMATION(#6343) 
SHAPE_REPRESENTATION_RELATIONSHIP() );
#6343 = ITEM_DEFINED_TRANSFORMATION('','',#11,#35);
#6344 = PRODUCT_DEFINITION_SHAPE('Placement','Placement of an item',
  #6345);
#6345 = NEXT_ASSEMBLY_USAGE_OCCURRENCE('6','connecteur002','',#5,#5069,$
  );
#6346 = PRODUCT_RELATED_PRODUCT_CATEGORY('part',$,(#5071));
#6347 = MECHANICAL_DESIGN_GEOMETRIC_PRESENTATION_REPRESENTATION('',(
    #6348),#5056);
#6348 = STYLED_ITEM('color',(#6349),#3795);
#6349 = PRESENTATION_STYLE_ASSIGNMENT((#6350,#6356));
#6350 = SURFACE_STYLE_USAGE(.BOTH.,#6351);
#6351 = SURFACE_SIDE_STYLE('',(#6352));
#6352 = SURFACE_STYLE_FILL_AREA(#6353);
#6353 = FILL_AREA_STYLE('',(#6354));
#6354 = FILL_AREA_STYLE_COLOUR('',#6355);
#6355 = COLOUR_RGB('',0.917647049334,0.917647049334,0.917647049334);
#6356 = CURVE_STYLE('',#6357,POSITIVE_LENGTH_MEASURE(0.1),#6358);
#6357 = DRAUGHTING_PRE_DEFINED_CURVE_FONT('continuous');
#6358 = COLOUR_RGB('',9.803921802644E-02,9.803921802644E-02,
  9.803921802644E-02);
#6359 = MECHANICAL_DESIGN_GEOMETRIC_PRESENTATION_REPRESENTATION('',(
    #6360),#6336);
#6360 = STYLED_ITEM('color',(#6361),#5075);
#6361 = PRESENTATION_STYLE_ASSIGNMENT((#6362,#6367));
#6362 = SURFACE_STYLE_USAGE(.BOTH.,#6363);
#6363 = SURFACE_SIDE_STYLE('',(#6364));
#6364 = SURFACE_STYLE_FILL_AREA(#6365);
#6365 = FILL_AREA_STYLE('',(#6366));
#6366 = FILL_AREA_STYLE_COLOUR('',#6355);
#6367 = CURVE_STYLE('',#6368,POSITIVE_LENGTH_MEASURE(0.1),#6358);
#6368 = DRAUGHTING_PRE_DEFINED_CURVE_FONT('continuous');
#6369 = MECHANICAL_DESIGN_GEOMETRIC_PRESENTATION_REPRESENTATION('',(
    #6370),#3139);
#6370 = STYLED_ITEM('color',(#6371),#2862);
#6371 = PRESENTATION_STYLE_ASSIGNMENT((#6372,#6377));
#6372 = SURFACE_STYLE_USAGE(.BOTH.,#6373);
#6373 = SURFACE_SIDE_STYLE('',(#6374));
#6374 = SURFACE_STYLE_FILL_AREA(#6375);
#6375 = FILL_AREA_STYLE('',(#6376));
#6376 = FILL_AREA_STYLE_COLOUR('',#6355);
#6377 = CURVE_STYLE('',#6378,POSITIVE_LENGTH_MEASURE(0.1),#6358);
#6378 = DRAUGHTING_PRE_DEFINED_CURVE_FONT('continuous');
#6379 = MECHANICAL_DESIGN_GEOMETRIC_PRESENTATION_REPRESENTATION('',(
    #6380),#3776);
#6380 = STYLED_ITEM('color',(#6381),#3158);
#6381 = PRESENTATION_STYLE_ASSIGNMENT((#6382,#6388));
#6382 = SURFACE_STYLE_USAGE(.BOTH.,#6383);
#6383 = SURFACE_SIDE_STYLE('',(#6384));
#6384 = SURFACE_STYLE_FILL_AREA(#6385);
#6385 = FILL_AREA_STYLE('',(#6386));
#6386 = FILL_AREA_STYLE_COLOUR('',#6387);
#6387 = COLOUR_RGB('',0.588235317929,0.650980421574,0.423529408994);
#6388 = CURVE_STYLE('',#6389,POSITIVE_LENGTH_MEASURE(0.1),#6358);
#6389 = DRAUGHTING_PRE_DEFINED_CURVE_FONT('continuous');
#6390 = MECHANICAL_DESIGN_GEOMETRIC_PRESENTATION_REPRESENTATION('',(
    #6391),#2843);
#6391 = STYLED_ITEM('color',(#6392),#2566);
#6392 = PRESENTATION_STYLE_ASSIGNMENT((#6393,#6398));
#6393 = SURFACE_STYLE_USAGE(.BOTH.,#6394);
#6394 = SURFACE_SIDE_STYLE('',(#6395));
#6395 = SURFACE_STYLE_FILL_AREA(#6396);
#6396 = FILL_AREA_STYLE('',(#6397));
#6397 = FILL_AREA_STYLE_COLOUR('',#6355);
#6398 = CURVE_STYLE('',#6399,POSITIVE_LENGTH_MEASURE(0.1),#6358);
#6399 = DRAUGHTING_PRE_DEFINED_CURVE_FONT('continuous');
#6400 = MECHANICAL_DESIGN_GEOMETRIC_PRESENTATION_REPRESENTATION('',(
    #6401),#2547);
#6401 = STYLED_ITEM('color',(#6402),#53);
#6402 = PRESENTATION_STYLE_ASSIGNMENT((#6403,#6409));
#6403 = SURFACE_STYLE_USAGE(.BOTH.,#6404);
#6404 = SURFACE_SIDE_STYLE('',(#6405));
#6405 = SURFACE_STYLE_FILL_AREA(#6406);
#6406 = FILL_AREA_STYLE('',(#6407));
#6407 = FILL_AREA_STYLE_COLOUR('',#6408);
#6408 = COLOUR_RGB('',0.192156865571,7.058823929811E-02,0.137254909518);
#6409 = CURVE_STYLE('',#6410,POSITIVE_LENGTH_MEASURE(0.1),#6358);
#6410 = DRAUGHTING_PRE_DEFINED_CURVE_FONT('continuous');
ENDSEC;
END-ISO-10303-21;
